[  5%] Built target judas_app_icon
[ 20%] Built target freetype
[ 25%] Built target judas_icu_build
[ 30%] Built target judas_quickjs
[ 35%] Built target judas_navigation_backend
[ 35%] Built target judas_glad
[ 40%] Built target judas_profiler
[ 45%] Built target judas_audio_backend
[ 45%] Built target harfbuzz
[ 45%] Built target judas_materials
[100%] Built target judas_engine
[100%] Building CXX object CMakeFiles/judas_world_authoring.dir/src/authoring/TerrainAuthoring.cpp.o
[100%] Linking CXX static library libjudas_world_authoring.a
[100%] Built target judas_world_authoring
[100%] Building CXX object CMakeFiles/judas_terrain_authoring_tests.dir/tests/TerrainAuthoringTests.cpp.o
/home/conner/Documents/GitHub/Project-Judas/tests/TerrainAuthoringTests.cpp: In function ‘int main(int, char**)’:
/home/conner/Documents/GitHub/Project-Judas/tests/TerrainAuthoringTests.cpp:37:50: error: no match for ‘operator*’ (operand types are ‘glm::vec<3, float, glm::packed_highp>’ and ‘int’)
   37 |   auto sphere=p.SphereCast(worldPoint+worldNormal*5,.3f,-worldNormal,10);Check(sphere.hit&&std::abs(sphere.distance-4.7f)<.003&&glm::length(sphere.normal-worldNormal)<.003,"sphere cast uses edited physical surface");
      |                                       ~~~~~~~~~~~^~
      |                                       |           |
      |                                       |           int
      |                                       glm::vec<3, float, glm::packed_highp>
/home/conner/Documents/GitHub/Project-Judas/tests/TerrainAuthoringTests.cpp:37:50: note: there are 88 candidates
   37 |   auto sphere=p.SphereCast(worldPoint+worldNormal*5,.3f,-worldNormal,10);Check(sphere.hit&&std::abs(sphere.distance-4.7f)<.003&&glm::length(sphere.normal-worldNormal)<.003,"sphere cast uses edited physical surface");
      |                                       ~~~~~~~~~~~^~
In file included from /usr/include/glm/detail/type_vec2.hpp:401,
                 from /usr/include/glm/ext/vector_bool2.hpp:5,
                 from /usr/include/glm/vec2.hpp:5,
                 from /usr/include/glm/glm.hpp:117,
                 from /home/conner/Documents/GitHub/Project-Judas/src/MeshData.h:8,
                 from /home/conner/Documents/GitHub/Project-Judas/src/authoring/TerrainAuthoring.h:2,
                 from /home/conner/Documents/GitHub/Project-Judas/tests/TerrainAuthoringTests.cpp:1:
/usr/include/glm/detail/type_vec2.inl:559:55: note: candidate 1: ‘template<class T, glm::qualifier Q> constexpr glm::vec<2, T, Q> glm::operator*(const vec<2, T, Q>&, T)’
  559 |         GLM_FUNC_QUALIFIER GLM_CONSTEXPR vec<2, T, Q> operator*(vec<2, T, Q> const& v, T scalar)
      |                                                       ^~~~~~~~
/usr/include/glm/detail/type_vec2.inl:559:55: note: template argument deduction/substitution failed:
/home/conner/Documents/GitHub/Project-Judas/tests/TerrainAuthoringTests.cpp:37:51: note:   template argument ‘3’ does not match ‘2’
   37 |   auto sphere=p.SphereCast(worldPoint+worldNormal*5,.3f,-worldNormal,10);Check(sphere.hit&&std::abs(sphere.distance-4.7f)<.003&&glm::length(sphere.normal-worldNormal)<.003,"sphere cast uses edited physical surface");
      |                                                   ^
/usr/include/glm/detail/type_vec2.inl:567:55: note: candidate 2: ‘template<class T, glm::qualifier Q> constexpr glm::vec<2, T, Q> glm::operator*(const vec<2, T, Q>&, const vec<1, T, Q>&)’
  567 |         GLM_FUNC_QUALIFIER GLM_CONSTEXPR vec<2, T, Q> operator*(vec<2, T, Q> const& v1, vec<1, T, Q> const& v2)
      |                                                       ^~~~~~~~
/usr/include/glm/detail/type_vec2.inl:567:55: note: template argument deduction/substitution failed:
/home/conner/Documents/GitHub/Project-Judas/tests/TerrainAuthoringTests.cpp:37:51: note:   template argument ‘3’ does not match ‘2’
   37 |   auto sphere=p.SphereCast(worldPoint+worldNormal*5,.3f,-worldNormal,10);Check(sphere.hit&&std::abs(sphere.distance-4.7f)<.003&&glm::length(sphere.normal-worldNormal)<.003,"sphere cast uses edited physical surface");
      |                                                   ^
/usr/include/glm/detail/type_vec2.inl:575:55: note: candidate 3: ‘template<class T, glm::qualifier Q> constexpr glm::vec<2, T, Q> glm::operator*(T, const vec<2, T, Q>&)’
  575 |         GLM_FUNC_QUALIFIER GLM_CONSTEXPR vec<2, T, Q> operator*(T scalar, vec<2, T, Q> const& v)
      |                                                       ^~~~~~~~
/usr/include/glm/detail/type_vec2.inl:575:55: note: template argument deduction/substitution failed:
/home/conner/Documents/GitHub/Project-Judas/tests/TerrainAuthoringTests.cpp:37:51: note:   mismatched types ‘const glm::vec<2, T, Q>’ and ‘int’
   37 |   auto sphere=p.SphereCast(worldPoint+worldNormal*5,.3f,-worldNormal,10);Check(sphere.hit&&std::abs(sphere.distance-4.7f)<.003&&glm::length(sphere.normal-worldNormal)<.003,"sphere cast uses edited physical surface");
      |                                                   ^
/usr/include/glm/detail/type_vec2.inl:583:55: note: candidate 4: ‘template<class T, glm::qualifier Q> constexpr glm::vec<2, T, Q> glm::operator*(const vec<1, T, Q>&, const vec<2, T, Q>&)’
  583 |         GLM_FUNC_QUALIFIER GLM_CONSTEXPR vec<2, T, Q> operator*(vec<1, T, Q> const& v1, vec<2, T, Q> const& v2)
      |                                                       ^~~~~~~~
/usr/include/glm/detail/type_vec2.inl:583:55: note: template argument deduction/substitution failed:
/home/conner/Documents/GitHub/Project-Judas/tests/TerrainAuthoringTests.cpp:37:51: note:   template argument ‘3’ does not match ‘1’
   37 |   auto sphere=p.SphereCast(worldPoint+worldNormal*5,.3f,-worldNormal,10);Check(sphere.hit&&std::abs(sphere.distance-4.7f)<.003&&glm::length(sphere.normal-worldNormal)<.003,"sphere cast uses edited physical surface");
      |                                                   ^
/usr/include/glm/detail/type_vec2.inl:591:55: note: candidate 5: ‘template<class T, glm::qualifier Q> constexpr glm::vec<2, T, Q> glm::operator*(const vec<2, T, Q>&, const vec<2, T, Q>&)’
  591 |         GLM_FUNC_QUALIFIER GLM_CONSTEXPR vec<2, T, Q> operator*(vec<2, T, Q> const& v1, vec<2, T, Q> const& v2)
      |                                                       ^~~~~~~~
/usr/include/glm/detail/type_vec2.inl:591:55: note: template argument deduction/substitution failed:
/home/conner/Documents/GitHub/Project-Judas/tests/TerrainAuthoringTests.cpp:37:51: note:   template argument ‘3’ does not match ‘2’
   37 |   auto sphere=p.SphereCast(worldPoint+worldNormal*5,.3f,-worldNormal,10);Check(sphere.hit&&std::abs(sphere.distance-4.7f)<.003&&glm::length(sphere.normal-worldNormal)<.003,"sphere cast uses edited physical surface");
      |                                                   ^
In file included from /usr/include/glm/detail/type_vec3.hpp:435,
                 from /usr/include/glm/ext/vector_bool3.hpp:5,
                 from /usr/include/glm/vec3.hpp:5,
                 from /usr/include/glm/glm.hpp:118:
/usr/include/glm/detail/type_vec3.inl:672:55: note: candidate 6: ‘template<class T, glm::qualifier Q> constexpr glm::vec<3, T, Q> glm::operator*(const vec<3, T, Q>&, T)’
  672 |         GLM_FUNC_QUALIFIER GLM_CONSTEXPR vec<3, T, Q> operator*(vec<3, T, Q> const& v, T scalar)
      |                                                       ^~~~~~~~
/usr/include/glm/detail/type_vec3.inl:672:55: note: template argument deduction/substitution failed:
/home/conner/Documents/GitHub/Project-Judas/tests/TerrainAuthoringTests.cpp:37:51: note:   deduced conflicting types for parameter ‘T’ (‘float’ and ‘int’)
   37 |   auto sphere=p.SphereCast(worldPoint+worldNormal*5,.3f,-worldNormal,10);Check(sphere.hit&&std::abs(sphere.distance-4.7f)<.003&&glm::length(sphere.normal-worldNormal)<.003,"sphere cast uses edited physical surface");
      |                                                   ^
/usr/include/glm/detail/type_vec3.inl:681:55: note: candidate 7: ‘template<class T, glm::qualifier Q> constexpr glm::vec<3, T, Q> glm::operator*(const vec<3, T, Q>&, const vec<1, T, Q>&)’
  681 |         GLM_FUNC_QUALIFIER GLM_CONSTEXPR vec<3, T, Q> operator*(vec<3, T, Q> const& v, vec<1, T, Q> const& scalar)
      |                                                       ^~~~~~~~
/usr/include/glm/detail/type_vec3.inl:681:55: note: template argument deduction/substitution failed:
/home/conner/Documents/GitHub/Project-Judas/tests/TerrainAuthoringTests.cpp:37:51: note:   mismatched types ‘const glm::vec<1, T, Q>’ and ‘int’
   37 |   auto sphere=p.SphereCast(worldPoint+worldNormal*5,.3f,-worldNormal,10);Check(sphere.hit&&std::abs(sphere.distance-4.7f)<.003&&glm::length(sphere.normal-worldNormal)<.003,"sphere cast uses edited physical surface");
      |                                                   ^
/usr/include/glm/detail/type_vec3.inl:690:55: note: candidate 8: ‘template<class T, glm::qualifier Q> constexpr glm::vec<3, T, Q> glm::operator*(T, const vec<3, T, Q>&)’
  690 |         GLM_FUNC_QUALIFIER GLM_CONSTEXPR vec<3, T, Q> operator*(T scalar, vec<3, T, Q> const& v)
      |                                                       ^~~~~~~~
/usr/include/glm/detail/type_vec3.inl:690:55: note: template argument deduction/substitution failed:
/home/conner/Documents/GitHub/Project-Judas/tests/TerrainAuthoringTests.cpp:37:51: note:   mismatched types ‘const glm::vec<3, T, Q>’ and ‘int’
   37 |   auto sphere=p.SphereCast(worldPoint+worldNormal*5,.3f,-worldNormal,10);Check(sphere.hit&&std::abs(sphere.distance-4.7f)<.003&&glm::length(sphere.normal-worldNormal)<.003,"sphere cast uses edited physical surface");
      |                                                   ^
/usr/include/glm/detail/type_vec3.inl:699:55: note: candidate 9: ‘template<class T, glm::qualifier Q> constexpr glm::vec<3, T, Q> glm::operator*(const vec<1, T, Q>&, const vec<3, T, Q>&)’
  699 |         GLM_FUNC_QUALIFIER GLM_CONSTEXPR vec<3, T, Q> operator*(vec<1, T, Q> const& scalar, vec<3, T, Q> const& v)
      |                                                       ^~~~~~~~
/usr/include/glm/detail/type_vec3.inl:699:55: note: template argument deduction/substitution failed:
/home/conner/Documents/GitHub/Project-Judas/tests/TerrainAuthoringTests.cpp:37:51: note:   template argument ‘3’ does not match ‘1’
   37 |   auto sphere=p.SphereCast(worldPoint+worldNormal*5,.3f,-worldNormal,10);Check(sphere.hit&&std::abs(sphere.distance-4.7f)<.003&&glm::length(sphere.normal-worldNormal)<.003,"sphere cast uses edited physical surface");
      |                                                   ^
/usr/include/glm/detail/type_vec3.inl:708:55: note: candidate 10: ‘template<class T, glm::qualifier Q> constexpr glm::vec<3, T, Q> glm::operator*(const vec<3, T, Q>&, const vec<3, T, Q>&)’
  708 |         GLM_FUNC_QUALIFIER GLM_CONSTEXPR vec<3, T, Q> operator*(vec<3, T, Q> const& v1, vec<3, T, Q> const& v2)
      |                                                       ^~~~~~~~
/usr/include/glm/detail/type_vec3.inl:708:55: note: template argument deduction/substitution failed:
/home/conner/Documents/GitHub/Project-Judas/tests/TerrainAuthoringTests.cpp:37:51: note:   mismatched types ‘const glm::vec<3, T, Q>’ and ‘int’
   37 |   auto sphere=p.SphereCast(worldPoint+worldNormal*5,.3f,-worldNormal,10);Check(sphere.hit&&std::abs(sphere.distance-4.7f)<.003&&glm::length(sphere.normal-worldNormal)<.003,"sphere cast uses edited physical surface");
      |                                                   ^
In file included from /usr/include/glm/detail/type_vec4.hpp:507,
                 from /usr/include/glm/ext/vector_bool4.hpp:5,
                 from /usr/include/glm/vec4.hpp:5,
                 from /usr/include/glm/glm.hpp:119:
/usr/include/glm/detail/type_vec4.inl:866:55: note: candidate 11: ‘template<class T, glm::qualifier Q> constexpr glm::vec<4, T, Q> glm::operator*(const vec<4, T, Q>&, T)’
  866 |         GLM_FUNC_QUALIFIER GLM_CONSTEXPR vec<4, T, Q> operator*(vec<4, T, Q> const& v, T scalar)
      |                                                       ^~~~~~~~
/usr/include/glm/detail/type_vec4.inl:866:55: note: template argument deduction/substitution failed:
/home/conner/Documents/GitHub/Project-Judas/tests/TerrainAuthoringTests.cpp:37:51: note:   template argument ‘3’ does not match ‘4’
   37 |   auto sphere=p.SphereCast(worldPoint+worldNormal*5,.3f,-worldNormal,10);Check(sphere.hit&&std::abs(sphere.distance-4.7f)<.003&&glm::length(sphere.normal-worldNormal)<.003,"sphere cast uses edited physical surface");
      |                                                   ^
/usr/include/glm/detail/type_vec4.inl:872:55: note: candidate 12: ‘template<class T, glm::qualifier Q> constexpr glm::vec<4, T, Q> glm::operator*(const vec<4, T, Q>&, const vec<1, T, Q>&)’
  872 |         GLM_FUNC_QUALIFIER GLM_CONSTEXPR vec<4, T, Q> operator*(vec<4, T, Q> const& v1, vec<1, T, Q> const& v2)
      |                                                       ^~~~~~~~
/usr/include/glm/detail/type_vec4.inl:872:55: note: template argument deduction/substitution failed:
/home/conner/Documents/GitHub/Project-Judas/tests/TerrainAuthoringTests.cpp:37:51: note:   template argument ‘3’ does not match ‘4’
   37 |   auto sphere=p.SphereCast(worldPoint+worldNormal*5,.3f,-worldNormal,10);Check(sphere.hit&&std::abs(sphere.distance-4.7f)<.003&&glm::length(sphere.normal-worldNormal)<.003,"sphere cast uses edited physical surface");
      |                                                   ^
/usr/include/glm/detail/type_vec4.inl:878:55: note: candidate 13: ‘template<class T, glm::qualifier Q> constexpr glm::vec<4, T, Q> glm::operator*(T, const vec<4, T, Q>&)’
  878 |         GLM_FUNC_QUALIFIER GLM_CONSTEXPR vec<4, T, Q> operator*(T scalar, vec<4, T, Q> const& v)
      |                                                       ^~~~~~~~
/usr/include/glm/detail/type_vec4.inl:878:55: note: template argument deduction/substitution failed:
/home/conner/Documents/GitHub/Project-Judas/tests/TerrainAuthoringTests.cpp:37:51: note:   mismatched types ‘const glm::vec<4, T, Q>’ and ‘int’
   37 |   auto sphere=p.SphereCast(worldPoint+worldNormal*5,.3f,-worldNormal,10);Check(sphere.hit&&std::abs(sphere.distance-4.7f)<.003&&glm::length(sphere.normal-worldNormal)<.003,"sphere cast uses edited physical surface");
      |                                                   ^
/usr/include/glm/detail/type_vec4.inl:884:55: note: candidate 14: ‘template<class T, glm::qualifier Q> constexpr glm::vec<4, T, Q> glm::operator*(const vec<1, T, Q>&, const vec<4, T, Q>&)’
  884 |         GLM_FUNC_QUALIFIER GLM_CONSTEXPR vec<4, T, Q> operator*(vec<1, T, Q> const& v1, vec<4, T, Q> const& v2)
      |                                                       ^~~~~~~~
/usr/include/glm/detail/type_vec4.inl:884:55: note: template argument deduction/substitution failed:
/home/conner/Documents/GitHub/Project-Judas/tests/TerrainAuthoringTests.cpp:37:51: note:   template argument ‘3’ does not match ‘1’
   37 |   auto sphere=p.SphereCast(worldPoint+worldNormal*5,.3f,-worldNormal,10);Check(sphere.hit&&std::abs(sphere.distance-4.7f)<.003&&glm::length(sphere.normal-worldNormal)<.003,"sphere cast uses edited physical surface");
      |                                                   ^
/usr/include/glm/detail/type_vec4.inl:890:55: note: candidate 15: ‘template<class T, glm::qualifier Q> constexpr glm::vec<4, T, Q> glm::operator*(const vec<4, T, Q>&, const vec<4, T, Q>&)’
  890 |         GLM_FUNC_QUALIFIER GLM_CONSTEXPR vec<4, T, Q> operator*(vec<4, T, Q> const& v1, vec<4, T, Q> const& v2)
      |                                                       ^~~~~~~~
/usr/include/glm/detail/type_vec4.inl:890:55: note: template argument deduction/substitution failed:
/home/conner/Documents/GitHub/Project-Judas/tests/TerrainAuthoringTests.cpp:37:51: note:   template argument ‘3’ does not match ‘4’
   37 |   auto sphere=p.SphereCast(worldPoint+worldNormal*5,.3f,-worldNormal,10);Check(sphere.hit&&std::abs(sphere.distance-4.7f)<.003&&glm::length(sphere.normal-worldNormal)<.003,"sphere cast uses edited physical surface");
      |                                                   ^
In file included from /usr/include/glm/detail/type_mat2x2.hpp:176,
                 from /usr/include/glm/ext/matrix_double2x2.hpp:5,
                 from /usr/include/glm/mat2x2.hpp:5,
                 from /usr/include/glm/glm.hpp:120:
/usr/include/glm/detail/type_mat2x2.inl:413:58: note: candidate 16: ‘template<class T, glm::qualifier Q> constexpr glm::mat<2, 2, T, Q> glm::operator*(const mat<2, 2, T, Q>&, T)’
  413 |         GLM_FUNC_QUALIFIER GLM_CONSTEXPR mat<2, 2, T, Q> operator*(mat<2, 2, T, Q> const& m, T scalar)
      |                                                          ^~~~~~~~
/usr/include/glm/detail/type_mat2x2.inl:413:58: note: template argument deduction/substitution failed:
/home/conner/Documents/GitHub/Project-Judas/tests/TerrainAuthoringTests.cpp:37:51: note:   ‘glm::vec<3, float, glm::packed_highp>’ is not derived from ‘const glm::mat<2, 2, T, Q>’
   37 |   auto sphere=p.SphereCast(worldPoint+worldNormal*5,.3f,-worldNormal,10);Check(sphere.hit&&std::abs(sphere.distance-4.7f)<.003&&glm::length(sphere.normal-worldNormal)<.003,"sphere cast uses edited physical surface");
      |                                                   ^
/usr/include/glm/detail/type_mat2x2.inl:421:58: note: candidate 17: ‘template<class T, glm::qualifier Q> constexpr glm::mat<2, 2, T, Q> glm::operator*(T, const mat<2, 2, T, Q>&)’
  421 |         GLM_FUNC_QUALIFIER GLM_CONSTEXPR mat<2, 2, T, Q> operator*(T scalar, mat<2, 2, T, Q> const& m)
      |                                                          ^~~~~~~~
/usr/include/glm/detail/type_mat2x2.inl:421:58: note: template argument deduction/substitution failed:
/home/conner/Documents/GitHub/Project-Judas/tests/TerrainAuthoringTests.cpp:37:51: note:   mismatched types ‘const glm::mat<2, 2, T, Q>’ and ‘int’
   37 |   auto sphere=p.SphereCast(worldPoint+worldNormal*5,.3f,-worldNormal,10);Check(sphere.hit&&std::abs(sphere.distance-4.7f)<.003&&glm::length(sphere.normal-worldNormal)<.003,"sphere cast uses edited physical surface");
      |                                                   ^
/usr/include/glm/detail/type_mat2x2.inl:429:77: note: candidate 18: ‘template<class T, glm::qualifier Q> constexpr typename glm::mat<2, 2, T, Q>::col_type glm::operator*(const mat<2, 2, T, Q>&, const typename mat<2, 2, T, Q>::row_type&)’
  429 |         GLM_FUNC_QUALIFIER GLM_CONSTEXPR typename mat<2, 2, T, Q>::col_type operator*
      |                                                                             ^~~~~~~~
/usr/include/glm/detail/type_mat2x2.inl:429:77: note: template argument deduction/substitution failed:
/home/conner/Documents/GitHub/Project-Judas/tests/TerrainAuthoringTests.cpp:37:51: note:   ‘glm::vec<3, float, glm::packed_highp>’ is not derived from ‘const glm::mat<2, 2, T, Q>’
   37 |   auto sphere=p.SphereCast(worldPoint+worldNormal*5,.3f,-worldNormal,10);Check(sphere.hit&&std::abs(sphere.distance-4.7f)<.003&&glm::length(sphere.normal-worldNormal)<.003,"sphere cast uses edited physical surface");
      |                                                   ^
/usr/include/glm/detail/type_mat2x2.inl:441:77: note: candidate 19: ‘template<class T, glm::qualifier Q> constexpr typename glm::mat<2, 2, T, Q>::row_type glm::operator*(const typename mat<2, 2, T, Q>::col_type&, const mat<2, 2, T, Q>&)’
  441 |         GLM_FUNC_QUALIFIER GLM_CONSTEXPR typename mat<2, 2, T, Q>::row_type operator*
      |                                                                             ^~~~~~~~
/usr/include/glm/detail/type_mat2x2.inl:441:77: note: template argument deduction/substitution failed:
/home/conner/Documents/GitHub/Project-Judas/tests/TerrainAuthoringTests.cpp:37:51: note:   mismatched types ‘const glm::mat<2, 2, T, Q>’ and ‘int’
   37 |   auto sphere=p.SphereCast(worldPoint+worldNormal*5,.3f,-worldNormal,10);Check(sphere.hit&&std::abs(sphere.distance-4.7f)<.003&&glm::length(sphere.normal-worldNormal)<.003,"sphere cast uses edited physical surface");
      |                                                   ^
/usr/include/glm/detail/type_mat2x2.inl:453:58: note: candidate 20: ‘template<class T, glm::qualifier Q> constexpr glm::mat<2, 2, T, Q> glm::operator*(const mat<2, 2, T, Q>&, const mat<2, 2, T, Q>&)’
  453 |         GLM_FUNC_QUALIFIER GLM_CONSTEXPR mat<2, 2, T, Q> operator*(mat<2, 2, T, Q> const& m1, mat<2, 2, T, Q> const& m2)
      |                                                          ^~~~~~~~
/usr/include/glm/detail/type_mat2x2.inl:453:58: note: template argument deduction/substitution failed:
/home/conner/Documents/GitHub/Project-Judas/tests/TerrainAuthoringTests.cpp:37:51: note:   ‘glm::vec<3, float, glm::packed_highp>’ is not derived from ‘const glm::mat<2, 2, T, Q>’
   37 |   auto sphere=p.SphereCast(worldPoint+worldNormal*5,.3f,-worldNormal,10);Check(sphere.hit&&std::abs(sphere.distance-4.7f)<.003&&glm::length(sphere.normal-worldNormal)<.003,"sphere cast uses edited physical surface");
      |                                                   ^
/usr/include/glm/detail/type_mat2x2.inl:463:58: note: candidate 21: ‘template<class T, glm::qualifier Q> constexpr glm::mat<3, 2, T, Q> glm::operator*(const mat<2, 2, T, Q>&, const mat<3, 2, T, Q>&)’
  463 |         GLM_FUNC_QUALIFIER GLM_CONSTEXPR mat<3, 2, T, Q> operator*(mat<2, 2, T, Q> const& m1, mat<3, 2, T, Q> const& m2)
      |                                                          ^~~~~~~~
/usr/include/glm/detail/type_mat2x2.inl:463:58: note: template argument deduction/substitution failed:
/home/conner/Documents/GitHub/Project-Judas/tests/TerrainAuthoringTests.cpp:37:51: note:   ‘glm::vec<3, float, glm::packed_highp>’ is not derived from ‘const glm::mat<2, 2, T, Q>’
   37 |   auto sphere=p.SphereCast(worldPoint+worldNormal*5,.3f,-worldNormal,10);Check(sphere.hit&&std::abs(sphere.distance-4.7f)<.003&&glm::length(sphere.normal-worldNormal)<.003,"sphere cast uses edited physical surface");
      |                                                   ^
/usr/include/glm/detail/type_mat2x2.inl:475:58: note: candidate 22: ‘template<class T, glm::qualifier Q> constexpr glm::mat<4, 2, T, Q> glm::operator*(const mat<2, 2, T, Q>&, const mat<4, 2, T, Q>&)’
  475 |         GLM_FUNC_QUALIFIER GLM_CONSTEXPR mat<4, 2, T, Q> operator*(mat<2, 2, T, Q> const& m1, mat<4, 2, T, Q> const& m2)
      |                                                          ^~~~~~~~
/usr/include/glm/detail/type_mat2x2.inl:475:58: note: template argument deduction/substitution failed:
/home/conner/Documents/GitHub/Project-Judas/tests/TerrainAuthoringTests.cpp:37:51: note:   ‘glm::vec<3, float, glm::packed_highp>’ is not derived from ‘const glm::mat<2, 2, T, Q>’
   37 |   auto sphere=p.SphereCast(worldPoint+worldNormal*5,.3f,-worldNormal,10);Check(sphere.hit&&std::abs(sphere.distance-4.7f)<.003&&glm::length(sphere.normal-worldNormal)<.003,"sphere cast uses edited physical surface");
      |                                                   ^
In file included from /usr/include/glm/detail/type_mat2x3.hpp:158,
                 from /usr/include/glm/ext/matrix_double2x3.hpp:5,
                 from /usr/include/glm/mat2x3.hpp:5,
                 from /usr/include/glm/matrix.hpp:22,
                 from /usr/include/glm/detail/type_mat2x2.inl:1:
/usr/include/glm/detail/type_mat2x3.inl:383:58: note: candidate 23: ‘template<class T, glm::qualifier Q> constexpr glm::mat<2, 3, T, Q> glm::operator*(const mat<2, 3, T, Q>&, T)’
  383 |         GLM_FUNC_QUALIFIER GLM_CONSTEXPR mat<2, 3, T, Q> operator*(mat<2, 3, T, Q> const& m, T scalar)
      |                                                          ^~~~~~~~
/usr/include/glm/detail/type_mat2x3.inl:383:58: note: template argument deduction/substitution failed:
/home/conner/Documents/GitHub/Project-Judas/tests/TerrainAuthoringTests.cpp:37:51: note:   ‘glm::vec<3, float, glm::packed_highp>’ is not derived from ‘const glm::mat<2, 3, T, Q>’
   37 |   auto sphere=p.SphereCast(worldPoint+worldNormal*5,.3f,-worldNormal,10);Check(sphere.hit&&std::abs(sphere.distance-4.7f)<.003&&glm::length(sphere.normal-worldNormal)<.003,"sphere cast uses edited physical surface");
      |                                                   ^
/usr/include/glm/detail/type_mat2x3.inl:391:58: note: candidate 24: ‘template<class T, glm::qualifier Q> constexpr glm::mat<2, 3, T, Q> glm::operator*(T, const mat<2, 3, T, Q>&)’
  391 |         GLM_FUNC_QUALIFIER GLM_CONSTEXPR mat<2, 3, T, Q> operator*(T scalar, mat<2, 3, T, Q> const& m)
      |                                                          ^~~~~~~~
/usr/include/glm/detail/type_mat2x3.inl:391:58: note: template argument deduction/substitution failed:
/home/conner/Documents/GitHub/Project-Judas/tests/TerrainAuthoringTests.cpp:37:51: note:   mismatched types ‘const glm::mat<2, 3, T, Q>’ and ‘int’
   37 |   auto sphere=p.SphereCast(worldPoint+worldNormal*5,.3f,-worldNormal,10);Check(sphere.hit&&std::abs(sphere.distance-4.7f)<.003&&glm::length(sphere.normal-worldNormal)<.003,"sphere cast uses edited physical surface");
      |                                                   ^
/usr/include/glm/detail/type_mat2x3.inl:399:77: note: candidate 25: ‘template<class T, glm::qualifier Q> constexpr typename glm::mat<2, 3, T, Q>::col_type glm::operator*(const mat<2, 3, T, Q>&, const typename mat<2, 3, T, Q>::row_type&)’
  399 |         GLM_FUNC_QUALIFIER GLM_CONSTEXPR typename mat<2, 3, T, Q>::col_type operator*
      |                                                                             ^~~~~~~~
/usr/include/glm/detail/type_mat2x3.inl:399:77: note: template argument deduction/substitution failed:
/home/conner/Documents/GitHub/Project-Judas/tests/TerrainAuthoringTests.cpp:37:51: note:   ‘glm::vec<3, float, glm::packed_highp>’ is not derived from ‘const glm::mat<2, 3, T, Q>’
   37 |   auto sphere=p.SphereCast(worldPoint+worldNormal*5,.3f,-worldNormal,10);Check(sphere.hit&&std::abs(sphere.distance-4.7f)<.003&&glm::length(sphere.normal-worldNormal)<.003,"sphere cast uses edited physical surface");
      |                                                   ^
/usr/include/glm/detail/type_mat2x3.inl:411:77: note: candidate 26: ‘template<class T, glm::qualifier Q> constexpr typename glm::mat<2, 3, T, Q>::row_type glm::operator*(const typename mat<2, 3, T, Q>::col_type&, const mat<2, 3, T, Q>&)’
  411 |         GLM_FUNC_QUALIFIER GLM_CONSTEXPR typename mat<2, 3, T, Q>::row_type operator*
      |                                                                             ^~~~~~~~
/usr/include/glm/detail/type_mat2x3.inl:411:77: note: template argument deduction/substitution failed:
/home/conner/Documents/GitHub/Project-Judas/tests/TerrainAuthoringTests.cpp:37:51: note:   mismatched types ‘const glm::mat<2, 3, T, Q>’ and ‘int’
   37 |   auto sphere=p.SphereCast(worldPoint+worldNormal*5,.3f,-worldNormal,10);Check(sphere.hit&&std::abs(sphere.distance-4.7f)<.003&&glm::length(sphere.normal-worldNormal)<.003,"sphere cast uses edited physical surface");
      |                                                   ^
/usr/include/glm/detail/type_mat2x3.inl:422:58: note: candidate 27: ‘template<class T, glm::qualifier Q> constexpr glm::mat<2, 3, T, Q> glm::operator*(const mat<2, 3, T, Q>&, const mat<2, 2, T, Q>&)’
  422 |         GLM_FUNC_QUALIFIER GLM_CONSTEXPR mat<2, 3, T, Q> operator*(mat<2, 3, T, Q> const& m1, mat<2, 2, T, Q> const& m2)
      |                                                          ^~~~~~~~
/usr/include/glm/detail/type_mat2x3.inl:422:58: note: template argument deduction/substitution failed:
/home/conner/Documents/GitHub/Project-Judas/tests/TerrainAuthoringTests.cpp:37:51: note:   ‘glm::vec<3, float, glm::packed_highp>’ is not derived from ‘const glm::mat<2, 3, T, Q>’
   37 |   auto sphere=p.SphereCast(worldPoint+worldNormal*5,.3f,-worldNormal,10);Check(sphere.hit&&std::abs(sphere.distance-4.7f)<.003&&glm::length(sphere.normal-worldNormal)<.003,"sphere cast uses edited physical surface");
      |                                                   ^
/usr/include/glm/detail/type_mat2x3.inl:434:58: note: candidate 28: ‘template<class T, glm::qualifier Q> constexpr glm::mat<3, 3, T, Q> glm::operator*(const mat<2, 3, T, Q>&, const mat<3, 2, T, Q>&)’
  434 |         GLM_FUNC_QUALIFIER GLM_CONSTEXPR mat<3, 3, T, Q> operator*(mat<2, 3, T, Q> const& m1, mat<3, 2, T, Q> const& m2)
      |                                                          ^~~~~~~~
/usr/include/glm/detail/type_mat2x3.inl:434:58: note: template argument deduction/substitution failed:
/home/conner/Documents/GitHub/Project-Judas/tests/TerrainAuthoringTests.cpp:37:51: note:   ‘glm::vec<3, float, glm::packed_highp>’ is not derived from ‘const glm::mat<2, 3, T, Q>’
   37 |   auto sphere=p.SphereCast(worldPoint+worldNormal*5,.3f,-worldNormal,10);Check(sphere.hit&&std::abs(sphere.distance-4.7f)<.003&&glm::length(sphere.normal-worldNormal)<.003,"sphere cast uses edited physical surface");
      |                                                   ^
/usr/include/glm/detail/type_mat2x3.inl:464:58: note: candidate 29: ‘template<class T, glm::qualifier Q> constexpr glm::mat<4, 3, T, Q> glm::operator*(const mat<2, 3, T, Q>&, const mat<4, 2, T, Q>&)’
  464 |         GLM_FUNC_QUALIFIER GLM_CONSTEXPR mat<4, 3, T, Q> operator*(mat<2, 3, T, Q> const& m1, mat<4, 2, T, Q> const& m2)
      |                                                          ^~~~~~~~
/usr/include/glm/detail/type_mat2x3.inl:464:58: note: template argument deduction/substitution failed:
/home/conner/Documents/GitHub/Project-Judas/tests/TerrainAuthoringTests.cpp:37:51: note:   ‘glm::vec<3, float, glm::packed_highp>’ is not derived from ‘const glm::mat<2, 3, T, Q>’
   37 |   auto sphere=p.SphereCast(worldPoint+worldNormal*5,.3f,-worldNormal,10);Check(sphere.hit&&std::abs(sphere.distance-4.7f)<.003&&glm::length(sphere.normal-worldNormal)<.003,"sphere cast uses edited physical surface");
      |                                                   ^
In file included from /usr/include/glm/detail/type_mat2x4.hpp:160,
                 from /usr/include/glm/ext/matrix_double2x4.hpp:5,
                 from /usr/include/glm/mat2x4.hpp:5,
                 from /usr/include/glm/matrix.hpp:23:
/usr/include/glm/detail/type_mat2x4.inl:385:58: note: candidate 30: ‘template<class T, glm::qualifier Q> constexpr glm::mat<2, 4, T, Q> glm::operator*(const mat<2, 4, T, Q>&, T)’
  385 |         GLM_FUNC_QUALIFIER GLM_CONSTEXPR mat<2, 4, T, Q> operator*(mat<2, 4, T, Q> const& m, T scalar)
      |                                                          ^~~~~~~~
/usr/include/glm/detail/type_mat2x4.inl:385:58: note: template argument deduction/substitution failed:
/home/conner/Documents/GitHub/Project-Judas/tests/TerrainAuthoringTests.cpp:37:51: note:   ‘glm::vec<3, float, glm::packed_highp>’ is not derived from ‘const glm::mat<2, 4, T, Q>’
   37 |   auto sphere=p.SphereCast(worldPoint+worldNormal*5,.3f,-worldNormal,10);Check(sphere.hit&&std::abs(sphere.distance-4.7f)<.003&&glm::length(sphere.normal-worldNormal)<.003,"sphere cast uses edited physical surface");
      |                                                   ^
/usr/include/glm/detail/type_mat2x4.inl:393:58: note: candidate 31: ‘template<class T, glm::qualifier Q> constexpr glm::mat<2, 4, T, Q> glm::operator*(T, const mat<2, 4, T, Q>&)’
  393 |         GLM_FUNC_QUALIFIER GLM_CONSTEXPR mat<2, 4, T, Q> operator*(T scalar, mat<2, 4, T, Q> const& m)
      |                                                          ^~~~~~~~
/usr/include/glm/detail/type_mat2x4.inl:393:58: note: template argument deduction/substitution failed:
/home/conner/Documents/GitHub/Project-Judas/tests/TerrainAuthoringTests.cpp:37:51: note:   mismatched types ‘const glm::mat<2, 4, T, Q>’ and ‘int’
   37 |   auto sphere=p.SphereCast(worldPoint+worldNormal*5,.3f,-worldNormal,10);Check(sphere.hit&&std::abs(sphere.distance-4.7f)<.003&&glm::length(sphere.normal-worldNormal)<.003,"sphere cast uses edited physical surface");
      |                                                   ^
/usr/include/glm/detail/type_mat2x4.inl:401:77: note: candidate 32: ‘template<class T, glm::qualifier Q> constexpr typename glm::mat<2, 4, T, Q>::col_type glm::operator*(const mat<2, 4, T, Q>&, const typename mat<2, 4, T, Q>::row_type&)’
  401 |         GLM_FUNC_QUALIFIER GLM_CONSTEXPR typename mat<2, 4, T, Q>::col_type operator*(mat<2, 4, T, Q> const& m, typename mat<2, 4, T, Q>::row_type const& v)
      |                                                                             ^~~~~~~~
/usr/include/glm/detail/type_mat2x4.inl:401:77: note: template argument deduction/substitution failed:
/home/conner/Documents/GitHub/Project-Judas/tests/TerrainAuthoringTests.cpp:37:51: note:   ‘glm::vec<3, float, glm::packed_highp>’ is not derived from ‘const glm::mat<2, 4, T, Q>’
   37 |   auto sphere=p.SphereCast(worldPoint+worldNormal*5,.3f,-worldNormal,10);Check(sphere.hit&&std::abs(sphere.distance-4.7f)<.003&&glm::length(sphere.normal-worldNormal)<.003,"sphere cast uses edited physical surface");
      |                                                   ^
/usr/include/glm/detail/type_mat2x4.inl:411:77: note: candidate 33: ‘template<class T, glm::qualifier Q> constexpr typename glm::mat<2, 4, T, Q>::row_type glm::operator*(const typename mat<2, 4, T, Q>::col_type&, const mat<2, 4, T, Q>&)’
  411 |         GLM_FUNC_QUALIFIER GLM_CONSTEXPR typename mat<2, 4, T, Q>::row_type operator*(typename mat<2, 4, T, Q>::col_type const& v, mat<2, 4, T, Q> const& m)
      |                                                                             ^~~~~~~~
/usr/include/glm/detail/type_mat2x4.inl:411:77: note: template argument deduction/substitution failed:
/home/conner/Documents/GitHub/Project-Judas/tests/TerrainAuthoringTests.cpp:37:51: note:   mismatched types ‘const glm::mat<2, 4, T, Q>’ and ‘int’
   37 |   auto sphere=p.SphereCast(worldPoint+worldNormal*5,.3f,-worldNormal,10);Check(sphere.hit&&std::abs(sphere.distance-4.7f)<.003&&glm::length(sphere.normal-worldNormal)<.003,"sphere cast uses edited physical surface");
      |                                                   ^
/usr/include/glm/detail/type_mat2x4.inl:419:58: note: candidate 34: ‘template<class T, glm::qualifier Q> constexpr glm::mat<4, 4, T, Q> glm::operator*(const mat<2, 4, T, Q>&, const mat<4, 2, T, Q>&)’
  419 |         GLM_FUNC_QUALIFIER GLM_CONSTEXPR mat<4, 4, T, Q> operator*(mat<2, 4, T, Q> const& m1, mat<4, 2, T, Q> const& m2)
      |                                                          ^~~~~~~~
/usr/include/glm/detail/type_mat2x4.inl:419:58: note: template argument deduction/substitution failed:
/home/conner/Documents/GitHub/Project-Judas/tests/TerrainAuthoringTests.cpp:37:51: note:   ‘glm::vec<3, float, glm::packed_highp>’ is not derived from ‘const glm::mat<2, 4, T, Q>’
   37 |   auto sphere=p.SphereCast(worldPoint+worldNormal*5,.3f,-worldNormal,10);Check(sphere.hit&&std::abs(sphere.distance-4.7f)<.003&&glm::length(sphere.normal-worldNormal)<.003,"sphere cast uses edited physical surface");
      |                                                   ^
/usr/include/glm/detail/type_mat2x4.inl:460:58: note: candidate 35: ‘template<class T, glm::qualifier Q> constexpr glm::mat<2, 4, T, Q> glm::operator*(const mat<2, 4, T, Q>&, const mat<2, 2, T, Q>&)’
  460 |         GLM_FUNC_QUALIFIER GLM_CONSTEXPR mat<2, 4, T, Q> operator*(mat<2, 4, T, Q> const& m1, mat<2, 2, T, Q> const& m2)
      |                                                          ^~~~~~~~
/usr/include/glm/detail/type_mat2x4.inl:460:58: note: template argument deduction/substitution failed:
/home/conner/Documents/GitHub/Project-Judas/tests/TerrainAuthoringTests.cpp:37:51: note:   ‘glm::vec<3, float, glm::packed_highp>’ is not derived from ‘const glm::mat<2, 4, T, Q>’
   37 |   auto sphere=p.SphereCast(worldPoint+worldNormal*5,.3f,-worldNormal,10);Check(sphere.hit&&std::abs(sphere.distance-4.7f)<.003&&glm::length(sphere.normal-worldNormal)<.003,"sphere cast uses edited physical surface");
      |                                                   ^
/usr/include/glm/detail/type_mat2x4.inl:474:58: note: candidate 36: ‘template<class T, glm::qualifier Q> constexpr glm::mat<3, 4, T, Q> glm::operator*(const mat<2, 4, T, Q>&, const mat<3, 2, T, Q>&)’
  474 |         GLM_FUNC_QUALIFIER GLM_CONSTEXPR mat<3, 4, T, Q> operator*(mat<2, 4, T, Q> const& m1, mat<3, 2, T, Q> const& m2)
      |                                                          ^~~~~~~~
/usr/include/glm/detail/type_mat2x4.inl:474:58: note: template argument deduction/substitution failed:
/home/conner/Documents/GitHub/Project-Judas/tests/TerrainAuthoringTests.cpp:37:51: note:   ‘glm::vec<3, float, glm::packed_highp>’ is not derived from ‘const glm::mat<2, 4, T, Q>’
   37 |   auto sphere=p.SphereCast(worldPoint+worldNormal*5,.3f,-worldNormal,10);Check(sphere.hit&&std::abs(sphere.distance-4.7f)<.003&&glm::length(sphere.normal-worldNormal)<.003,"sphere cast uses edited physical surface");
      |                                                   ^
In file included from /usr/include/glm/detail/type_mat3x2.hpp:166,
                 from /usr/include/glm/ext/matrix_double3x2.hpp:5,
                 from /usr/include/glm/mat3x2.hpp:5,
                 from /usr/include/glm/matrix.hpp:24:
/usr/include/glm/detail/type_mat3x2.inl:416:58: note: candidate 37: ‘template<class T, glm::qualifier Q> constexpr glm::mat<3, 2, T, Q> glm::operator*(const mat<3, 2, T, Q>&, T)’
  416 |         GLM_FUNC_QUALIFIER GLM_CONSTEXPR mat<3, 2, T, Q> operator*(mat<3, 2, T, Q> const& m, T scalar)
      |                                                          ^~~~~~~~
/usr/include/glm/detail/type_mat3x2.inl:416:58: note: template argument deduction/substitution failed:
/home/conner/Documents/GitHub/Project-Judas/tests/TerrainAuthoringTests.cpp:37:51: note:   ‘glm::vec<3, float, glm::packed_highp>’ is not derived from ‘const glm::mat<3, 2, T, Q>’
   37 |   auto sphere=p.SphereCast(worldPoint+worldNormal*5,.3f,-worldNormal,10);Check(sphere.hit&&std::abs(sphere.distance-4.7f)<.003&&glm::length(sphere.normal-worldNormal)<.003,"sphere cast uses edited physical surface");
      |                                                   ^
/usr/include/glm/detail/type_mat3x2.inl:425:58: note: candidate 38: ‘template<class T, glm::qualifier Q> constexpr glm::mat<3, 2, T, Q> glm::operator*(T, const mat<3, 2, T, Q>&)’
  425 |         GLM_FUNC_QUALIFIER GLM_CONSTEXPR mat<3, 2, T, Q> operator*(T scalar, mat<3, 2, T, Q> const& m)
      |                                                          ^~~~~~~~
/usr/include/glm/detail/type_mat3x2.inl:425:58: note: template argument deduction/substitution failed:
/home/conner/Documents/GitHub/Project-Judas/tests/TerrainAuthoringTests.cpp:37:51: note:   mismatched types ‘const glm::mat<3, 2, T, Q>’ and ‘int’
   37 |   auto sphere=p.SphereCast(worldPoint+worldNormal*5,.3f,-worldNormal,10);Check(sphere.hit&&std::abs(sphere.distance-4.7f)<.003&&glm::length(sphere.normal-worldNormal)<.003,"sphere cast uses edited physical surface");
      |                                                   ^
/usr/include/glm/detail/type_mat3x2.inl:434:77: note: candidate 39: ‘template<class T, glm::qualifier Q> constexpr typename glm::mat<3, 2, T, Q>::col_type glm::operator*(const mat<3, 2, T, Q>&, const typename mat<3, 2, T, Q>::row_type&)’
  434 |         GLM_FUNC_QUALIFIER GLM_CONSTEXPR typename mat<3, 2, T, Q>::col_type operator*(mat<3, 2, T, Q> const& m, typename mat<3, 2, T, Q>::row_type const& v)
      |                                                                             ^~~~~~~~
/usr/include/glm/detail/type_mat3x2.inl:434:77: note: template argument deduction/substitution failed:
/home/conner/Documents/GitHub/Project-Judas/tests/TerrainAuthoringTests.cpp:37:51: note:   ‘glm::vec<3, float, glm::packed_highp>’ is not derived from ‘const glm::mat<3, 2, T, Q>’
   37 |   auto sphere=p.SphereCast(worldPoint+worldNormal*5,.3f,-worldNormal,10);Check(sphere.hit&&std::abs(sphere.distance-4.7f)<.003&&glm::length(sphere.normal-worldNormal)<.003,"sphere cast uses edited physical surface");
      |                                                   ^
/usr/include/glm/detail/type_mat3x2.inl:442:77: note: candidate 40: ‘template<class T, glm::qualifier Q> constexpr typename glm::mat<3, 2, T, Q>::row_type glm::operator*(const typename mat<3, 2, T, Q>::col_type&, const mat<3, 2, T, Q>&)’
  442 |         GLM_FUNC_QUALIFIER GLM_CONSTEXPR typename mat<3, 2, T, Q>::row_type operator*(typename mat<3, 2, T, Q>::col_type const& v, mat<3, 2, T, Q> const& m)
      |                                                                             ^~~~~~~~
/usr/include/glm/detail/type_mat3x2.inl:442:77: note: template argument deduction/substitution failed:
/home/conner/Documents/GitHub/Project-Judas/tests/TerrainAuthoringTests.cpp:37:51: note:   mismatched types ‘const glm::mat<3, 2, T, Q>’ and ‘int’
   37 |   auto sphere=p.SphereCast(worldPoint+worldNormal*5,.3f,-worldNormal,10);Check(sphere.hit&&std::abs(sphere.distance-4.7f)<.003&&glm::length(sphere.normal-worldNormal)<.003,"sphere cast uses edited physical surface");
      |                                                   ^
/usr/include/glm/detail/type_mat3x2.inl:451:58: note: candidate 41: ‘template<class T, glm::qualifier Q> constexpr glm::mat<2, 2, T, Q> glm::operator*(const mat<3, 2, T, Q>&, const mat<2, 3, T, Q>&)’
  451 |         GLM_FUNC_QUALIFIER GLM_CONSTEXPR mat<2, 2, T, Q> operator*(mat<3, 2, T, Q> const& m1, mat<2, 3, T, Q> const& m2)
      |                                                          ^~~~~~~~
/usr/include/glm/detail/type_mat3x2.inl:451:58: note: template argument deduction/substitution failed:
/home/conner/Documents/GitHub/Project-Judas/tests/TerrainAuthoringTests.cpp:37:51: note:   ‘glm::vec<3, float, glm::packed_highp>’ is not derived from ‘const glm::mat<3, 2, T, Q>’
   37 |   auto sphere=p.SphereCast(worldPoint+worldNormal*5,.3f,-worldNormal,10);Check(sphere.hit&&std::abs(sphere.distance-4.7f)<.003&&glm::length(sphere.normal-worldNormal)<.003,"sphere cast uses edited physical surface");
      |                                                   ^
/usr/include/glm/detail/type_mat3x2.inl:476:58: note: candidate 42: ‘template<class T, glm::qualifier Q> constexpr glm::mat<3, 2, T, Q> glm::operator*(const mat<3, 2, T, Q>&, const mat<3, 3, T, Q>&)’
  476 |         GLM_FUNC_QUALIFIER GLM_CONSTEXPR mat<3, 2, T, Q> operator*(mat<3, 2, T, Q> const& m1, mat<3, 3, T, Q> const& m2)
      |                                                          ^~~~~~~~
/usr/include/glm/detail/type_mat3x2.inl:476:58: note: template argument deduction/substitution failed:
/home/conner/Documents/GitHub/Project-Judas/tests/TerrainAuthoringTests.cpp:37:51: note:   ‘glm::vec<3, float, glm::packed_highp>’ is not derived from ‘const glm::mat<3, 2, T, Q>’
   37 |   auto sphere=p.SphereCast(worldPoint+worldNormal*5,.3f,-worldNormal,10);Check(sphere.hit&&std::abs(sphere.distance-4.7f)<.003&&glm::length(sphere.normal-worldNormal)<.003,"sphere cast uses edited physical surface");
      |                                                   ^
/usr/include/glm/detail/type_mat3x2.inl:488:58: note: candidate 43: ‘template<class T, glm::qualifier Q> constexpr glm::mat<4, 2, T, Q> glm::operator*(const mat<3, 2, T, Q>&, const mat<4, 3, T, Q>&)’
  488 |         GLM_FUNC_QUALIFIER GLM_CONSTEXPR mat<4, 2, T, Q> operator*(mat<3, 2, T, Q> const& m1, mat<4, 3, T, Q> const& m2)
      |                                                          ^~~~~~~~
/usr/include/glm/detail/type_mat3x2.inl:488:58: note: template argument deduction/substitution failed:
/home/conner/Documents/GitHub/Project-Judas/tests/TerrainAuthoringTests.cpp:37:51: note:   ‘glm::vec<3, float, glm::packed_highp>’ is not derived from ‘const glm::mat<3, 2, T, Q>’
   37 |   auto sphere=p.SphereCast(worldPoint+worldNormal*5,.3f,-worldNormal,10);Check(sphere.hit&&std::abs(sphere.distance-4.7f)<.003&&glm::length(sphere.normal-worldNormal)<.003,"sphere cast uses edited physical surface");
      |                                                   ^
In file included from /usr/include/glm/detail/type_mat3x3.hpp:183,
                 from /usr/include/glm/ext/matrix_double3x3.hpp:5,
                 from /usr/include/glm/mat3x3.hpp:5,
                 from /usr/include/glm/matrix.hpp:25:
/usr/include/glm/detail/type_mat3x3.inl:450:58: note: candidate 44: ‘template<class T, glm::qualifier Q> constexpr glm::mat<3, 3, T, Q> glm::operator*(const mat<3, 3, T, Q>&, T)’
  450 |         GLM_FUNC_QUALIFIER GLM_CONSTEXPR mat<3, 3, T, Q> operator*(mat<3, 3, T, Q> const& m, T scalar)
      |                                                          ^~~~~~~~
/usr/include/glm/detail/type_mat3x3.inl:450:58: note: template argument deduction/substitution failed:
/home/conner/Documents/GitHub/Project-Judas/tests/TerrainAuthoringTests.cpp:37:51: note:   ‘glm::vec<3, float, glm::packed_highp>’ is not derived from ‘const glm::mat<3, 3, T, Q>’
   37 |   auto sphere=p.SphereCast(worldPoint+worldNormal*5,.3f,-worldNormal,10);Check(sphere.hit&&std::abs(sphere.distance-4.7f)<.003&&glm::length(sphere.normal-worldNormal)<.003,"sphere cast uses edited physical surface");
      |                                                   ^
/usr/include/glm/detail/type_mat3x3.inl:459:58: note: candidate 45: ‘template<class T, glm::qualifier Q> constexpr glm::mat<3, 3, T, Q> glm::operator*(T, const mat<3, 3, T, Q>&)’
  459 |         GLM_FUNC_QUALIFIER GLM_CONSTEXPR mat<3, 3, T, Q> operator*(T scalar, mat<3, 3, T, Q> const& m)
      |                                                          ^~~~~~~~
/usr/include/glm/detail/type_mat3x3.inl:459:58: note: template argument deduction/substitution failed:
/home/conner/Documents/GitHub/Project-Judas/tests/TerrainAuthoringTests.cpp:37:51: note:   mismatched types ‘const glm::mat<3, 3, T, Q>’ and ‘int’
   37 |   auto sphere=p.SphereCast(worldPoint+worldNormal*5,.3f,-worldNormal,10);Check(sphere.hit&&std::abs(sphere.distance-4.7f)<.003&&glm::length(sphere.normal-worldNormal)<.003,"sphere cast uses edited physical surface");
      |                                                   ^
/usr/include/glm/detail/type_mat3x3.inl:468:77: note: candidate 46: ‘template<class T, glm::qualifier Q> constexpr typename glm::mat<3, 3, T, Q>::col_type glm::operator*(const mat<3, 3, T, Q>&, const typename mat<3, 3, T, Q>::row_type&)’
  468 |         GLM_FUNC_QUALIFIER GLM_CONSTEXPR typename mat<3, 3, T, Q>::col_type operator*(mat<3, 3, T, Q> const& m, typename mat<3, 3, T, Q>::row_type const& v)
      |                                                                             ^~~~~~~~
/usr/include/glm/detail/type_mat3x3.inl:468:77: note: template argument deduction/substitution failed:
/home/conner/Documents/GitHub/Project-Judas/tests/TerrainAuthoringTests.cpp:37:51: note:   ‘glm::vec<3, float, glm::packed_highp>’ is not derived from ‘const glm::mat<3, 3, T, Q>’
   37 |   auto sphere=p.SphereCast(worldPoint+worldNormal*5,.3f,-worldNormal,10);Check(sphere.hit&&std::abs(sphere.distance-4.7f)<.003&&glm::length(sphere.normal-worldNormal)<.003,"sphere cast uses edited physical surface");
      |                                                   ^
/usr/include/glm/detail/type_mat3x3.inl:477:77: note: candidate 47: ‘template<class T, glm::qualifier Q> constexpr typename glm::mat<3, 3, T, Q>::row_type glm::operator*(const typename mat<3, 3, T, Q>::col_type&, const mat<3, 3, T, Q>&)’
  477 |         GLM_FUNC_QUALIFIER GLM_CONSTEXPR typename mat<3, 3, T, Q>::row_type operator*(typename mat<3, 3, T, Q>::col_type const& v, mat<3, 3, T, Q> const& m)
      |                                                                             ^~~~~~~~
/usr/include/glm/detail/type_mat3x3.inl:477:77: note: template argument deduction/substitution failed:
/home/conner/Documents/GitHub/Project-Judas/tests/TerrainAuthoringTests.cpp:37:51: note:   mismatched types ‘const glm::mat<3, 3, T, Q>’ and ‘int’
   37 |   auto sphere=p.SphereCast(worldPoint+worldNormal*5,.3f,-worldNormal,10);Check(sphere.hit&&std::abs(sphere.distance-4.7f)<.003&&glm::length(sphere.normal-worldNormal)<.003,"sphere cast uses edited physical surface");
      |                                                   ^
/usr/include/glm/detail/type_mat3x3.inl:486:58: note: candidate 48: ‘template<class T, glm::qualifier Q> constexpr glm::mat<3, 3, T, Q> glm::operator*(const mat<3, 3, T, Q>&, const mat<3, 3, T, Q>&)’
  486 |         GLM_FUNC_QUALIFIER GLM_CONSTEXPR mat<3, 3, T, Q> operator*(mat<3, 3, T, Q> const& m1, mat<3, 3, T, Q> const& m2)
      |                                                          ^~~~~~~~
/usr/include/glm/detail/type_mat3x3.inl:486:58: note: template argument deduction/substitution failed:
/home/conner/Documents/GitHub/Project-Judas/tests/TerrainAuthoringTests.cpp:37:51: note:   ‘glm::vec<3, float, glm::packed_highp>’ is not derived from ‘const glm::mat<3, 3, T, Q>’
   37 |   auto sphere=p.SphereCast(worldPoint+worldNormal*5,.3f,-worldNormal,10);Check(sphere.hit&&std::abs(sphere.distance-4.7f)<.003&&glm::length(sphere.normal-worldNormal)<.003,"sphere cast uses edited physical surface");
      |                                                   ^
/usr/include/glm/detail/type_mat3x3.inl:522:58: note: candidate 49: ‘template<class T, glm::qualifier Q> constexpr glm::mat<2, 3, T, Q> glm::operator*(const mat<3, 3, T, Q>&, const mat<2, 3, T, Q>&)’
  522 |         GLM_FUNC_QUALIFIER GLM_CONSTEXPR mat<2, 3, T, Q> operator*(mat<3, 3, T, Q> const& m1, mat<2, 3, T, Q> const& m2)
      |                                                          ^~~~~~~~
/usr/include/glm/detail/type_mat3x3.inl:522:58: note: template argument deduction/substitution failed:
/home/conner/Documents/GitHub/Project-Judas/tests/TerrainAuthoringTests.cpp:37:51: note:   ‘glm::vec<3, float, glm::packed_highp>’ is not derived from ‘const glm::mat<3, 3, T, Q>’
   37 |   auto sphere=p.SphereCast(worldPoint+worldNormal*5,.3f,-worldNormal,10);Check(sphere.hit&&std::abs(sphere.distance-4.7f)<.003&&glm::length(sphere.normal-worldNormal)<.003,"sphere cast uses edited physical surface");
      |                                                   ^
/usr/include/glm/detail/type_mat3x3.inl:534:58: note: candidate 50: ‘template<class T, glm::qualifier Q> constexpr glm::mat<4, 3, T, Q> glm::operator*(const mat<3, 3, T, Q>&, const mat<4, 3, T, Q>&)’
  534 |         GLM_FUNC_QUALIFIER GLM_CONSTEXPR mat<4, 3, T, Q> operator*(mat<3, 3, T, Q> const& m1, mat<4, 3, T, Q> const& m2)
      |                                                          ^~~~~~~~
/usr/include/glm/detail/type_mat3x3.inl:534:58: note: template argument deduction/substitution failed:
/home/conner/Documents/GitHub/Project-Judas/tests/TerrainAuthoringTests.cpp:37:51: note:   ‘glm::vec<3, float, glm::packed_highp>’ is not derived from ‘const glm::mat<3, 3, T, Q>’
   37 |   auto sphere=p.SphereCast(worldPoint+worldNormal*5,.3f,-worldNormal,10);Check(sphere.hit&&std::abs(sphere.distance-4.7f)<.003&&glm::length(sphere.normal-worldNormal)<.003,"sphere cast uses edited physical surface");
      |                                                   ^
In file included from /usr/include/glm/detail/type_mat3x4.hpp:165,
                 from /usr/include/glm/ext/matrix_double3x4.hpp:5,
                 from /usr/include/glm/mat3x4.hpp:5,
                 from /usr/include/glm/matrix.hpp:26:
/usr/include/glm/detail/type_mat3x4.inl:422:58: note: candidate 51: ‘template<class T, glm::qualifier Q> constexpr glm::mat<3, 4, T, Q> glm::operator*(const mat<3, 4, T, Q>&, T)’
  422 |         GLM_FUNC_QUALIFIER GLM_CONSTEXPR mat<3, 4, T, Q> operator*(mat<3, 4, T, Q> const& m, T scalar)
      |                                                          ^~~~~~~~
/usr/include/glm/detail/type_mat3x4.inl:422:58: note: template argument deduction/substitution failed:
/home/conner/Documents/GitHub/Project-Judas/tests/TerrainAuthoringTests.cpp:37:51: note:   ‘glm::vec<3, float, glm::packed_highp>’ is not derived from ‘const glm::mat<3, 4, T, Q>’
   37 |   auto sphere=p.SphereCast(worldPoint+worldNormal*5,.3f,-worldNormal,10);Check(sphere.hit&&std::abs(sphere.distance-4.7f)<.003&&glm::length(sphere.normal-worldNormal)<.003,"sphere cast uses edited physical surface");
      |                                                   ^
/usr/include/glm/detail/type_mat3x4.inl:431:58: note: candidate 52: ‘template<class T, glm::qualifier Q> constexpr glm::mat<3, 4, T, Q> glm::operator*(T, const mat<3, 4, T, Q>&)’
  431 |         GLM_FUNC_QUALIFIER GLM_CONSTEXPR mat<3, 4, T, Q> operator*(T scalar, mat<3, 4, T, Q> const& m)
      |                                                          ^~~~~~~~
/usr/include/glm/detail/type_mat3x4.inl:431:58: note: template argument deduction/substitution failed:
/home/conner/Documents/GitHub/Project-Judas/tests/TerrainAuthoringTests.cpp:37:51: note:   mismatched types ‘const glm::mat<3, 4, T, Q>’ and ‘int’
   37 |   auto sphere=p.SphereCast(worldPoint+worldNormal*5,.3f,-worldNormal,10);Check(sphere.hit&&std::abs(sphere.distance-4.7f)<.003&&glm::length(sphere.normal-worldNormal)<.003,"sphere cast uses edited physical surface");
      |                                                   ^
/usr/include/glm/detail/type_mat3x4.inl:440:77: note: candidate 53: ‘template<class T, glm::qualifier Q> constexpr typename glm::mat<3, 4, T, Q>::col_type glm::operator*(const mat<3, 4, T, Q>&, const typename mat<3, 4, T, Q>::row_type&)’
  440 |         GLM_FUNC_QUALIFIER GLM_CONSTEXPR typename mat<3, 4, T, Q>::col_type operator*
      |                                                                             ^~~~~~~~
/usr/include/glm/detail/type_mat3x4.inl:440:77: note: template argument deduction/substitution failed:
/home/conner/Documents/GitHub/Project-Judas/tests/TerrainAuthoringTests.cpp:37:51: note:   ‘glm::vec<3, float, glm::packed_highp>’ is not derived from ‘const glm::mat<3, 4, T, Q>’
   37 |   auto sphere=p.SphereCast(worldPoint+worldNormal*5,.3f,-worldNormal,10);Check(sphere.hit&&std::abs(sphere.distance-4.7f)<.003&&glm::length(sphere.normal-worldNormal)<.003,"sphere cast uses edited physical surface");
      |                                                   ^
/usr/include/glm/detail/type_mat3x4.inl:454:77: note: candidate 54: ‘template<class T, glm::qualifier Q> constexpr typename glm::mat<3, 4, T, Q>::row_type glm::operator*(const typename mat<3, 4, T, Q>::col_type&, const mat<3, 4, T, Q>&)’
  454 |         GLM_FUNC_QUALIFIER GLM_CONSTEXPR typename mat<3, 4, T, Q>::row_type operator*
      |                                                                             ^~~~~~~~
/usr/include/glm/detail/type_mat3x4.inl:454:77: note: template argument deduction/substitution failed:
/home/conner/Documents/GitHub/Project-Judas/tests/TerrainAuthoringTests.cpp:37:51: note:   mismatched types ‘const glm::mat<3, 4, T, Q>’ and ‘int’
   37 |   auto sphere=p.SphereCast(worldPoint+worldNormal*5,.3f,-worldNormal,10);Check(sphere.hit&&std::abs(sphere.distance-4.7f)<.003&&glm::length(sphere.normal-worldNormal)<.003,"sphere cast uses edited physical surface");
      |                                                   ^
/usr/include/glm/detail/type_mat3x4.inl:467:58: note: candidate 55: ‘template<class T, glm::qualifier Q> constexpr glm::mat<4, 4, T, Q> glm::operator*(const mat<3, 4, T, Q>&, const mat<4, 3, T, Q>&)’
  467 |         GLM_FUNC_QUALIFIER GLM_CONSTEXPR mat<4, 4, T, Q> operator*(mat<3, 4, T, Q> const& m1, mat<4, 3, T, Q> const& m2)
      |                                                          ^~~~~~~~
/usr/include/glm/detail/type_mat3x4.inl:467:58: note: template argument deduction/substitution failed:
/home/conner/Documents/GitHub/Project-Judas/tests/TerrainAuthoringTests.cpp:37:51: note:   ‘glm::vec<3, float, glm::packed_highp>’ is not derived from ‘const glm::mat<3, 4, T, Q>’
   37 |   auto sphere=p.SphereCast(worldPoint+worldNormal*5,.3f,-worldNormal,10);Check(sphere.hit&&std::abs(sphere.distance-4.7f)<.003&&glm::length(sphere.normal-worldNormal)<.003,"sphere cast uses edited physical surface");
      |                                                   ^
/usr/include/glm/detail/type_mat3x4.inl:516:58: note: candidate 56: ‘template<class T, glm::qualifier Q> constexpr glm::mat<2, 4, T, Q> glm::operator*(const mat<3, 4, T, Q>&, const mat<2, 3, T, Q>&)’
  516 |         GLM_FUNC_QUALIFIER GLM_CONSTEXPR mat<2, 4, T, Q> operator*(mat<3, 4, T, Q> const& m1, mat<2, 3, T, Q> const& m2)
      |                                                          ^~~~~~~~
/usr/include/glm/detail/type_mat3x4.inl:516:58: note: template argument deduction/substitution failed:
/home/conner/Documents/GitHub/Project-Judas/tests/TerrainAuthoringTests.cpp:37:51: note:   ‘glm::vec<3, float, glm::packed_highp>’ is not derived from ‘const glm::mat<3, 4, T, Q>’
   37 |   auto sphere=p.SphereCast(worldPoint+worldNormal*5,.3f,-worldNormal,10);Check(sphere.hit&&std::abs(sphere.distance-4.7f)<.003&&glm::length(sphere.normal-worldNormal)<.003,"sphere cast uses edited physical surface");
      |                                                   ^
/usr/include/glm/detail/type_mat3x4.inl:530:58: note: candidate 57: ‘template<class T, glm::qualifier Q> constexpr glm::mat<3, 4, T, Q> glm::operator*(const mat<3, 4, T, Q>&, const mat<3, 3, T, Q>&)’
  530 |         GLM_FUNC_QUALIFIER GLM_CONSTEXPR mat<3, 4, T, Q> operator*(mat<3, 4, T, Q> const& m1, mat<3, 3, T, Q> const& m2)
      |                                                          ^~~~~~~~
/usr/include/glm/detail/type_mat3x4.inl:530:58: note: template argument deduction/substitution failed:
/home/conner/Documents/GitHub/Project-Judas/tests/TerrainAuthoringTests.cpp:37:51: note:   ‘glm::vec<3, float, glm::packed_highp>’ is not derived from ‘const glm::mat<3, 4, T, Q>’
   37 |   auto sphere=p.SphereCast(worldPoint+worldNormal*5,.3f,-worldNormal,10);Check(sphere.hit&&std::abs(sphere.distance-4.7f)<.003&&glm::length(sphere.normal-worldNormal)<.003,"sphere cast uses edited physical surface");
      |                                                   ^
In file included from /usr/include/glm/detail/type_mat4x2.hpp:170,
                 from /usr/include/glm/ext/matrix_double4x2.hpp:5,
                 from /usr/include/glm/mat4x2.hpp:5,
                 from /usr/include/glm/matrix.hpp:27:
/usr/include/glm/detail/type_mat4x2.inl:449:58: note: candidate 58: ‘template<class T, glm::qualifier Q> constexpr glm::mat<4, 2, T, Q> glm::operator*(const mat<4, 2, T, Q>&, T)’
  449 |         GLM_FUNC_QUALIFIER GLM_CONSTEXPR mat<4, 2, T, Q> operator*(mat<4, 2, T, Q> const& m, T scalar)
      |                                                          ^~~~~~~~
/usr/include/glm/detail/type_mat4x2.inl:449:58: note: template argument deduction/substitution failed:
/home/conner/Documents/GitHub/Project-Judas/tests/TerrainAuthoringTests.cpp:37:51: note:   ‘glm::vec<3, float, glm::packed_highp>’ is not derived from ‘const glm::mat<4, 2, T, Q>’
   37 |   auto sphere=p.SphereCast(worldPoint+worldNormal*5,.3f,-worldNormal,10);Check(sphere.hit&&std::abs(sphere.distance-4.7f)<.003&&glm::length(sphere.normal-worldNormal)<.003,"sphere cast uses edited physical surface");
      |                                                   ^
/usr/include/glm/detail/type_mat4x2.inl:459:58: note: candidate 59: ‘template<class T, glm::qualifier Q> constexpr glm::mat<4, 2, T, Q> glm::operator*(T, const mat<4, 2, T, Q>&)’
  459 |         GLM_FUNC_QUALIFIER GLM_CONSTEXPR mat<4, 2, T, Q> operator*(T scalar, mat<4, 2, T, Q> const& m)
      |                                                          ^~~~~~~~
/usr/include/glm/detail/type_mat4x2.inl:459:58: note: template argument deduction/substitution failed:
/home/conner/Documents/GitHub/Project-Judas/tests/TerrainAuthoringTests.cpp:37:51: note:   mismatched types ‘const glm::mat<4, 2, T, Q>’ and ‘int’
   37 |   auto sphere=p.SphereCast(worldPoint+worldNormal*5,.3f,-worldNormal,10);Check(sphere.hit&&std::abs(sphere.distance-4.7f)<.003&&glm::length(sphere.normal-worldNormal)<.003,"sphere cast uses edited physical surface");
      |                                                   ^
/usr/include/glm/detail/type_mat4x2.inl:469:77: note: candidate 60: ‘template<class T, glm::qualifier Q> constexpr typename glm::mat<4, 2, T, Q>::col_type glm::operator*(const mat<4, 2, T, Q>&, const typename mat<4, 2, T, Q>::row_type&)’
  469 |         GLM_FUNC_QUALIFIER GLM_CONSTEXPR typename mat<4, 2, T, Q>::col_type operator*(mat<4, 2, T, Q> const& m, typename mat<4, 2, T, Q>::row_type const& v)
      |                                                                             ^~~~~~~~
/usr/include/glm/detail/type_mat4x2.inl:469:77: note: template argument deduction/substitution failed:
/home/conner/Documents/GitHub/Project-Judas/tests/TerrainAuthoringTests.cpp:37:51: note:   ‘glm::vec<3, float, glm::packed_highp>’ is not derived from ‘const glm::mat<4, 2, T, Q>’
   37 |   auto sphere=p.SphereCast(worldPoint+worldNormal*5,.3f,-worldNormal,10);Check(sphere.hit&&std::abs(sphere.distance-4.7f)<.003&&glm::length(sphere.normal-worldNormal)<.003,"sphere cast uses edited physical surface");
      |                                                   ^
/usr/include/glm/detail/type_mat4x2.inl:477:77: note: candidate 61: ‘template<class T, glm::qualifier Q> constexpr typename glm::mat<4, 2, T, Q>::row_type glm::operator*(const typename mat<4, 2, T, Q>::col_type&, const mat<4, 2, T, Q>&)’
  477 |         GLM_FUNC_QUALIFIER GLM_CONSTEXPR typename mat<4, 2, T, Q>::row_type operator*(typename mat<4, 2, T, Q>::col_type const& v, mat<4, 2, T, Q> const& m)
      |                                                                             ^~~~~~~~
/usr/include/glm/detail/type_mat4x2.inl:477:77: note: template argument deduction/substitution failed:
/home/conner/Documents/GitHub/Project-Judas/tests/TerrainAuthoringTests.cpp:37:51: note:   mismatched types ‘const glm::mat<4, 2, T, Q>’ and ‘int’
   37 |   auto sphere=p.SphereCast(worldPoint+worldNormal*5,.3f,-worldNormal,10);Check(sphere.hit&&std::abs(sphere.distance-4.7f)<.003&&glm::length(sphere.normal-worldNormal)<.003,"sphere cast uses edited physical surface");
      |                                                   ^
/usr/include/glm/detail/type_mat4x2.inl:487:58: note: candidate 62: ‘template<class T, glm::qualifier Q> constexpr glm::mat<2, 2, T, Q> glm::operator*(const mat<4, 2, T, Q>&, const mat<2, 4, T, Q>&)’
  487 |         GLM_FUNC_QUALIFIER GLM_CONSTEXPR mat<2, 2, T, Q> operator*(mat<4, 2, T, Q> const& m1, mat<2, 4, T, Q> const& m2)
      |                                                          ^~~~~~~~
/usr/include/glm/detail/type_mat4x2.inl:487:58: note: template argument deduction/substitution failed:
/home/conner/Documents/GitHub/Project-Judas/tests/TerrainAuthoringTests.cpp:37:51: note:   ‘glm::vec<3, float, glm::packed_highp>’ is not derived from ‘const glm::mat<4, 2, T, Q>’
   37 |   auto sphere=p.SphereCast(worldPoint+worldNormal*5,.3f,-worldNormal,10);Check(sphere.hit&&std::abs(sphere.distance-4.7f)<.003&&glm::length(sphere.normal-worldNormal)<.003,"sphere cast uses edited physical surface");
      |                                                   ^
/usr/include/glm/detail/type_mat4x2.inl:516:58: note: candidate 63: ‘template<class T, glm::qualifier Q> constexpr glm::mat<3, 2, T, Q> glm::operator*(const mat<4, 2, T, Q>&, const mat<3, 4, T, Q>&)’
  516 |         GLM_FUNC_QUALIFIER GLM_CONSTEXPR mat<3, 2, T, Q> operator*(mat<4, 2, T, Q> const& m1, mat<3, 4, T, Q> const& m2)
      |                                                          ^~~~~~~~
/usr/include/glm/detail/type_mat4x2.inl:516:58: note: template argument deduction/substitution failed:
/home/conner/Documents/GitHub/Project-Judas/tests/TerrainAuthoringTests.cpp:37:51: note:   ‘glm::vec<3, float, glm::packed_highp>’ is not derived from ‘const glm::mat<4, 2, T, Q>’
   37 |   auto sphere=p.SphereCast(worldPoint+worldNormal*5,.3f,-worldNormal,10);Check(sphere.hit&&std::abs(sphere.distance-4.7f)<.003&&glm::length(sphere.normal-worldNormal)<.003,"sphere cast uses edited physical surface");
      |                                                   ^
/usr/include/glm/detail/type_mat4x2.inl:528:58: note: candidate 64: ‘template<class T, glm::qualifier Q> constexpr glm::mat<4, 2, T, Q> glm::operator*(const mat<4, 2, T, Q>&, const mat<4, 4, T, Q>&)’
  528 |         GLM_FUNC_QUALIFIER GLM_CONSTEXPR mat<4, 2, T, Q> operator*(mat<4, 2, T, Q> const& m1, mat<4, 4, T, Q> const& m2)
      |                                                          ^~~~~~~~
/usr/include/glm/detail/type_mat4x2.inl:528:58: note: template argument deduction/substitution failed:
/home/conner/Documents/GitHub/Project-Judas/tests/TerrainAuthoringTests.cpp:37:51: note:   ‘glm::vec<3, float, glm::packed_highp>’ is not derived from ‘const glm::mat<4, 2, T, Q>’
   37 |   auto sphere=p.SphereCast(worldPoint+worldNormal*5,.3f,-worldNormal,10);Check(sphere.hit&&std::abs(sphere.distance-4.7f)<.003&&glm::length(sphere.normal-worldNormal)<.003,"sphere cast uses edited physical surface");
      |                                                   ^
In file included from /usr/include/glm/detail/type_mat4x3.hpp:170,
                 from /usr/include/glm/ext/matrix_double4x3.hpp:5,
                 from /usr/include/glm/mat4x3.hpp:5,
                 from /usr/include/glm/matrix.hpp:28:
/usr/include/glm/detail/type_mat4x3.inl:449:58: note: candidate 65: ‘template<class T, glm::qualifier Q> constexpr glm::mat<4, 3, T, Q> glm::operator*(const mat<4, 3, T, Q>&, T)’
  449 |         GLM_FUNC_QUALIFIER GLM_CONSTEXPR mat<4, 3, T, Q> operator*(mat<4, 3, T, Q> const& m, T scalar)
      |                                                          ^~~~~~~~
/usr/include/glm/detail/type_mat4x3.inl:449:58: note: template argument deduction/substitution failed:
/home/conner/Documents/GitHub/Project-Judas/tests/TerrainAuthoringTests.cpp:37:51: note:   ‘glm::vec<3, float, glm::packed_highp>’ is not derived from ‘const glm::mat<4, 3, T, Q>’
   37 |   auto sphere=p.SphereCast(worldPoint+worldNormal*5,.3f,-worldNormal,10);Check(sphere.hit&&std::abs(sphere.distance-4.7f)<.003&&glm::length(sphere.normal-worldNormal)<.003,"sphere cast uses edited physical surface");
      |                                                   ^
/usr/include/glm/detail/type_mat4x3.inl:459:58: note: candidate 66: ‘template<class T, glm::qualifier Q> constexpr glm::mat<4, 3, T, Q> glm::operator*(T, const mat<4, 3, T, Q>&)’
  459 |         GLM_FUNC_QUALIFIER GLM_CONSTEXPR mat<4, 3, T, Q> operator*(T scalar, mat<4, 3, T, Q> const& m)
      |                                                          ^~~~~~~~
/usr/include/glm/detail/type_mat4x3.inl:459:58: note: template argument deduction/substitution failed:
/home/conner/Documents/GitHub/Project-Judas/tests/TerrainAuthoringTests.cpp:37:51: note:   mismatched types ‘const glm::mat<4, 3, T, Q>’ and ‘int’
   37 |   auto sphere=p.SphereCast(worldPoint+worldNormal*5,.3f,-worldNormal,10);Check(sphere.hit&&std::abs(sphere.distance-4.7f)<.003&&glm::length(sphere.normal-worldNormal)<.003,"sphere cast uses edited physical surface");
      |                                                   ^
/usr/include/glm/detail/type_mat4x3.inl:469:77: note: candidate 67: ‘template<class T, glm::qualifier Q> constexpr typename glm::mat<4, 3, T, Q>::col_type glm::operator*(const mat<4, 3, T, Q>&, const typename mat<4, 3, T, Q>::row_type&)’
  469 |         GLM_FUNC_QUALIFIER GLM_CONSTEXPR typename mat<4, 3, T, Q>::col_type operator*
      |                                                                             ^~~~~~~~
/usr/include/glm/detail/type_mat4x3.inl:469:77: note: template argument deduction/substitution failed:
/home/conner/Documents/GitHub/Project-Judas/tests/TerrainAuthoringTests.cpp:37:51: note:   ‘glm::vec<3, float, glm::packed_highp>’ is not derived from ‘const glm::mat<4, 3, T, Q>’
   37 |   auto sphere=p.SphereCast(worldPoint+worldNormal*5,.3f,-worldNormal,10);Check(sphere.hit&&std::abs(sphere.distance-4.7f)<.003&&glm::length(sphere.normal-worldNormal)<.003,"sphere cast uses edited physical surface");
      |                                                   ^
/usr/include/glm/detail/type_mat4x3.inl:481:77: note: candidate 68: ‘template<class T, glm::qualifier Q> constexpr typename glm::mat<4, 3, T, Q>::row_type glm::operator*(const typename mat<4, 3, T, Q>::col_type&, const mat<4, 3, T, Q>&)’
  481 |         GLM_FUNC_QUALIFIER GLM_CONSTEXPR typename mat<4, 3, T, Q>::row_type operator*
      |                                                                             ^~~~~~~~
/usr/include/glm/detail/type_mat4x3.inl:481:77: note: template argument deduction/substitution failed:
/home/conner/Documents/GitHub/Project-Judas/tests/TerrainAuthoringTests.cpp:37:51: note:   mismatched types ‘const glm::mat<4, 3, T, Q>’ and ‘int’
   37 |   auto sphere=p.SphereCast(worldPoint+worldNormal*5,.3f,-worldNormal,10);Check(sphere.hit&&std::abs(sphere.distance-4.7f)<.003&&glm::length(sphere.normal-worldNormal)<.003,"sphere cast uses edited physical surface");
      |                                                   ^
/usr/include/glm/detail/type_mat4x3.inl:494:58: note: candidate 69: ‘template<class T, glm::qualifier Q> constexpr glm::mat<2, 3, T, Q> glm::operator*(const mat<4, 3, T, Q>&, const mat<2, 4, T, Q>&)’
  494 |         GLM_FUNC_QUALIFIER GLM_CONSTEXPR mat<2, 3, T, Q> operator*(mat<4, 3, T, Q> const& m1, mat<2, 4, T, Q> const& m2)
      |                                                          ^~~~~~~~
/usr/include/glm/detail/type_mat4x3.inl:494:58: note: template argument deduction/substitution failed:
/home/conner/Documents/GitHub/Project-Judas/tests/TerrainAuthoringTests.cpp:37:51: note:   ‘glm::vec<3, float, glm::packed_highp>’ is not derived from ‘const glm::mat<4, 3, T, Q>’
   37 |   auto sphere=p.SphereCast(worldPoint+worldNormal*5,.3f,-worldNormal,10);Check(sphere.hit&&std::abs(sphere.distance-4.7f)<.003&&glm::length(sphere.normal-worldNormal)<.003,"sphere cast uses edited physical surface");
      |                                                   ^
/usr/include/glm/detail/type_mat4x3.inl:506:58: note: candidate 70: ‘template<class T, glm::qualifier Q> constexpr glm::mat<3, 3, T, Q> glm::operator*(const mat<4, 3, T, Q>&, const mat<3, 4, T, Q>&)’
  506 |         GLM_FUNC_QUALIFIER GLM_CONSTEXPR mat<3, 3, T, Q> operator*(mat<4, 3, T, Q> const& m1, mat<3, 4, T, Q> const& m2)
      |                                                          ^~~~~~~~
/usr/include/glm/detail/type_mat4x3.inl:506:58: note: template argument deduction/substitution failed:
/home/conner/Documents/GitHub/Project-Judas/tests/TerrainAuthoringTests.cpp:37:51: note:   ‘glm::vec<3, float, glm::packed_highp>’ is not derived from ‘const glm::mat<4, 3, T, Q>’
   37 |   auto sphere=p.SphereCast(worldPoint+worldNormal*5,.3f,-worldNormal,10);Check(sphere.hit&&std::abs(sphere.distance-4.7f)<.003&&glm::length(sphere.normal-worldNormal)<.003,"sphere cast uses edited physical surface");
      |                                                   ^
/usr/include/glm/detail/type_mat4x3.inl:548:58: note: candidate 71: ‘template<class T, glm::qualifier Q> constexpr glm::mat<4, 3, T, Q> glm::operator*(const mat<4, 3, T, Q>&, const mat<4, 4, T, Q>&)’
  548 |         GLM_FUNC_QUALIFIER GLM_CONSTEXPR mat<4, 3, T, Q> operator*(mat<4, 3, T, Q> const& m1, mat<4, 4, T, Q> const& m2)
      |                                                          ^~~~~~~~
/usr/include/glm/detail/type_mat4x3.inl:548:58: note: template argument deduction/substitution failed:
/home/conner/Documents/GitHub/Project-Judas/tests/TerrainAuthoringTests.cpp:37:51: note:   ‘glm::vec<3, float, glm::packed_highp>’ is not derived from ‘const glm::mat<4, 3, T, Q>’
   37 |   auto sphere=p.SphereCast(worldPoint+worldNormal*5,.3f,-worldNormal,10);Check(sphere.hit&&std::abs(sphere.distance-4.7f)<.003&&glm::length(sphere.normal-worldNormal)<.003,"sphere cast uses edited physical surface");
      |                                                   ^
In file included from /usr/include/glm/detail/type_mat4x4.hpp:188,
                 from /usr/include/glm/ext/matrix_double4x4.hpp:5,
                 from /usr/include/glm/mat4x4.hpp:5,
                 from /usr/include/glm/matrix.hpp:29:
/usr/include/glm/detail/type_mat4x4.inl:516:58: note: candidate 72: ‘template<class T, glm::qualifier Q> constexpr glm::mat<4, 4, T, Q> glm::operator*(const mat<4, 4, T, Q>&, T)’
  516 |         GLM_FUNC_QUALIFIER GLM_CONSTEXPR mat<4, 4, T, Q> operator*(mat<4, 4, T, Q> const& m, T scalar)
      |                                                          ^~~~~~~~
/usr/include/glm/detail/type_mat4x4.inl:516:58: note: template argument deduction/substitution failed:
/home/conner/Documents/GitHub/Project-Judas/tests/TerrainAuthoringTests.cpp:37:51: note:   ‘glm::vec<3, float, glm::packed_highp>’ is not derived from ‘const glm::mat<4, 4, T, Q>’
   37 |   auto sphere=p.SphereCast(worldPoint+worldNormal*5,.3f,-worldNormal,10);Check(sphere.hit&&std::abs(sphere.distance-4.7f)<.003&&glm::length(sphere.normal-worldNormal)<.003,"sphere cast uses edited physical surface");
      |                                                   ^
/usr/include/glm/detail/type_mat4x4.inl:526:58: note: candidate 73: ‘template<class T, glm::qualifier Q> constexpr glm::mat<4, 4, T, Q> glm::operator*(T, const mat<4, 4, T, Q>&)’
  526 |         GLM_FUNC_QUALIFIER GLM_CONSTEXPR mat<4, 4, T, Q> operator*(T scalar, mat<4, 4, T, Q> const& m)
      |                                                          ^~~~~~~~
/usr/include/glm/detail/type_mat4x4.inl:526:58: note: template argument deduction/substitution failed:
/home/conner/Documents/GitHub/Project-Judas/tests/TerrainAuthoringTests.cpp:37:51: note:   mismatched types ‘const glm::mat<4, 4, T, Q>’ and ‘int’
   37 |   auto sphere=p.SphereCast(worldPoint+worldNormal*5,.3f,-worldNormal,10);Check(sphere.hit&&std::abs(sphere.distance-4.7f)<.003&&glm::length(sphere.normal-worldNormal)<.003,"sphere cast uses edited physical surface");
      |                                                   ^
/usr/include/glm/detail/type_mat4x4.inl:536:77: note: candidate 74: ‘template<class T, glm::qualifier Q> constexpr typename glm::mat<4, 4, T, Q>::col_type glm::operator*(const mat<4, 4, T, Q>&, const typename mat<4, 4, T, Q>::row_type&)’
  536 |         GLM_FUNC_QUALIFIER GLM_CONSTEXPR typename mat<4, 4, T, Q>::col_type operator*
      |                                                                             ^~~~~~~~
/usr/include/glm/detail/type_mat4x4.inl:536:77: note: template argument deduction/substitution failed:
/home/conner/Documents/GitHub/Project-Judas/tests/TerrainAuthoringTests.cpp:37:51: note:   ‘glm::vec<3, float, glm::packed_highp>’ is not derived from ‘const glm::mat<4, 4, T, Q>’
   37 |   auto sphere=p.SphereCast(worldPoint+worldNormal*5,.3f,-worldNormal,10);Check(sphere.hit&&std::abs(sphere.distance-4.7f)<.003&&glm::length(sphere.normal-worldNormal)<.003,"sphere cast uses edited physical surface");
      |                                                   ^
/usr/include/glm/detail/type_mat4x4.inl:584:77: note: candidate 75: ‘template<class T, glm::qualifier Q> constexpr typename glm::mat<4, 4, T, Q>::row_type glm::operator*(const typename mat<4, 4, T, Q>::col_type&, const mat<4, 4, T, Q>&)’
  584 |         GLM_FUNC_QUALIFIER GLM_CONSTEXPR typename mat<4, 4, T, Q>::row_type operator*
      |                                                                             ^~~~~~~~
/usr/include/glm/detail/type_mat4x4.inl:584:77: note: template argument deduction/substitution failed:
/home/conner/Documents/GitHub/Project-Judas/tests/TerrainAuthoringTests.cpp:37:51: note:   mismatched types ‘const glm::mat<4, 4, T, Q>’ and ‘int’
   37 |   auto sphere=p.SphereCast(worldPoint+worldNormal*5,.3f,-worldNormal,10);Check(sphere.hit&&std::abs(sphere.distance-4.7f)<.003&&glm::length(sphere.normal-worldNormal)<.003,"sphere cast uses edited physical surface");
      |                                                   ^
/usr/include/glm/detail/type_mat4x4.inl:598:58: note: candidate 76: ‘template<class T, glm::qualifier Q> constexpr glm::mat<2, 4, T, Q> glm::operator*(const mat<4, 4, T, Q>&, const mat<2, 4, T, Q>&)’
  598 |         GLM_FUNC_QUALIFIER GLM_CONSTEXPR mat<2, 4, T, Q> operator*(mat<4, 4, T, Q> const& m1, mat<2, 4, T, Q> const& m2)
      |                                                          ^~~~~~~~
/usr/include/glm/detail/type_mat4x4.inl:598:58: note: template argument deduction/substitution failed:
/home/conner/Documents/GitHub/Project-Judas/tests/TerrainAuthoringTests.cpp:37:51: note:   ‘glm::vec<3, float, glm::packed_highp>’ is not derived from ‘const glm::mat<4, 4, T, Q>’
   37 |   auto sphere=p.SphereCast(worldPoint+worldNormal*5,.3f,-worldNormal,10);Check(sphere.hit&&std::abs(sphere.distance-4.7f)<.003&&glm::length(sphere.normal-worldNormal)<.003,"sphere cast uses edited physical surface");
      |                                                   ^
/usr/include/glm/detail/type_mat4x4.inl:612:58: note: candidate 77: ‘template<class T, glm::qualifier Q> constexpr glm::mat<3, 4, T, Q> glm::operator*(const mat<4, 4, T, Q>&, const mat<3, 4, T, Q>&)’
  612 |         GLM_FUNC_QUALIFIER GLM_CONSTEXPR mat<3, 4, T, Q> operator*(mat<4, 4, T, Q> const& m1, mat<3, 4, T, Q> const& m2)
      |                                                          ^~~~~~~~
/usr/include/glm/detail/type_mat4x4.inl:612:58: note: template argument deduction/substitution failed:
/home/conner/Documents/GitHub/Project-Judas/tests/TerrainAuthoringTests.cpp:37:51: note:   ‘glm::vec<3, float, glm::packed_highp>’ is not derived from ‘const glm::mat<4, 4, T, Q>’
   37 |   auto sphere=p.SphereCast(worldPoint+worldNormal*5,.3f,-worldNormal,10);Check(sphere.hit&&std::abs(sphere.distance-4.7f)<.003&&glm::length(sphere.normal-worldNormal)<.003,"sphere cast uses edited physical surface");
      |                                                   ^
/usr/include/glm/detail/type_mat4x4.inl:630:58: note: candidate 78: ‘template<class T, glm::qualifier Q> constexpr glm::mat<4, 4, T, Q> glm::operator*(const mat<4, 4, T, Q>&, const mat<4, 4, T, Q>&)’
  630 |         GLM_FUNC_QUALIFIER GLM_CONSTEXPR mat<4, 4, T, Q> operator*(mat<4, 4, T, Q> const& m1, mat<4, 4, T, Q> const& m2)
      |                                                          ^~~~~~~~
/usr/include/glm/detail/type_mat4x4.inl:630:58: note: template argument deduction/substitution failed:
/home/conner/Documents/GitHub/Project-Judas/tests/TerrainAuthoringTests.cpp:37:51: note:   ‘glm::vec<3, float, glm::packed_highp>’ is not derived from ‘const glm::mat<4, 4, T, Q>’
   37 |   auto sphere=p.SphereCast(worldPoint+worldNormal*5,.3f,-worldNormal,10);Check(sphere.hit&&std::abs(sphere.distance-4.7f)<.003&&glm::length(sphere.normal-worldNormal)<.003,"sphere cast uses edited physical surface");
      |                                                   ^
In file included from /usr/include/glm/detail/type_vec1.hpp:307,
                 from /usr/include/glm/exponential.hpp:17,
                 from /usr/include/glm/detail/func_geometric.inl:1,
                 from /usr/include/glm/geometric.hpp:116,
                 from /usr/include/glm/detail/func_matrix.inl:1,
                 from /usr/include/glm/matrix.hpp:161:
/usr/include/glm/detail/type_vec1.inl:352:55: note: candidate 79: ‘template<class T, glm::qualifier Q> constexpr glm::vec<1, T, Q> glm::operator*(const vec<1, T, Q>&, T)’
  352 |         GLM_FUNC_QUALIFIER GLM_CONSTEXPR vec<1, T, Q> operator*(vec<1, T, Q> const& v, T scalar)
      |                                                       ^~~~~~~~
/usr/include/glm/detail/type_vec1.inl:352:55: note: template argument deduction/substitution failed:
/home/conner/Documents/GitHub/Project-Judas/tests/TerrainAuthoringTests.cpp:37:51: note:   template argument ‘3’ does not match ‘1’
   37 |   auto sphere=p.SphereCast(worldPoint+worldNormal*5,.3f,-worldNormal,10);Check(sphere.hit&&std::abs(sphere.distance-4.7f)<.003&&glm::length(sphere.normal-worldNormal)<.003,"sphere cast uses edited physical surface");
      |                                                   ^
/usr/include/glm/detail/type_vec1.inl:359:55: note: candidate 80: ‘template<class T, glm::qualifier Q> constexpr glm::vec<1, T, Q> glm::operator*(T, const vec<1, T, Q>&)’
  359 |         GLM_FUNC_QUALIFIER GLM_CONSTEXPR vec<1, T, Q> operator*(T scalar, vec<1, T, Q> const& v)
      |                                                       ^~~~~~~~
/usr/include/glm/detail/type_vec1.inl:359:55: note: template argument deduction/substitution failed:
/home/conner/Documents/GitHub/Project-Judas/tests/TerrainAuthoringTests.cpp:37:51: note:   mismatched types ‘const glm::vec<1, T, Q>’ and ‘int’
   37 |   auto sphere=p.SphereCast(worldPoint+worldNormal*5,.3f,-worldNormal,10);Check(sphere.hit&&std::abs(sphere.distance-4.7f)<.003&&glm::length(sphere.normal-worldNormal)<.003,"sphere cast uses edited physical surface");
      |                                                   ^
/usr/include/glm/detail/type_vec1.inl:366:55: note: candidate 81: ‘template<class T, glm::qualifier Q> constexpr glm::vec<1, T, Q> glm::operator*(const vec<1, T, Q>&, const vec<1, T, Q>&)’
  366 |         GLM_FUNC_QUALIFIER GLM_CONSTEXPR vec<1, T, Q> operator*(vec<1, T, Q> const& v1, vec<1, T, Q> const& v2)
      |                                                       ^~~~~~~~
/usr/include/glm/detail/type_vec1.inl:366:55: note: template argument deduction/substitution failed:
/home/conner/Documents/GitHub/Project-Judas/tests/TerrainAuthoringTests.cpp:37:51: note:   template argument ‘3’ does not match ‘1’
   37 |   auto sphere=p.SphereCast(worldPoint+worldNormal*5,.3f,-worldNormal,10);Check(sphere.hit&&std::abs(sphere.distance-4.7f)<.003&&glm::length(sphere.normal-worldNormal)<.003,"sphere cast uses edited physical surface");
      |                                                   ^
In file included from /usr/include/glm/detail/type_quat.hpp:192,
                 from /usr/include/glm/ext/quaternion_float.hpp:23,
                 from /usr/include/glm/gtc/quaternion.hpp:21,
                 from /home/conner/Documents/GitHub/Project-Judas/src/Material.h:8,
                 from /home/conner/Documents/GitHub/Project-Judas/src/MeshData.h:9:
/usr/include/glm/detail/type_quat.inl:353:52: note: candidate 82: ‘template<class T, glm::qualifier Q> constexpr glm::qua<T, Q> glm::operator*(const qua<T, Q>&, const qua<T, Q>&)’
  353 |         GLM_FUNC_QUALIFIER GLM_CONSTEXPR qua<T, Q> operator*(qua<T, Q> const& q, qua<T, Q> const& p)
      |                                                    ^~~~~~~~
/usr/include/glm/detail/type_quat.inl:353:52: note: template argument deduction/substitution failed:
/home/conner/Documents/GitHub/Project-Judas/tests/TerrainAuthoringTests.cpp:37:51: note:   ‘glm::vec<3, float, glm::packed_highp>’ is not derived from ‘const glm::qua<T, Q>’
   37 |   auto sphere=p.SphereCast(worldPoint+worldNormal*5,.3f,-worldNormal,10);Check(sphere.hit&&std::abs(sphere.distance-4.7f)<.003&&glm::length(sphere.normal-worldNormal)<.003,"sphere cast uses edited physical surface");
      |                                                   ^
/usr/include/glm/detail/type_quat.inl:359:55: note: candidate 83: ‘template<class T, glm::qualifier Q> constexpr glm::vec<3, T, Q> glm::operator*(const qua<T, Q>&, const vec<3, T, Q>&)’
  359 |         GLM_FUNC_QUALIFIER GLM_CONSTEXPR vec<3, T, Q> operator*(qua<T, Q> const& q, vec<3, T, Q> const& v)
      |                                                       ^~~~~~~~
/usr/include/glm/detail/type_quat.inl:359:55: note: template argument deduction/substitution failed:
/home/conner/Documents/GitHub/Project-Judas/tests/TerrainAuthoringTests.cpp:37:51: note:   ‘glm::vec<3, float, glm::packed_highp>’ is not derived from ‘const glm::qua<T, Q>’
   37 |   auto sphere=p.SphereCast(worldPoint+worldNormal*5,.3f,-worldNormal,10);Check(sphere.hit&&std::abs(sphere.distance-4.7f)<.003&&glm::length(sphere.normal-worldNormal)<.003,"sphere cast uses edited physical surface");
      |                                                   ^
/usr/include/glm/detail/type_quat.inl:369:55: note: candidate 84: ‘template<class T, glm::qualifier Q> constexpr glm::vec<3, T, Q> glm::operator*(const vec<3, T, Q>&, const qua<T, Q>&)’
  369 |         GLM_FUNC_QUALIFIER GLM_CONSTEXPR vec<3, T, Q> operator*(vec<3, T, Q> const& v, qua<T, Q> const& q)
      |                                                       ^~~~~~~~
/usr/include/glm/detail/type_quat.inl:369:55: note: template argument deduction/substitution failed:
/home/conner/Documents/GitHub/Project-Judas/tests/TerrainAuthoringTests.cpp:37:51: note:   mismatched types ‘const glm::qua<T, Q>’ and ‘int’
   37 |   auto sphere=p.SphereCast(worldPoint+worldNormal*5,.3f,-worldNormal,10);Check(sphere.hit&&std::abs(sphere.distance-4.7f)<.003&&glm::length(sphere.normal-worldNormal)<.003,"sphere cast uses edited physical surface");
      |                                                   ^
/usr/include/glm/detail/type_quat.inl:375:55: note: candidate 85: ‘template<class T, glm::qualifier Q> constexpr glm::vec<4, T, Q> glm::operator*(const qua<T, Q>&, const vec<4, T, Q>&)’
  375 |         GLM_FUNC_QUALIFIER GLM_CONSTEXPR vec<4, T, Q> operator*(qua<T, Q> const& q, vec<4, T, Q> const& v)
      |                                                       ^~~~~~~~
/usr/include/glm/detail/type_quat.inl:375:55: note: template argument deduction/substitution failed:
/home/conner/Documents/GitHub/Project-Judas/tests/TerrainAuthoringTests.cpp:37:51: note:   ‘glm::vec<3, float, glm::packed_highp>’ is not derived from ‘const glm::qua<T, Q>’
   37 |   auto sphere=p.SphereCast(worldPoint+worldNormal*5,.3f,-worldNormal,10);Check(sphere.hit&&std::abs(sphere.distance-4.7f)<.003&&glm::length(sphere.normal-worldNormal)<.003,"sphere cast uses edited physical surface");
      |                                                   ^
/usr/include/glm/detail/type_quat.inl:381:55: note: candidate 86: ‘template<class T, glm::qualifier Q> constexpr glm::vec<4, T, Q> glm::operator*(const vec<4, T, Q>&, const qua<T, Q>&)’
  381 |         GLM_FUNC_QUALIFIER GLM_CONSTEXPR vec<4, T, Q> operator*(vec<4, T, Q> const& v, qua<T, Q> const& q)
      |                                                       ^~~~~~~~
/usr/include/glm/detail/type_quat.inl:381:55: note: template argument deduction/substitution failed:
/home/conner/Documents/GitHub/Project-Judas/tests/TerrainAuthoringTests.cpp:37:51: note:   template argument ‘3’ does not match ‘4’
   37 |   auto sphere=p.SphereCast(worldPoint+worldNormal*5,.3f,-worldNormal,10);Check(sphere.hit&&std::abs(sphere.distance-4.7f)<.003&&glm::length(sphere.normal-worldNormal)<.003,"sphere cast uses edited physical surface");
      |                                                   ^
/usr/include/glm/detail/type_quat.inl:387:52: note: candidate 87: ‘template<class T, glm::qualifier Q> constexpr glm::qua<T, Q> glm::operator*(const qua<T, Q>&, const T&)’
  387 |         GLM_FUNC_QUALIFIER GLM_CONSTEXPR qua<T, Q> operator*(qua<T, Q> const& q, T const& s)
      |                                                    ^~~~~~~~
/usr/include/glm/detail/type_quat.inl:387:52: note: template argument deduction/substitution failed:
/home/conner/Documents/GitHub/Project-Judas/tests/TerrainAuthoringTests.cpp:37:51: note:   ‘glm::vec<3, float, glm::packed_highp>’ is not derived from ‘const glm::qua<T, Q>’
   37 |   auto sphere=p.SphereCast(worldPoint+worldNormal*5,.3f,-worldNormal,10);Check(sphere.hit&&std::abs(sphere.distance-4.7f)<.003&&glm::length(sphere.normal-worldNormal)<.003,"sphere cast uses edited physical surface");
      |                                                   ^
/usr/include/glm/detail/type_quat.inl:394:52: note: candidate 88: ‘template<class T, glm::qualifier Q> constexpr glm::qua<T, Q> glm::operator*(const T&, const qua<T, Q>&)’
  394 |         GLM_FUNC_QUALIFIER GLM_CONSTEXPR qua<T, Q> operator*(T const& s, qua<T, Q> const& q)
      |                                                    ^~~~~~~~
/usr/include/glm/detail/type_quat.inl:394:52: note: template argument deduction/substitution failed:
/home/conner/Documents/GitHub/Project-Judas/tests/TerrainAuthoringTests.cpp:37:51: note:   mismatched types ‘const glm::qua<T, Q>’ and ‘int’
   37 |   auto sphere=p.SphereCast(worldPoint+worldNormal*5,.3f,-worldNormal,10);Check(sphere.hit&&std::abs(sphere.distance-4.7f)<.003&&glm::length(sphere.normal-worldNormal)<.003,"sphere cast uses edited physical surface");
      |                                                   ^
/home/conner/Documents/GitHub/Project-Judas/tests/TerrainAuthoringTests.cpp:38:53: error: no match for ‘operator*’ (operand types are ‘glm::vec<3, float, glm::packed_highp>’ and ‘int’)
   38 |   auto capsule=p.CapsuleCast({worldPoint+worldNormal*5,rotation},.3f,.6f,-worldNormal,10);float capsuleDistance=5-.3f-.6f*normal.y;Check(capsule.hit&&std::abs(capsule.distance-capsuleDistance)<.005,"capsule cast independent support extent");
      |                                          ~~~~~~~~~~~^~
      |                                          |           |
      |                                          |           int
      |                                          glm::vec<3, float, glm::packed_highp>
/home/conner/Documents/GitHub/Project-Judas/tests/TerrainAuthoringTests.cpp:38:53: note: there are 88 candidates
   38 |   auto capsule=p.CapsuleCast({worldPoint+worldNormal*5,rotation},.3f,.6f,-worldNormal,10);float capsuleDistance=5-.3f-.6f*normal.y;Check(capsule.hit&&std::abs(capsule.distance-capsuleDistance)<.005,"capsule cast independent support extent");
      |                                          ~~~~~~~~~~~^~
/usr/include/glm/detail/type_vec2.inl:559:55: note: candidate 1: ‘template<class T, glm::qualifier Q> constexpr glm::vec<2, T, Q> glm::operator*(const vec<2, T, Q>&, T)’
  559 |         GLM_FUNC_QUALIFIER GLM_CONSTEXPR vec<2, T, Q> operator*(vec<2, T, Q> const& v, T scalar)
      |                                                       ^~~~~~~~
/usr/include/glm/detail/type_vec2.inl:559:55: note: template argument deduction/substitution failed:
/home/conner/Documents/GitHub/Project-Judas/tests/TerrainAuthoringTests.cpp:38:54: note:   template argument ‘3’ does not match ‘2’
   38 |   auto capsule=p.CapsuleCast({worldPoint+worldNormal*5,rotation},.3f,.6f,-worldNormal,10);float capsuleDistance=5-.3f-.6f*normal.y;Check(capsule.hit&&std::abs(capsule.distance-capsuleDistance)<.005,"capsule cast independent support extent");
      |                                                      ^
/usr/include/glm/detail/type_vec2.inl:567:55: note: candidate 2: ‘template<class T, glm::qualifier Q> constexpr glm::vec<2, T, Q> glm::operator*(const vec<2, T, Q>&, const vec<1, T, Q>&)’
  567 |         GLM_FUNC_QUALIFIER GLM_CONSTEXPR vec<2, T, Q> operator*(vec<2, T, Q> const& v1, vec<1, T, Q> const& v2)
      |                                                       ^~~~~~~~
/usr/include/glm/detail/type_vec2.inl:567:55: note: template argument deduction/substitution failed:
/home/conner/Documents/GitHub/Project-Judas/tests/TerrainAuthoringTests.cpp:38:54: note:   template argument ‘3’ does not match ‘2’
   38 |   auto capsule=p.CapsuleCast({worldPoint+worldNormal*5,rotation},.3f,.6f,-worldNormal,10);float capsuleDistance=5-.3f-.6f*normal.y;Check(capsule.hit&&std::abs(capsule.distance-capsuleDistance)<.005,"capsule cast independent support extent");
      |                                                      ^
/usr/include/glm/detail/type_vec2.inl:575:55: note: candidate 3: ‘template<class T, glm::qualifier Q> constexpr glm::vec<2, T, Q> glm::operator*(T, const vec<2, T, Q>&)’
  575 |         GLM_FUNC_QUALIFIER GLM_CONSTEXPR vec<2, T, Q> operator*(T scalar, vec<2, T, Q> const& v)
      |                                                       ^~~~~~~~
/usr/include/glm/detail/type_vec2.inl:575:55: note: template argument deduction/substitution failed:
/home/conner/Documents/GitHub/Project-Judas/tests/TerrainAuthoringTests.cpp:38:54: note:   mismatched types ‘const glm::vec<2, T, Q>’ and ‘int’
   38 |   auto capsule=p.CapsuleCast({worldPoint+worldNormal*5,rotation},.3f,.6f,-worldNormal,10);float capsuleDistance=5-.3f-.6f*normal.y;Check(capsule.hit&&std::abs(capsule.distance-capsuleDistance)<.005,"capsule cast independent support extent");
      |                                                      ^
/usr/include/glm/detail/type_vec2.inl:583:55: note: candidate 4: ‘template<class T, glm::qualifier Q> constexpr glm::vec<2, T, Q> glm::operator*(const vec<1, T, Q>&, const vec<2, T, Q>&)’
  583 |         GLM_FUNC_QUALIFIER GLM_CONSTEXPR vec<2, T, Q> operator*(vec<1, T, Q> const& v1, vec<2, T, Q> const& v2)
      |                                                       ^~~~~~~~
/usr/include/glm/detail/type_vec2.inl:583:55: note: template argument deduction/substitution failed:
/home/conner/Documents/GitHub/Project-Judas/tests/TerrainAuthoringTests.cpp:38:54: note:   template argument ‘3’ does not match ‘1’
   38 |   auto capsule=p.CapsuleCast({worldPoint+worldNormal*5,rotation},.3f,.6f,-worldNormal,10);float capsuleDistance=5-.3f-.6f*normal.y;Check(capsule.hit&&std::abs(capsule.distance-capsuleDistance)<.005,"capsule cast independent support extent");
      |                                                      ^
/usr/include/glm/detail/type_vec2.inl:591:55: note: candidate 5: ‘template<class T, glm::qualifier Q> constexpr glm::vec<2, T, Q> glm::operator*(const vec<2, T, Q>&, const vec<2, T, Q>&)’
  591 |         GLM_FUNC_QUALIFIER GLM_CONSTEXPR vec<2, T, Q> operator*(vec<2, T, Q> const& v1, vec<2, T, Q> const& v2)
      |                                                       ^~~~~~~~
/usr/include/glm/detail/type_vec2.inl:591:55: note: template argument deduction/substitution failed:
/home/conner/Documents/GitHub/Project-Judas/tests/TerrainAuthoringTests.cpp:38:54: note:   template argument ‘3’ does not match ‘2’
   38 |   auto capsule=p.CapsuleCast({worldPoint+worldNormal*5,rotation},.3f,.6f,-worldNormal,10);float capsuleDistance=5-.3f-.6f*normal.y;Check(capsule.hit&&std::abs(capsule.distance-capsuleDistance)<.005,"capsule cast independent support extent");
      |                                                      ^
/usr/include/glm/detail/type_vec3.inl:672:55: note: candidate 6: ‘template<class T, glm::qualifier Q> constexpr glm::vec<3, T, Q> glm::operator*(const vec<3, T, Q>&, T)’
  672 |         GLM_FUNC_QUALIFIER GLM_CONSTEXPR vec<3, T, Q> operator*(vec<3, T, Q> const& v, T scalar)
      |                                                       ^~~~~~~~
/usr/include/glm/detail/type_vec3.inl:672:55: note: template argument deduction/substitution failed:
/home/conner/Documents/GitHub/Project-Judas/tests/TerrainAuthoringTests.cpp:38:54: note:   deduced conflicting types for parameter ‘T’ (‘float’ and ‘int’)
   38 |   auto capsule=p.CapsuleCast({worldPoint+worldNormal*5,rotation},.3f,.6f,-worldNormal,10);float capsuleDistance=5-.3f-.6f*normal.y;Check(capsule.hit&&std::abs(capsule.distance-capsuleDistance)<.005,"capsule cast independent support extent");
      |                                                      ^
/usr/include/glm/detail/type_vec3.inl:681:55: note: candidate 7: ‘template<class T, glm::qualifier Q> constexpr glm::vec<3, T, Q> glm::operator*(const vec<3, T, Q>&, const vec<1, T, Q>&)’
  681 |         GLM_FUNC_QUALIFIER GLM_CONSTEXPR vec<3, T, Q> operator*(vec<3, T, Q> const& v, vec<1, T, Q> const& scalar)
      |                                                       ^~~~~~~~
/usr/include/glm/detail/type_vec3.inl:681:55: note: template argument deduction/substitution failed:
/home/conner/Documents/GitHub/Project-Judas/tests/TerrainAuthoringTests.cpp:38:54: note:   mismatched types ‘const glm::vec<1, T, Q>’ and ‘int’
   38 |   auto capsule=p.CapsuleCast({worldPoint+worldNormal*5,rotation},.3f,.6f,-worldNormal,10);float capsuleDistance=5-.3f-.6f*normal.y;Check(capsule.hit&&std::abs(capsule.distance-capsuleDistance)<.005,"capsule cast independent support extent");
      |                                                      ^
/usr/include/glm/detail/type_vec3.inl:690:55: note: candidate 8: ‘template<class T, glm::qualifier Q> constexpr glm::vec<3, T, Q> glm::operator*(T, const vec<3, T, Q>&)’
  690 |         GLM_FUNC_QUALIFIER GLM_CONSTEXPR vec<3, T, Q> operator*(T scalar, vec<3, T, Q> const& v)
      |                                                       ^~~~~~~~
/usr/include/glm/detail/type_vec3.inl:690:55: note: template argument deduction/substitution failed:
/home/conner/Documents/GitHub/Project-Judas/tests/TerrainAuthoringTests.cpp:38:54: note:   mismatched types ‘const glm::vec<3, T, Q>’ and ‘int’
   38 |   auto capsule=p.CapsuleCast({worldPoint+worldNormal*5,rotation},.3f,.6f,-worldNormal,10);float capsuleDistance=5-.3f-.6f*normal.y;Check(capsule.hit&&std::abs(capsule.distance-capsuleDistance)<.005,"capsule cast independent support extent");
      |                                                      ^
/usr/include/glm/detail/type_vec3.inl:699:55: note: candidate 9: ‘template<class T, glm::qualifier Q> constexpr glm::vec<3, T, Q> glm::operator*(const vec<1, T, Q>&, const vec<3, T, Q>&)’
  699 |         GLM_FUNC_QUALIFIER GLM_CONSTEXPR vec<3, T, Q> operator*(vec<1, T, Q> const& scalar, vec<3, T, Q> const& v)
      |                                                       ^~~~~~~~
/usr/include/glm/detail/type_vec3.inl:699:55: note: template argument deduction/substitution failed:
/home/conner/Documents/GitHub/Project-Judas/tests/TerrainAuthoringTests.cpp:38:54: note:   template argument ‘3’ does not match ‘1’
   38 |   auto capsule=p.CapsuleCast({worldPoint+worldNormal*5,rotation},.3f,.6f,-worldNormal,10);float capsuleDistance=5-.3f-.6f*normal.y;Check(capsule.hit&&std::abs(capsule.distance-capsuleDistance)<.005,"capsule cast independent support extent");
      |                                                      ^
/usr/include/glm/detail/type_vec3.inl:708:55: note: candidate 10: ‘template<class T, glm::qualifier Q> constexpr glm::vec<3, T, Q> glm::operator*(const vec<3, T, Q>&, const vec<3, T, Q>&)’
  708 |         GLM_FUNC_QUALIFIER GLM_CONSTEXPR vec<3, T, Q> operator*(vec<3, T, Q> const& v1, vec<3, T, Q> const& v2)
      |                                                       ^~~~~~~~
/usr/include/glm/detail/type_vec3.inl:708:55: note: template argument deduction/substitution failed:
/home/conner/Documents/GitHub/Project-Judas/tests/TerrainAuthoringTests.cpp:38:54: note:   mismatched types ‘const glm::vec<3, T, Q>’ and ‘int’
   38 |   auto capsule=p.CapsuleCast({worldPoint+worldNormal*5,rotation},.3f,.6f,-worldNormal,10);float capsuleDistance=5-.3f-.6f*normal.y;Check(capsule.hit&&std::abs(capsule.distance-capsuleDistance)<.005,"capsule cast independent support extent");
      |                                                      ^
/usr/include/glm/detail/type_vec4.inl:866:55: note: candidate 11: ‘template<class T, glm::qualifier Q> constexpr glm::vec<4, T, Q> glm::operator*(const vec<4, T, Q>&, T)’
  866 |         GLM_FUNC_QUALIFIER GLM_CONSTEXPR vec<4, T, Q> operator*(vec<4, T, Q> const& v, T scalar)
      |                                                       ^~~~~~~~
/usr/include/glm/detail/type_vec4.inl:866:55: note: template argument deduction/substitution failed:
/home/conner/Documents/GitHub/Project-Judas/tests/TerrainAuthoringTests.cpp:38:54: note:   template argument ‘3’ does not match ‘4’
   38 |   auto capsule=p.CapsuleCast({worldPoint+worldNormal*5,rotation},.3f,.6f,-worldNormal,10);float capsuleDistance=5-.3f-.6f*normal.y;Check(capsule.hit&&std::abs(capsule.distance-capsuleDistance)<.005,"capsule cast independent support extent");
      |                                                      ^
/usr/include/glm/detail/type_vec4.inl:872:55: note: candidate 12: ‘template<class T, glm::qualifier Q> constexpr glm::vec<4, T, Q> glm::operator*(const vec<4, T, Q>&, const vec<1, T, Q>&)’
  872 |         GLM_FUNC_QUALIFIER GLM_CONSTEXPR vec<4, T, Q> operator*(vec<4, T, Q> const& v1, vec<1, T, Q> const& v2)
      |                                                       ^~~~~~~~
/usr/include/glm/detail/type_vec4.inl:872:55: note: template argument deduction/substitution failed:
/home/conner/Documents/GitHub/Project-Judas/tests/TerrainAuthoringTests.cpp:38:54: note:   template argument ‘3’ does not match ‘4’
   38 |   auto capsule=p.CapsuleCast({worldPoint+worldNormal*5,rotation},.3f,.6f,-worldNormal,10);float capsuleDistance=5-.3f-.6f*normal.y;Check(capsule.hit&&std::abs(capsule.distance-capsuleDistance)<.005,"capsule cast independent support extent");
      |                                                      ^
/usr/include/glm/detail/type_vec4.inl:878:55: note: candidate 13: ‘template<class T, glm::qualifier Q> constexpr glm::vec<4, T, Q> glm::operator*(T, const vec<4, T, Q>&)’
  878 |         GLM_FUNC_QUALIFIER GLM_CONSTEXPR vec<4, T, Q> operator*(T scalar, vec<4, T, Q> const& v)
      |                                                       ^~~~~~~~
/usr/include/glm/detail/type_vec4.inl:878:55: note: template argument deduction/substitution failed:
/home/conner/Documents/GitHub/Project-Judas/tests/TerrainAuthoringTests.cpp:38:54: note:   mismatched types ‘const glm::vec<4, T, Q>’ and ‘int’
   38 |   auto capsule=p.CapsuleCast({worldPoint+worldNormal*5,rotation},.3f,.6f,-worldNormal,10);float capsuleDistance=5-.3f-.6f*normal.y;Check(capsule.hit&&std::abs(capsule.distance-capsuleDistance)<.005,"capsule cast independent support extent");
      |                                                      ^
/usr/include/glm/detail/type_vec4.inl:884:55: note: candidate 14: ‘template<class T, glm::qualifier Q> constexpr glm::vec<4, T, Q> glm::operator*(const vec<1, T, Q>&, const vec<4, T, Q>&)’
  884 |         GLM_FUNC_QUALIFIER GLM_CONSTEXPR vec<4, T, Q> operator*(vec<1, T, Q> const& v1, vec<4, T, Q> const& v2)
      |                                                       ^~~~~~~~
/usr/include/glm/detail/type_vec4.inl:884:55: note: template argument deduction/substitution failed:
/home/conner/Documents/GitHub/Project-Judas/tests/TerrainAuthoringTests.cpp:38:54: note:   template argument ‘3’ does not match ‘1’
   38 |   auto capsule=p.CapsuleCast({worldPoint+worldNormal*5,rotation},.3f,.6f,-worldNormal,10);float capsuleDistance=5-.3f-.6f*normal.y;Check(capsule.hit&&std::abs(capsule.distance-capsuleDistance)<.005,"capsule cast independent support extent");
      |                                                      ^
/usr/include/glm/detail/type_vec4.inl:890:55: note: candidate 15: ‘template<class T, glm::qualifier Q> constexpr glm::vec<4, T, Q> glm::operator*(const vec<4, T, Q>&, const vec<4, T, Q>&)’
  890 |         GLM_FUNC_QUALIFIER GLM_CONSTEXPR vec<4, T, Q> operator*(vec<4, T, Q> const& v1, vec<4, T, Q> const& v2)
      |                                                       ^~~~~~~~
/usr/include/glm/detail/type_vec4.inl:890:55: note: template argument deduction/substitution failed:
/home/conner/Documents/GitHub/Project-Judas/tests/TerrainAuthoringTests.cpp:38:54: note:   template argument ‘3’ does not match ‘4’
   38 |   auto capsule=p.CapsuleCast({worldPoint+worldNormal*5,rotation},.3f,.6f,-worldNormal,10);float capsuleDistance=5-.3f-.6f*normal.y;Check(capsule.hit&&std::abs(capsule.distance-capsuleDistance)<.005,"capsule cast independent support extent");
      |                                                      ^
/usr/include/glm/detail/type_mat2x2.inl:413:58: note: candidate 16: ‘template<class T, glm::qualifier Q> constexpr glm::mat<2, 2, T, Q> glm::operator*(const mat<2, 2, T, Q>&, T)’
  413 |         GLM_FUNC_QUALIFIER GLM_CONSTEXPR mat<2, 2, T, Q> operator*(mat<2, 2, T, Q> const& m, T scalar)
      |                                                          ^~~~~~~~
/usr/include/glm/detail/type_mat2x2.inl:413:58: note: template argument deduction/substitution failed:
/home/conner/Documents/GitHub/Project-Judas/tests/TerrainAuthoringTests.cpp:38:54: note:   ‘glm::vec<3, float, glm::packed_highp>’ is not derived from ‘const glm::mat<2, 2, T, Q>’
   38 |   auto capsule=p.CapsuleCast({worldPoint+worldNormal*5,rotation},.3f,.6f,-worldNormal,10);float capsuleDistance=5-.3f-.6f*normal.y;Check(capsule.hit&&std::abs(capsule.distance-capsuleDistance)<.005,"capsule cast independent support extent");
      |                                                      ^
/usr/include/glm/detail/type_mat2x2.inl:421:58: note: candidate 17: ‘template<class T, glm::qualifier Q> constexpr glm::mat<2, 2, T, Q> glm::operator*(T, const mat<2, 2, T, Q>&)’
  421 |         GLM_FUNC_QUALIFIER GLM_CONSTEXPR mat<2, 2, T, Q> operator*(T scalar, mat<2, 2, T, Q> const& m)
      |                                                          ^~~~~~~~
/usr/include/glm/detail/type_mat2x2.inl:421:58: note: template argument deduction/substitution failed:
/home/conner/Documents/GitHub/Project-Judas/tests/TerrainAuthoringTests.cpp:38:54: note:   mismatched types ‘const glm::mat<2, 2, T, Q>’ and ‘int’
   38 |   auto capsule=p.CapsuleCast({worldPoint+worldNormal*5,rotation},.3f,.6f,-worldNormal,10);float capsuleDistance=5-.3f-.6f*normal.y;Check(capsule.hit&&std::abs(capsule.distance-capsuleDistance)<.005,"capsule cast independent support extent");
      |                                                      ^
/usr/include/glm/detail/type_mat2x2.inl:429:77: note: candidate 18: ‘template<class T, glm::qualifier Q> constexpr typename glm::mat<2, 2, T, Q>::col_type glm::operator*(const mat<2, 2, T, Q>&, const typename mat<2, 2, T, Q>::row_type&)’
  429 |         GLM_FUNC_QUALIFIER GLM_CONSTEXPR typename mat<2, 2, T, Q>::col_type operator*
      |                                                                             ^~~~~~~~
/usr/include/glm/detail/type_mat2x2.inl:429:77: note: template argument deduction/substitution failed:
/home/conner/Documents/GitHub/Project-Judas/tests/TerrainAuthoringTests.cpp:38:54: note:   ‘glm::vec<3, float, glm::packed_highp>’ is not derived from ‘const glm::mat<2, 2, T, Q>’
   38 |   auto capsule=p.CapsuleCast({worldPoint+worldNormal*5,rotation},.3f,.6f,-worldNormal,10);float capsuleDistance=5-.3f-.6f*normal.y;Check(capsule.hit&&std::abs(capsule.distance-capsuleDistance)<.005,"capsule cast independent support extent");
      |                                                      ^
/usr/include/glm/detail/type_mat2x2.inl:441:77: note: candidate 19: ‘template<class T, glm::qualifier Q> constexpr typename glm::mat<2, 2, T, Q>::row_type glm::operator*(const typename mat<2, 2, T, Q>::col_type&, const mat<2, 2, T, Q>&)’
  441 |         GLM_FUNC_QUALIFIER GLM_CONSTEXPR typename mat<2, 2, T, Q>::row_type operator*
      |                                                                             ^~~~~~~~
/usr/include/glm/detail/type_mat2x2.inl:441:77: note: template argument deduction/substitution failed:
/home/conner/Documents/GitHub/Project-Judas/tests/TerrainAuthoringTests.cpp:38:54: note:   mismatched types ‘const glm::mat<2, 2, T, Q>’ and ‘int’
   38 |   auto capsule=p.CapsuleCast({worldPoint+worldNormal*5,rotation},.3f,.6f,-worldNormal,10);float capsuleDistance=5-.3f-.6f*normal.y;Check(capsule.hit&&std::abs(capsule.distance-capsuleDistance)<.005,"capsule cast independent support extent");
      |                                                      ^
/usr/include/glm/detail/type_mat2x2.inl:453:58: note: candidate 20: ‘template<class T, glm::qualifier Q> constexpr glm::mat<2, 2, T, Q> glm::operator*(const mat<2, 2, T, Q>&, const mat<2, 2, T, Q>&)’
  453 |         GLM_FUNC_QUALIFIER GLM_CONSTEXPR mat<2, 2, T, Q> operator*(mat<2, 2, T, Q> const& m1, mat<2, 2, T, Q> const& m2)
      |                                                          ^~~~~~~~
/usr/include/glm/detail/type_mat2x2.inl:453:58: note: template argument deduction/substitution failed:
/home/conner/Documents/GitHub/Project-Judas/tests/TerrainAuthoringTests.cpp:38:54: note:   ‘glm::vec<3, float, glm::packed_highp>’ is not derived from ‘const glm::mat<2, 2, T, Q>’
   38 |   auto capsule=p.CapsuleCast({worldPoint+worldNormal*5,rotation},.3f,.6f,-worldNormal,10);float capsuleDistance=5-.3f-.6f*normal.y;Check(capsule.hit&&std::abs(capsule.distance-capsuleDistance)<.005,"capsule cast independent support extent");
      |                                                      ^
/usr/include/glm/detail/type_mat2x2.inl:463:58: note: candidate 21: ‘template<class T, glm::qualifier Q> constexpr glm::mat<3, 2, T, Q> glm::operator*(const mat<2, 2, T, Q>&, const mat<3, 2, T, Q>&)’
  463 |         GLM_FUNC_QUALIFIER GLM_CONSTEXPR mat<3, 2, T, Q> operator*(mat<2, 2, T, Q> const& m1, mat<3, 2, T, Q> const& m2)
      |                                                          ^~~~~~~~
/usr/include/glm/detail/type_mat2x2.inl:463:58: note: template argument deduction/substitution failed:
/home/conner/Documents/GitHub/Project-Judas/tests/TerrainAuthoringTests.cpp:38:54: note:   ‘glm::vec<3, float, glm::packed_highp>’ is not derived from ‘const glm::mat<2, 2, T, Q>’
   38 |   auto capsule=p.CapsuleCast({worldPoint+worldNormal*5,rotation},.3f,.6f,-worldNormal,10);float capsuleDistance=5-.3f-.6f*normal.y;Check(capsule.hit&&std::abs(capsule.distance-capsuleDistance)<.005,"capsule cast independent support extent");
      |                                                      ^
/usr/include/glm/detail/type_mat2x2.inl:475:58: note: candidate 22: ‘template<class T, glm::qualifier Q> constexpr glm::mat<4, 2, T, Q> glm::operator*(const mat<2, 2, T, Q>&, const mat<4, 2, T, Q>&)’
  475 |         GLM_FUNC_QUALIFIER GLM_CONSTEXPR mat<4, 2, T, Q> operator*(mat<2, 2, T, Q> const& m1, mat<4, 2, T, Q> const& m2)
      |                                                          ^~~~~~~~
/usr/include/glm/detail/type_mat2x2.inl:475:58: note: template argument deduction/substitution failed:
/home/conner/Documents/GitHub/Project-Judas/tests/TerrainAuthoringTests.cpp:38:54: note:   ‘glm::vec<3, float, glm::packed_highp>’ is not derived from ‘const glm::mat<2, 2, T, Q>’
   38 |   auto capsule=p.CapsuleCast({worldPoint+worldNormal*5,rotation},.3f,.6f,-worldNormal,10);float capsuleDistance=5-.3f-.6f*normal.y;Check(capsule.hit&&std::abs(capsule.distance-capsuleDistance)<.005,"capsule cast independent support extent");
      |                                                      ^
/usr/include/glm/detail/type_mat2x3.inl:383:58: note: candidate 23: ‘template<class T, glm::qualifier Q> constexpr glm::mat<2, 3, T, Q> glm::operator*(const mat<2, 3, T, Q>&, T)’
  383 |         GLM_FUNC_QUALIFIER GLM_CONSTEXPR mat<2, 3, T, Q> operator*(mat<2, 3, T, Q> const& m, T scalar)
      |                                                          ^~~~~~~~
/usr/include/glm/detail/type_mat2x3.inl:383:58: note: template argument deduction/substitution failed:
/home/conner/Documents/GitHub/Project-Judas/tests/TerrainAuthoringTests.cpp:38:54: note:   ‘glm::vec<3, float, glm::packed_highp>’ is not derived from ‘const glm::mat<2, 3, T, Q>’
   38 |   auto capsule=p.CapsuleCast({worldPoint+worldNormal*5,rotation},.3f,.6f,-worldNormal,10);float capsuleDistance=5-.3f-.6f*normal.y;Check(capsule.hit&&std::abs(capsule.distance-capsuleDistance)<.005,"capsule cast independent support extent");
      |                                                      ^
/usr/include/glm/detail/type_mat2x3.inl:391:58: note: candidate 24: ‘template<class T, glm::qualifier Q> constexpr glm::mat<2, 3, T, Q> glm::operator*(T, const mat<2, 3, T, Q>&)’
  391 |         GLM_FUNC_QUALIFIER GLM_CONSTEXPR mat<2, 3, T, Q> operator*(T scalar, mat<2, 3, T, Q> const& m)
      |                                                          ^~~~~~~~
/usr/include/glm/detail/type_mat2x3.inl:391:58: note: template argument deduction/substitution failed:
/home/conner/Documents/GitHub/Project-Judas/tests/TerrainAuthoringTests.cpp:38:54: note:   mismatched types ‘const glm::mat<2, 3, T, Q>’ and ‘int’
   38 |   auto capsule=p.CapsuleCast({worldPoint+worldNormal*5,rotation},.3f,.6f,-worldNormal,10);float capsuleDistance=5-.3f-.6f*normal.y;Check(capsule.hit&&std::abs(capsule.distance-capsuleDistance)<.005,"capsule cast independent support extent");
      |                                                      ^
/usr/include/glm/detail/type_mat2x3.inl:399:77: note: candidate 25: ‘template<class T, glm::qualifier Q> constexpr typename glm::mat<2, 3, T, Q>::col_type glm::operator*(const mat<2, 3, T, Q>&, const typename mat<2, 3, T, Q>::row_type&)’
  399 |         GLM_FUNC_QUALIFIER GLM_CONSTEXPR typename mat<2, 3, T, Q>::col_type operator*
      |                                                                             ^~~~~~~~
/usr/include/glm/detail/type_mat2x3.inl:399:77: note: template argument deduction/substitution failed:
/home/conner/Documents/GitHub/Project-Judas/tests/TerrainAuthoringTests.cpp:38:54: note:   ‘glm::vec<3, float, glm::packed_highp>’ is not derived from ‘const glm::mat<2, 3, T, Q>’
   38 |   auto capsule=p.CapsuleCast({worldPoint+worldNormal*5,rotation},.3f,.6f,-worldNormal,10);float capsuleDistance=5-.3f-.6f*normal.y;Check(capsule.hit&&std::abs(capsule.distance-capsuleDistance)<.005,"capsule cast independent support extent");
      |                                                      ^
/usr/include/glm/detail/type_mat2x3.inl:411:77: note: candidate 26: ‘template<class T, glm::qualifier Q> constexpr typename glm::mat<2, 3, T, Q>::row_type glm::operator*(const typename mat<2, 3, T, Q>::col_type&, const mat<2, 3, T, Q>&)’
  411 |         GLM_FUNC_QUALIFIER GLM_CONSTEXPR typename mat<2, 3, T, Q>::row_type operator*
      |                                                                             ^~~~~~~~
/usr/include/glm/detail/type_mat2x3.inl:411:77: note: template argument deduction/substitution failed:
/home/conner/Documents/GitHub/Project-Judas/tests/TerrainAuthoringTests.cpp:38:54: note:   mismatched types ‘const glm::mat<2, 3, T, Q>’ and ‘int’
   38 |   auto capsule=p.CapsuleCast({worldPoint+worldNormal*5,rotation},.3f,.6f,-worldNormal,10);float capsuleDistance=5-.3f-.6f*normal.y;Check(capsule.hit&&std::abs(capsule.distance-capsuleDistance)<.005,"capsule cast independent support extent");
      |                                                      ^
/usr/include/glm/detail/type_mat2x3.inl:422:58: note: candidate 27: ‘template<class T, glm::qualifier Q> constexpr glm::mat<2, 3, T, Q> glm::operator*(const mat<2, 3, T, Q>&, const mat<2, 2, T, Q>&)’
  422 |         GLM_FUNC_QUALIFIER GLM_CONSTEXPR mat<2, 3, T, Q> operator*(mat<2, 3, T, Q> const& m1, mat<2, 2, T, Q> const& m2)
      |                                                          ^~~~~~~~
/usr/include/glm/detail/type_mat2x3.inl:422:58: note: template argument deduction/substitution failed:
/home/conner/Documents/GitHub/Project-Judas/tests/TerrainAuthoringTests.cpp:38:54: note:   ‘glm::vec<3, float, glm::packed_highp>’ is not derived from ‘const glm::mat<2, 3, T, Q>’
   38 |   auto capsule=p.CapsuleCast({worldPoint+worldNormal*5,rotation},.3f,.6f,-worldNormal,10);float capsuleDistance=5-.3f-.6f*normal.y;Check(capsule.hit&&std::abs(capsule.distance-capsuleDistance)<.005,"capsule cast independent support extent");
      |                                                      ^
/usr/include/glm/detail/type_mat2x3.inl:434:58: note: candidate 28: ‘template<class T, glm::qualifier Q> constexpr glm::mat<3, 3, T, Q> glm::operator*(const mat<2, 3, T, Q>&, const mat<3, 2, T, Q>&)’
  434 |         GLM_FUNC_QUALIFIER GLM_CONSTEXPR mat<3, 3, T, Q> operator*(mat<2, 3, T, Q> const& m1, mat<3, 2, T, Q> const& m2)
      |                                                          ^~~~~~~~
/usr/include/glm/detail/type_mat2x3.inl:434:58: note: template argument deduction/substitution failed:
/home/conner/Documents/GitHub/Project-Judas/tests/TerrainAuthoringTests.cpp:38:54: note:   ‘glm::vec<3, float, glm::packed_highp>’ is not derived from ‘const glm::mat<2, 3, T, Q>’
   38 |   auto capsule=p.CapsuleCast({worldPoint+worldNormal*5,rotation},.3f,.6f,-worldNormal,10);float capsuleDistance=5-.3f-.6f*normal.y;Check(capsule.hit&&std::abs(capsule.distance-capsuleDistance)<.005,"capsule cast independent support extent");
      |                                                      ^
/usr/include/glm/detail/type_mat2x3.inl:464:58: note: candidate 29: ‘template<class T, glm::qualifier Q> constexpr glm::mat<4, 3, T, Q> glm::operator*(const mat<2, 3, T, Q>&, const mat<4, 2, T, Q>&)’
  464 |         GLM_FUNC_QUALIFIER GLM_CONSTEXPR mat<4, 3, T, Q> operator*(mat<2, 3, T, Q> const& m1, mat<4, 2, T, Q> const& m2)
      |                                                          ^~~~~~~~
/usr/include/glm/detail/type_mat2x3.inl:464:58: note: template argument deduction/substitution failed:
/home/conner/Documents/GitHub/Project-Judas/tests/TerrainAuthoringTests.cpp:38:54: note:   ‘glm::vec<3, float, glm::packed_highp>’ is not derived from ‘const glm::mat<2, 3, T, Q>’
   38 |   auto capsule=p.CapsuleCast({worldPoint+worldNormal*5,rotation},.3f,.6f,-worldNormal,10);float capsuleDistance=5-.3f-.6f*normal.y;Check(capsule.hit&&std::abs(capsule.distance-capsuleDistance)<.005,"capsule cast independent support extent");
      |                                                      ^
/usr/include/glm/detail/type_mat2x4.inl:385:58: note: candidate 30: ‘template<class T, glm::qualifier Q> constexpr glm::mat<2, 4, T, Q> glm::operator*(const mat<2, 4, T, Q>&, T)’
  385 |         GLM_FUNC_QUALIFIER GLM_CONSTEXPR mat<2, 4, T, Q> operator*(mat<2, 4, T, Q> const& m, T scalar)
      |                                                          ^~~~~~~~
/usr/include/glm/detail/type_mat2x4.inl:385:58: note: template argument deduction/substitution failed:
/home/conner/Documents/GitHub/Project-Judas/tests/TerrainAuthoringTests.cpp:38:54: note:   ‘glm::vec<3, float, glm::packed_highp>’ is not derived from ‘const glm::mat<2, 4, T, Q>’
   38 |   auto capsule=p.CapsuleCast({worldPoint+worldNormal*5,rotation},.3f,.6f,-worldNormal,10);float capsuleDistance=5-.3f-.6f*normal.y;Check(capsule.hit&&std::abs(capsule.distance-capsuleDistance)<.005,"capsule cast independent support extent");
      |                                                      ^
/usr/include/glm/detail/type_mat2x4.inl:393:58: note: candidate 31: ‘template<class T, glm::qualifier Q> constexpr glm::mat<2, 4, T, Q> glm::operator*(T, const mat<2, 4, T, Q>&)’
  393 |         GLM_FUNC_QUALIFIER GLM_CONSTEXPR mat<2, 4, T, Q> operator*(T scalar, mat<2, 4, T, Q> const& m)
      |                                                          ^~~~~~~~
/usr/include/glm/detail/type_mat2x4.inl:393:58: note: template argument deduction/substitution failed:
/home/conner/Documents/GitHub/Project-Judas/tests/TerrainAuthoringTests.cpp:38:54: note:   mismatched types ‘const glm::mat<2, 4, T, Q>’ and ‘int’
   38 |   auto capsule=p.CapsuleCast({worldPoint+worldNormal*5,rotation},.3f,.6f,-worldNormal,10);float capsuleDistance=5-.3f-.6f*normal.y;Check(capsule.hit&&std::abs(capsule.distance-capsuleDistance)<.005,"capsule cast independent support extent");
      |                                                      ^
/usr/include/glm/detail/type_mat2x4.inl:401:77: note: candidate 32: ‘template<class T, glm::qualifier Q> constexpr typename glm::mat<2, 4, T, Q>::col_type glm::operator*(const mat<2, 4, T, Q>&, const typename mat<2, 4, T, Q>::row_type&)’
  401 |         GLM_FUNC_QUALIFIER GLM_CONSTEXPR typename mat<2, 4, T, Q>::col_type operator*(mat<2, 4, T, Q> const& m, typename mat<2, 4, T, Q>::row_type const& v)
      |                                                                             ^~~~~~~~
/usr/include/glm/detail/type_mat2x4.inl:401:77: note: template argument deduction/substitution failed:
/home/conner/Documents/GitHub/Project-Judas/tests/TerrainAuthoringTests.cpp:38:54: note:   ‘glm::vec<3, float, glm::packed_highp>’ is not derived from ‘const glm::mat<2, 4, T, Q>’
   38 |   auto capsule=p.CapsuleCast({worldPoint+worldNormal*5,rotation},.3f,.6f,-worldNormal,10);float capsuleDistance=5-.3f-.6f*normal.y;Check(capsule.hit&&std::abs(capsule.distance-capsuleDistance)<.005,"capsule cast independent support extent");
      |                                                      ^
/usr/include/glm/detail/type_mat2x4.inl:411:77: note: candidate 33: ‘template<class T, glm::qualifier Q> constexpr typename glm::mat<2, 4, T, Q>::row_type glm::operator*(const typename mat<2, 4, T, Q>::col_type&, const mat<2, 4, T, Q>&)’
  411 |         GLM_FUNC_QUALIFIER GLM_CONSTEXPR typename mat<2, 4, T, Q>::row_type operator*(typename mat<2, 4, T, Q>::col_type const& v, mat<2, 4, T, Q> const& m)
      |                                                                             ^~~~~~~~
/usr/include/glm/detail/type_mat2x4.inl:411:77: note: template argument deduction/substitution failed:
/home/conner/Documents/GitHub/Project-Judas/tests/TerrainAuthoringTests.cpp:38:54: note:   mismatched types ‘const glm::mat<2, 4, T, Q>’ and ‘int’
   38 |   auto capsule=p.CapsuleCast({worldPoint+worldNormal*5,rotation},.3f,.6f,-worldNormal,10);float capsuleDistance=5-.3f-.6f*normal.y;Check(capsule.hit&&std::abs(capsule.distance-capsuleDistance)<.005,"capsule cast independent support extent");
      |                                                      ^
/usr/include/glm/detail/type_mat2x4.inl:419:58: note: candidate 34: ‘template<class T, glm::qualifier Q> constexpr glm::mat<4, 4, T, Q> glm::operator*(const mat<2, 4, T, Q>&, const mat<4, 2, T, Q>&)’
  419 |         GLM_FUNC_QUALIFIER GLM_CONSTEXPR mat<4, 4, T, Q> operator*(mat<2, 4, T, Q> const& m1, mat<4, 2, T, Q> const& m2)
      |                                                          ^~~~~~~~
/usr/include/glm/detail/type_mat2x4.inl:419:58: note: template argument deduction/substitution failed:
/home/conner/Documents/GitHub/Project-Judas/tests/TerrainAuthoringTests.cpp:38:54: note:   ‘glm::vec<3, float, glm::packed_highp>’ is not derived from ‘const glm::mat<2, 4, T, Q>’
   38 |   auto capsule=p.CapsuleCast({worldPoint+worldNormal*5,rotation},.3f,.6f,-worldNormal,10);float capsuleDistance=5-.3f-.6f*normal.y;Check(capsule.hit&&std::abs(capsule.distance-capsuleDistance)<.005,"capsule cast independent support extent");
      |                                                      ^
/usr/include/glm/detail/type_mat2x4.inl:460:58: note: candidate 35: ‘template<class T, glm::qualifier Q> constexpr glm::mat<2, 4, T, Q> glm::operator*(const mat<2, 4, T, Q>&, const mat<2, 2, T, Q>&)’
  460 |         GLM_FUNC_QUALIFIER GLM_CONSTEXPR mat<2, 4, T, Q> operator*(mat<2, 4, T, Q> const& m1, mat<2, 2, T, Q> const& m2)
      |                                                          ^~~~~~~~
/usr/include/glm/detail/type_mat2x4.inl:460:58: note: template argument deduction/substitution failed:
/home/conner/Documents/GitHub/Project-Judas/tests/TerrainAuthoringTests.cpp:38:54: note:   ‘glm::vec<3, float, glm::packed_highp>’ is not derived from ‘const glm::mat<2, 4, T, Q>’
   38 |   auto capsule=p.CapsuleCast({worldPoint+worldNormal*5,rotation},.3f,.6f,-worldNormal,10);float capsuleDistance=5-.3f-.6f*normal.y;Check(capsule.hit&&std::abs(capsule.distance-capsuleDistance)<.005,"capsule cast independent support extent");
      |                                                      ^
/usr/include/glm/detail/type_mat2x4.inl:474:58: note: candidate 36: ‘template<class T, glm::qualifier Q> constexpr glm::mat<3, 4, T, Q> glm::operator*(const mat<2, 4, T, Q>&, const mat<3, 2, T, Q>&)’
  474 |         GLM_FUNC_QUALIFIER GLM_CONSTEXPR mat<3, 4, T, Q> operator*(mat<2, 4, T, Q> const& m1, mat<3, 2, T, Q> const& m2)
      |                                                          ^~~~~~~~
/usr/include/glm/detail/type_mat2x4.inl:474:58: note: template argument deduction/substitution failed:
/home/conner/Documents/GitHub/Project-Judas/tests/TerrainAuthoringTests.cpp:38:54: note:   ‘glm::vec<3, float, glm::packed_highp>’ is not derived from ‘const glm::mat<2, 4, T, Q>’
   38 |   auto capsule=p.CapsuleCast({worldPoint+worldNormal*5,rotation},.3f,.6f,-worldNormal,10);float capsuleDistance=5-.3f-.6f*normal.y;Check(capsule.hit&&std::abs(capsule.distance-capsuleDistance)<.005,"capsule cast independent support extent");
      |                                                      ^
/usr/include/glm/detail/type_mat3x2.inl:416:58: note: candidate 37: ‘template<class T, glm::qualifier Q> constexpr glm::mat<3, 2, T, Q> glm::operator*(const mat<3, 2, T, Q>&, T)’
  416 |         GLM_FUNC_QUALIFIER GLM_CONSTEXPR mat<3, 2, T, Q> operator*(mat<3, 2, T, Q> const& m, T scalar)
      |                                                          ^~~~~~~~
/usr/include/glm/detail/type_mat3x2.inl:416:58: note: template argument deduction/substitution failed:
/home/conner/Documents/GitHub/Project-Judas/tests/TerrainAuthoringTests.cpp:38:54: note:   ‘glm::vec<3, float, glm::packed_highp>’ is not derived from ‘const glm::mat<3, 2, T, Q>’
   38 |   auto capsule=p.CapsuleCast({worldPoint+worldNormal*5,rotation},.3f,.6f,-worldNormal,10);float capsuleDistance=5-.3f-.6f*normal.y;Check(capsule.hit&&std::abs(capsule.distance-capsuleDistance)<.005,"capsule cast independent support extent");
      |                                                      ^
/usr/include/glm/detail/type_mat3x2.inl:425:58: note: candidate 38: ‘template<class T, glm::qualifier Q> constexpr glm::mat<3, 2, T, Q> glm::operator*(T, const mat<3, 2, T, Q>&)’
  425 |         GLM_FUNC_QUALIFIER GLM_CONSTEXPR mat<3, 2, T, Q> operator*(T scalar, mat<3, 2, T, Q> const& m)
      |                                                          ^~~~~~~~
/usr/include/glm/detail/type_mat3x2.inl:425:58: note: template argument deduction/substitution failed:
/home/conner/Documents/GitHub/Project-Judas/tests/TerrainAuthoringTests.cpp:38:54: note:   mismatched types ‘const glm::mat<3, 2, T, Q>’ and ‘int’
   38 |   auto capsule=p.CapsuleCast({worldPoint+worldNormal*5,rotation},.3f,.6f,-worldNormal,10);float capsuleDistance=5-.3f-.6f*normal.y;Check(capsule.hit&&std::abs(capsule.distance-capsuleDistance)<.005,"capsule cast independent support extent");
      |                                                      ^
/usr/include/glm/detail/type_mat3x2.inl:434:77: note: candidate 39: ‘template<class T, glm::qualifier Q> constexpr typename glm::mat<3, 2, T, Q>::col_type glm::operator*(const mat<3, 2, T, Q>&, const typename mat<3, 2, T, Q>::row_type&)’
  434 |         GLM_FUNC_QUALIFIER GLM_CONSTEXPR typename mat<3, 2, T, Q>::col_type operator*(mat<3, 2, T, Q> const& m, typename mat<3, 2, T, Q>::row_type const& v)
      |                                                                             ^~~~~~~~
/usr/include/glm/detail/type_mat3x2.inl:434:77: note: template argument deduction/substitution failed:
/home/conner/Documents/GitHub/Project-Judas/tests/TerrainAuthoringTests.cpp:38:54: note:   ‘glm::vec<3, float, glm::packed_highp>’ is not derived from ‘const glm::mat<3, 2, T, Q>’
   38 |   auto capsule=p.CapsuleCast({worldPoint+worldNormal*5,rotation},.3f,.6f,-worldNormal,10);float capsuleDistance=5-.3f-.6f*normal.y;Check(capsule.hit&&std::abs(capsule.distance-capsuleDistance)<.005,"capsule cast independent support extent");
      |                                                      ^
/usr/include/glm/detail/type_mat3x2.inl:442:77: note: candidate 40: ‘template<class T, glm::qualifier Q> constexpr typename glm::mat<3, 2, T, Q>::row_type glm::operator*(const typename mat<3, 2, T, Q>::col_type&, const mat<3, 2, T, Q>&)’
  442 |         GLM_FUNC_QUALIFIER GLM_CONSTEXPR typename mat<3, 2, T, Q>::row_type operator*(typename mat<3, 2, T, Q>::col_type const& v, mat<3, 2, T, Q> const& m)
      |                                                                             ^~~~~~~~
/usr/include/glm/detail/type_mat3x2.inl:442:77: note: template argument deduction/substitution failed:
/home/conner/Documents/GitHub/Project-Judas/tests/TerrainAuthoringTests.cpp:38:54: note:   mismatched types ‘const glm::mat<3, 2, T, Q>’ and ‘int’
   38 |   auto capsule=p.CapsuleCast({worldPoint+worldNormal*5,rotation},.3f,.6f,-worldNormal,10);float capsuleDistance=5-.3f-.6f*normal.y;Check(capsule.hit&&std::abs(capsule.distance-capsuleDistance)<.005,"capsule cast independent support extent");
      |                                                      ^
/usr/include/glm/detail/type_mat3x2.inl:451:58: note: candidate 41: ‘template<class T, glm::qualifier Q> constexpr glm::mat<2, 2, T, Q> glm::operator*(const mat<3, 2, T, Q>&, const mat<2, 3, T, Q>&)’
  451 |         GLM_FUNC_QUALIFIER GLM_CONSTEXPR mat<2, 2, T, Q> operator*(mat<3, 2, T, Q> const& m1, mat<2, 3, T, Q> const& m2)
      |                                                          ^~~~~~~~
/usr/include/glm/detail/type_mat3x2.inl:451:58: note: template argument deduction/substitution failed:
/home/conner/Documents/GitHub/Project-Judas/tests/TerrainAuthoringTests.cpp:38:54: note:   ‘glm::vec<3, float, glm::packed_highp>’ is not derived from ‘const glm::mat<3, 2, T, Q>’
   38 |   auto capsule=p.CapsuleCast({worldPoint+worldNormal*5,rotation},.3f,.6f,-worldNormal,10);float capsuleDistance=5-.3f-.6f*normal.y;Check(capsule.hit&&std::abs(capsule.distance-capsuleDistance)<.005,"capsule cast independent support extent");
      |                                                      ^
/usr/include/glm/detail/type_mat3x2.inl:476:58: note: candidate 42: ‘template<class T, glm::qualifier Q> constexpr glm::mat<3, 2, T, Q> glm::operator*(const mat<3, 2, T, Q>&, const mat<3, 3, T, Q>&)’
  476 |         GLM_FUNC_QUALIFIER GLM_CONSTEXPR mat<3, 2, T, Q> operator*(mat<3, 2, T, Q> const& m1, mat<3, 3, T, Q> const& m2)
      |                                                          ^~~~~~~~
/usr/include/glm/detail/type_mat3x2.inl:476:58: note: template argument deduction/substitution failed:
/home/conner/Documents/GitHub/Project-Judas/tests/TerrainAuthoringTests.cpp:38:54: note:   ‘glm::vec<3, float, glm::packed_highp>’ is not derived from ‘const glm::mat<3, 2, T, Q>’
   38 |   auto capsule=p.CapsuleCast({worldPoint+worldNormal*5,rotation},.3f,.6f,-worldNormal,10);float capsuleDistance=5-.3f-.6f*normal.y;Check(capsule.hit&&std::abs(capsule.distance-capsuleDistance)<.005,"capsule cast independent support extent");
      |                                                      ^
/usr/include/glm/detail/type_mat3x2.inl:488:58: note: candidate 43: ‘template<class T, glm::qualifier Q> constexpr glm::mat<4, 2, T, Q> glm::operator*(const mat<3, 2, T, Q>&, const mat<4, 3, T, Q>&)’
  488 |         GLM_FUNC_QUALIFIER GLM_CONSTEXPR mat<4, 2, T, Q> operator*(mat<3, 2, T, Q> const& m1, mat<4, 3, T, Q> const& m2)
      |                                                          ^~~~~~~~
/usr/include/glm/detail/type_mat3x2.inl:488:58: note: template argument deduction/substitution failed:
/home/conner/Documents/GitHub/Project-Judas/tests/TerrainAuthoringTests.cpp:38:54: note:   ‘glm::vec<3, float, glm::packed_highp>’ is not derived from ‘const glm::mat<3, 2, T, Q>’
   38 |   auto capsule=p.CapsuleCast({worldPoint+worldNormal*5,rotation},.3f,.6f,-worldNormal,10);float capsuleDistance=5-.3f-.6f*normal.y;Check(capsule.hit&&std::abs(capsule.distance-capsuleDistance)<.005,"capsule cast independent support extent");
      |                                                      ^
/usr/include/glm/detail/type_mat3x3.inl:450:58: note: candidate 44: ‘template<class T, glm::qualifier Q> constexpr glm::mat<3, 3, T, Q> glm::operator*(const mat<3, 3, T, Q>&, T)’
  450 |         GLM_FUNC_QUALIFIER GLM_CONSTEXPR mat<3, 3, T, Q> operator*(mat<3, 3, T, Q> const& m, T scalar)
      |                                                          ^~~~~~~~
/usr/include/glm/detail/type_mat3x3.inl:450:58: note: template argument deduction/substitution failed:
/home/conner/Documents/GitHub/Project-Judas/tests/TerrainAuthoringTests.cpp:38:54: note:   ‘glm::vec<3, float, glm::packed_highp>’ is not derived from ‘const glm::mat<3, 3, T, Q>’
   38 |   auto capsule=p.CapsuleCast({worldPoint+worldNormal*5,rotation},.3f,.6f,-worldNormal,10);float capsuleDistance=5-.3f-.6f*normal.y;Check(capsule.hit&&std::abs(capsule.distance-capsuleDistance)<.005,"capsule cast independent support extent");
      |                                                      ^
/usr/include/glm/detail/type_mat3x3.inl:459:58: note: candidate 45: ‘template<class T, glm::qualifier Q> constexpr glm::mat<3, 3, T, Q> glm::operator*(T, const mat<3, 3, T, Q>&)’
  459 |         GLM_FUNC_QUALIFIER GLM_CONSTEXPR mat<3, 3, T, Q> operator*(T scalar, mat<3, 3, T, Q> const& m)
      |                                                          ^~~~~~~~
/usr/include/glm/detail/type_mat3x3.inl:459:58: note: template argument deduction/substitution failed:
/home/conner/Documents/GitHub/Project-Judas/tests/TerrainAuthoringTests.cpp:38:54: note:   mismatched types ‘const glm::mat<3, 3, T, Q>’ and ‘int’
   38 |   auto capsule=p.CapsuleCast({worldPoint+worldNormal*5,rotation},.3f,.6f,-worldNormal,10);float capsuleDistance=5-.3f-.6f*normal.y;Check(capsule.hit&&std::abs(capsule.distance-capsuleDistance)<.005,"capsule cast independent support extent");
      |                                                      ^
/usr/include/glm/detail/type_mat3x3.inl:468:77: note: candidate 46: ‘template<class T, glm::qualifier Q> constexpr typename glm::mat<3, 3, T, Q>::col_type glm::operator*(const mat<3, 3, T, Q>&, const typename mat<3, 3, T, Q>::row_type&)’
  468 |         GLM_FUNC_QUALIFIER GLM_CONSTEXPR typename mat<3, 3, T, Q>::col_type operator*(mat<3, 3, T, Q> const& m, typename mat<3, 3, T, Q>::row_type const& v)
      |                                                                             ^~~~~~~~
/usr/include/glm/detail/type_mat3x3.inl:468:77: note: template argument deduction/substitution failed:
/home/conner/Documents/GitHub/Project-Judas/tests/TerrainAuthoringTests.cpp:38:54: note:   ‘glm::vec<3, float, glm::packed_highp>’ is not derived from ‘const glm::mat<3, 3, T, Q>’
   38 |   auto capsule=p.CapsuleCast({worldPoint+worldNormal*5,rotation},.3f,.6f,-worldNormal,10);float capsuleDistance=5-.3f-.6f*normal.y;Check(capsule.hit&&std::abs(capsule.distance-capsuleDistance)<.005,"capsule cast independent support extent");
      |                                                      ^
/usr/include/glm/detail/type_mat3x3.inl:477:77: note: candidate 47: ‘template<class T, glm::qualifier Q> constexpr typename glm::mat<3, 3, T, Q>::row_type glm::operator*(const typename mat<3, 3, T, Q>::col_type&, const mat<3, 3, T, Q>&)’
  477 |         GLM_FUNC_QUALIFIER GLM_CONSTEXPR typename mat<3, 3, T, Q>::row_type operator*(typename mat<3, 3, T, Q>::col_type const& v, mat<3, 3, T, Q> const& m)
      |                                                                             ^~~~~~~~
/usr/include/glm/detail/type_mat3x3.inl:477:77: note: template argument deduction/substitution failed:
/home/conner/Documents/GitHub/Project-Judas/tests/TerrainAuthoringTests.cpp:38:54: note:   mismatched types ‘const glm::mat<3, 3, T, Q>’ and ‘int’
   38 |   auto capsule=p.CapsuleCast({worldPoint+worldNormal*5,rotation},.3f,.6f,-worldNormal,10);float capsuleDistance=5-.3f-.6f*normal.y;Check(capsule.hit&&std::abs(capsule.distance-capsuleDistance)<.005,"capsule cast independent support extent");
      |                                                      ^
/usr/include/glm/detail/type_mat3x3.inl:486:58: note: candidate 48: ‘template<class T, glm::qualifier Q> constexpr glm::mat<3, 3, T, Q> glm::operator*(const mat<3, 3, T, Q>&, const mat<3, 3, T, Q>&)’
  486 |         GLM_FUNC_QUALIFIER GLM_CONSTEXPR mat<3, 3, T, Q> operator*(mat<3, 3, T, Q> const& m1, mat<3, 3, T, Q> const& m2)
      |                                                          ^~~~~~~~
/usr/include/glm/detail/type_mat3x3.inl:486:58: note: template argument deduction/substitution failed:
/home/conner/Documents/GitHub/Project-Judas/tests/TerrainAuthoringTests.cpp:38:54: note:   ‘glm::vec<3, float, glm::packed_highp>’ is not derived from ‘const glm::mat<3, 3, T, Q>’
   38 |   auto capsule=p.CapsuleCast({worldPoint+worldNormal*5,rotation},.3f,.6f,-worldNormal,10);float capsuleDistance=5-.3f-.6f*normal.y;Check(capsule.hit&&std::abs(capsule.distance-capsuleDistance)<.005,"capsule cast independent support extent");
      |                                                      ^
/usr/include/glm/detail/type_mat3x3.inl:522:58: note: candidate 49: ‘template<class T, glm::qualifier Q> constexpr glm::mat<2, 3, T, Q> glm::operator*(const mat<3, 3, T, Q>&, const mat<2, 3, T, Q>&)’
  522 |         GLM_FUNC_QUALIFIER GLM_CONSTEXPR mat<2, 3, T, Q> operator*(mat<3, 3, T, Q> const& m1, mat<2, 3, T, Q> const& m2)
      |                                                          ^~~~~~~~
/usr/include/glm/detail/type_mat3x3.inl:522:58: note: template argument deduction/substitution failed:
/home/conner/Documents/GitHub/Project-Judas/tests/TerrainAuthoringTests.cpp:38:54: note:   ‘glm::vec<3, float, glm::packed_highp>’ is not derived from ‘const glm::mat<3, 3, T, Q>’
   38 |   auto capsule=p.CapsuleCast({worldPoint+worldNormal*5,rotation},.3f,.6f,-worldNormal,10);float capsuleDistance=5-.3f-.6f*normal.y;Check(capsule.hit&&std::abs(capsule.distance-capsuleDistance)<.005,"capsule cast independent support extent");
      |                                                      ^
/usr/include/glm/detail/type_mat3x3.inl:534:58: note: candidate 50: ‘template<class T, glm::qualifier Q> constexpr glm::mat<4, 3, T, Q> glm::operator*(const mat<3, 3, T, Q>&, const mat<4, 3, T, Q>&)’
  534 |         GLM_FUNC_QUALIFIER GLM_CONSTEXPR mat<4, 3, T, Q> operator*(mat<3, 3, T, Q> const& m1, mat<4, 3, T, Q> const& m2)
      |                                                          ^~~~~~~~
/usr/include/glm/detail/type_mat3x3.inl:534:58: note: template argument deduction/substitution failed:
/home/conner/Documents/GitHub/Project-Judas/tests/TerrainAuthoringTests.cpp:38:54: note:   ‘glm::vec<3, float, glm::packed_highp>’ is not derived from ‘const glm::mat<3, 3, T, Q>’
   38 |   auto capsule=p.CapsuleCast({worldPoint+worldNormal*5,rotation},.3f,.6f,-worldNormal,10);float capsuleDistance=5-.3f-.6f*normal.y;Check(capsule.hit&&std::abs(capsule.distance-capsuleDistance)<.005,"capsule cast independent support extent");
      |                                                      ^
/usr/include/glm/detail/type_mat3x4.inl:422:58: note: candidate 51: ‘template<class T, glm::qualifier Q> constexpr glm::mat<3, 4, T, Q> glm::operator*(const mat<3, 4, T, Q>&, T)’
  422 |         GLM_FUNC_QUALIFIER GLM_CONSTEXPR mat<3, 4, T, Q> operator*(mat<3, 4, T, Q> const& m, T scalar)
      |                                                          ^~~~~~~~
/usr/include/glm/detail/type_mat3x4.inl:422:58: note: template argument deduction/substitution failed:
/home/conner/Documents/GitHub/Project-Judas/tests/TerrainAuthoringTests.cpp:38:54: note:   ‘glm::vec<3, float, glm::packed_highp>’ is not derived from ‘const glm::mat<3, 4, T, Q>’
   38 |   auto capsule=p.CapsuleCast({worldPoint+worldNormal*5,rotation},.3f,.6f,-worldNormal,10);float capsuleDistance=5-.3f-.6f*normal.y;Check(capsule.hit&&std::abs(capsule.distance-capsuleDistance)<.005,"capsule cast independent support extent");
      |                                                      ^
/usr/include/glm/detail/type_mat3x4.inl:431:58: note: candidate 52: ‘template<class T, glm::qualifier Q> constexpr glm::mat<3, 4, T, Q> glm::operator*(T, const mat<3, 4, T, Q>&)’
  431 |         GLM_FUNC_QUALIFIER GLM_CONSTEXPR mat<3, 4, T, Q> operator*(T scalar, mat<3, 4, T, Q> const& m)
      |                                                          ^~~~~~~~
/usr/include/glm/detail/type_mat3x4.inl:431:58: note: template argument deduction/substitution failed:
/home/conner/Documents/GitHub/Project-Judas/tests/TerrainAuthoringTests.cpp:38:54: note:   mismatched types ‘const glm::mat<3, 4, T, Q>’ and ‘int’
   38 |   auto capsule=p.CapsuleCast({worldPoint+worldNormal*5,rotation},.3f,.6f,-worldNormal,10);float capsuleDistance=5-.3f-.6f*normal.y;Check(capsule.hit&&std::abs(capsule.distance-capsuleDistance)<.005,"capsule cast independent support extent");
      |                                                      ^
/usr/include/glm/detail/type_mat3x4.inl:440:77: note: candidate 53: ‘template<class T, glm::qualifier Q> constexpr typename glm::mat<3, 4, T, Q>::col_type glm::operator*(const mat<3, 4, T, Q>&, const typename mat<3, 4, T, Q>::row_type&)’
  440 |         GLM_FUNC_QUALIFIER GLM_CONSTEXPR typename mat<3, 4, T, Q>::col_type operator*
      |                                                                             ^~~~~~~~
/usr/include/glm/detail/type_mat3x4.inl:440:77: note: template argument deduction/substitution failed:
/home/conner/Documents/GitHub/Project-Judas/tests/TerrainAuthoringTests.cpp:38:54: note:   ‘glm::vec<3, float, glm::packed_highp>’ is not derived from ‘const glm::mat<3, 4, T, Q>’
   38 |   auto capsule=p.CapsuleCast({worldPoint+worldNormal*5,rotation},.3f,.6f,-worldNormal,10);float capsuleDistance=5-.3f-.6f*normal.y;Check(capsule.hit&&std::abs(capsule.distance-capsuleDistance)<.005,"capsule cast independent support extent");
      |                                                      ^
/usr/include/glm/detail/type_mat3x4.inl:454:77: note: candidate 54: ‘template<class T, glm::qualifier Q> constexpr typename glm::mat<3, 4, T, Q>::row_type glm::operator*(const typename mat<3, 4, T, Q>::col_type&, const mat<3, 4, T, Q>&)’
  454 |         GLM_FUNC_QUALIFIER GLM_CONSTEXPR typename mat<3, 4, T, Q>::row_type operator*
      |                                                                             ^~~~~~~~
/usr/include/glm/detail/type_mat3x4.inl:454:77: note: template argument deduction/substitution failed:
/home/conner/Documents/GitHub/Project-Judas/tests/TerrainAuthoringTests.cpp:38:54: note:   mismatched types ‘const glm::mat<3, 4, T, Q>’ and ‘int’
   38 |   auto capsule=p.CapsuleCast({worldPoint+worldNormal*5,rotation},.3f,.6f,-worldNormal,10);float capsuleDistance=5-.3f-.6f*normal.y;Check(capsule.hit&&std::abs(capsule.distance-capsuleDistance)<.005,"capsule cast independent support extent");
      |                                                      ^
/usr/include/glm/detail/type_mat3x4.inl:467:58: note: candidate 55: ‘template<class T, glm::qualifier Q> constexpr glm::mat<4, 4, T, Q> glm::operator*(const mat<3, 4, T, Q>&, const mat<4, 3, T, Q>&)’
  467 |         GLM_FUNC_QUALIFIER GLM_CONSTEXPR mat<4, 4, T, Q> operator*(mat<3, 4, T, Q> const& m1, mat<4, 3, T, Q> const& m2)
      |                                                          ^~~~~~~~
/usr/include/glm/detail/type_mat3x4.inl:467:58: note: template argument deduction/substitution failed:
/home/conner/Documents/GitHub/Project-Judas/tests/TerrainAuthoringTests.cpp:38:54: note:   ‘glm::vec<3, float, glm::packed_highp>’ is not derived from ‘const glm::mat<3, 4, T, Q>’
   38 |   auto capsule=p.CapsuleCast({worldPoint+worldNormal*5,rotation},.3f,.6f,-worldNormal,10);float capsuleDistance=5-.3f-.6f*normal.y;Check(capsule.hit&&std::abs(capsule.distance-capsuleDistance)<.005,"capsule cast independent support extent");
      |                                                      ^
/usr/include/glm/detail/type_mat3x4.inl:516:58: note: candidate 56: ‘template<class T, glm::qualifier Q> constexpr glm::mat<2, 4, T, Q> glm::operator*(const mat<3, 4, T, Q>&, const mat<2, 3, T, Q>&)’
  516 |         GLM_FUNC_QUALIFIER GLM_CONSTEXPR mat<2, 4, T, Q> operator*(mat<3, 4, T, Q> const& m1, mat<2, 3, T, Q> const& m2)
      |                                                          ^~~~~~~~
/usr/include/glm/detail/type_mat3x4.inl:516:58: note: template argument deduction/substitution failed:
/home/conner/Documents/GitHub/Project-Judas/tests/TerrainAuthoringTests.cpp:38:54: note:   ‘glm::vec<3, float, glm::packed_highp>’ is not derived from ‘const glm::mat<3, 4, T, Q>’
   38 |   auto capsule=p.CapsuleCast({worldPoint+worldNormal*5,rotation},.3f,.6f,-worldNormal,10);float capsuleDistance=5-.3f-.6f*normal.y;Check(capsule.hit&&std::abs(capsule.distance-capsuleDistance)<.005,"capsule cast independent support extent");
      |                                                      ^
/usr/include/glm/detail/type_mat3x4.inl:530:58: note: candidate 57: ‘template<class T, glm::qualifier Q> constexpr glm::mat<3, 4, T, Q> glm::operator*(const mat<3, 4, T, Q>&, const mat<3, 3, T, Q>&)’
  530 |         GLM_FUNC_QUALIFIER GLM_CONSTEXPR mat<3, 4, T, Q> operator*(mat<3, 4, T, Q> const& m1, mat<3, 3, T, Q> const& m2)
      |                                                          ^~~~~~~~
/usr/include/glm/detail/type_mat3x4.inl:530:58: note: template argument deduction/substitution failed:
/home/conner/Documents/GitHub/Project-Judas/tests/TerrainAuthoringTests.cpp:38:54: note:   ‘glm::vec<3, float, glm::packed_highp>’ is not derived from ‘const glm::mat<3, 4, T, Q>’
   38 |   auto capsule=p.CapsuleCast({worldPoint+worldNormal*5,rotation},.3f,.6f,-worldNormal,10);float capsuleDistance=5-.3f-.6f*normal.y;Check(capsule.hit&&std::abs(capsule.distance-capsuleDistance)<.005,"capsule cast independent support extent");
      |                                                      ^
/usr/include/glm/detail/type_mat4x2.inl:449:58: note: candidate 58: ‘template<class T, glm::qualifier Q> constexpr glm::mat<4, 2, T, Q> glm::operator*(const mat<4, 2, T, Q>&, T)’
  449 |         GLM_FUNC_QUALIFIER GLM_CONSTEXPR mat<4, 2, T, Q> operator*(mat<4, 2, T, Q> const& m, T scalar)
      |                                                          ^~~~~~~~
/usr/include/glm/detail/type_mat4x2.inl:449:58: note: template argument deduction/substitution failed:
/home/conner/Documents/GitHub/Project-Judas/tests/TerrainAuthoringTests.cpp:38:54: note:   ‘glm::vec<3, float, glm::packed_highp>’ is not derived from ‘const glm::mat<4, 2, T, Q>’
   38 |   auto capsule=p.CapsuleCast({worldPoint+worldNormal*5,rotation},.3f,.6f,-worldNormal,10);float capsuleDistance=5-.3f-.6f*normal.y;Check(capsule.hit&&std::abs(capsule.distance-capsuleDistance)<.005,"capsule cast independent support extent");
      |                                                      ^
/usr/include/glm/detail/type_mat4x2.inl:459:58: note: candidate 59: ‘template<class T, glm::qualifier Q> constexpr glm::mat<4, 2, T, Q> glm::operator*(T, const mat<4, 2, T, Q>&)’
  459 |         GLM_FUNC_QUALIFIER GLM_CONSTEXPR mat<4, 2, T, Q> operator*(T scalar, mat<4, 2, T, Q> const& m)
      |                                                          ^~~~~~~~
/usr/include/glm/detail/type_mat4x2.inl:459:58: note: template argument deduction/substitution failed:
/home/conner/Documents/GitHub/Project-Judas/tests/TerrainAuthoringTests.cpp:38:54: note:   mismatched types ‘const glm::mat<4, 2, T, Q>’ and ‘int’
   38 |   auto capsule=p.CapsuleCast({worldPoint+worldNormal*5,rotation},.3f,.6f,-worldNormal,10);float capsuleDistance=5-.3f-.6f*normal.y;Check(capsule.hit&&std::abs(capsule.distance-capsuleDistance)<.005,"capsule cast independent support extent");
      |                                                      ^
/usr/include/glm/detail/type_mat4x2.inl:469:77: note: candidate 60: ‘template<class T, glm::qualifier Q> constexpr typename glm::mat<4, 2, T, Q>::col_type glm::operator*(const mat<4, 2, T, Q>&, const typename mat<4, 2, T, Q>::row_type&)’
  469 |         GLM_FUNC_QUALIFIER GLM_CONSTEXPR typename mat<4, 2, T, Q>::col_type operator*(mat<4, 2, T, Q> const& m, typename mat<4, 2, T, Q>::row_type const& v)
      |                                                                             ^~~~~~~~
/usr/include/glm/detail/type_mat4x2.inl:469:77: note: template argument deduction/substitution failed:
/home/conner/Documents/GitHub/Project-Judas/tests/TerrainAuthoringTests.cpp:38:54: note:   ‘glm::vec<3, float, glm::packed_highp>’ is not derived from ‘const glm::mat<4, 2, T, Q>’
   38 |   auto capsule=p.CapsuleCast({worldPoint+worldNormal*5,rotation},.3f,.6f,-worldNormal,10);float capsuleDistance=5-.3f-.6f*normal.y;Check(capsule.hit&&std::abs(capsule.distance-capsuleDistance)<.005,"capsule cast independent support extent");
      |                                                      ^
/usr/include/glm/detail/type_mat4x2.inl:477:77: note: candidate 61: ‘template<class T, glm::qualifier Q> constexpr typename glm::mat<4, 2, T, Q>::row_type glm::operator*(const typename mat<4, 2, T, Q>::col_type&, const mat<4, 2, T, Q>&)’
  477 |         GLM_FUNC_QUALIFIER GLM_CONSTEXPR typename mat<4, 2, T, Q>::row_type operator*(typename mat<4, 2, T, Q>::col_type const& v, mat<4, 2, T, Q> const& m)
      |                                                                             ^~~~~~~~
/usr/include/glm/detail/type_mat4x2.inl:477:77: note: template argument deduction/substitution failed:
/home/conner/Documents/GitHub/Project-Judas/tests/TerrainAuthoringTests.cpp:38:54: note:   mismatched types ‘const glm::mat<4, 2, T, Q>’ and ‘int’
   38 |   auto capsule=p.CapsuleCast({worldPoint+worldNormal*5,rotation},.3f,.6f,-worldNormal,10);float capsuleDistance=5-.3f-.6f*normal.y;Check(capsule.hit&&std::abs(capsule.distance-capsuleDistance)<.005,"capsule cast independent support extent");
      |                                                      ^
/usr/include/glm/detail/type_mat4x2.inl:487:58: note: candidate 62: ‘template<class T, glm::qualifier Q> constexpr glm::mat<2, 2, T, Q> glm::operator*(const mat<4, 2, T, Q>&, const mat<2, 4, T, Q>&)’
  487 |         GLM_FUNC_QUALIFIER GLM_CONSTEXPR mat<2, 2, T, Q> operator*(mat<4, 2, T, Q> const& m1, mat<2, 4, T, Q> const& m2)
      |                                                          ^~~~~~~~
/usr/include/glm/detail/type_mat4x2.inl:487:58: note: template argument deduction/substitution failed:
/home/conner/Documents/GitHub/Project-Judas/tests/TerrainAuthoringTests.cpp:38:54: note:   ‘glm::vec<3, float, glm::packed_highp>’ is not derived from ‘const glm::mat<4, 2, T, Q>’
   38 |   auto capsule=p.CapsuleCast({worldPoint+worldNormal*5,rotation},.3f,.6f,-worldNormal,10);float capsuleDistance=5-.3f-.6f*normal.y;Check(capsule.hit&&std::abs(capsule.distance-capsuleDistance)<.005,"capsule cast independent support extent");
      |                                                      ^
/usr/include/glm/detail/type_mat4x2.inl:516:58: note: candidate 63: ‘template<class T, glm::qualifier Q> constexpr glm::mat<3, 2, T, Q> glm::operator*(const mat<4, 2, T, Q>&, const mat<3, 4, T, Q>&)’
  516 |         GLM_FUNC_QUALIFIER GLM_CONSTEXPR mat<3, 2, T, Q> operator*(mat<4, 2, T, Q> const& m1, mat<3, 4, T, Q> const& m2)
      |                                                          ^~~~~~~~
/usr/include/glm/detail/type_mat4x2.inl:516:58: note: template argument deduction/substitution failed:
/home/conner/Documents/GitHub/Project-Judas/tests/TerrainAuthoringTests.cpp:38:54: note:   ‘glm::vec<3, float, glm::packed_highp>’ is not derived from ‘const glm::mat<4, 2, T, Q>’
   38 |   auto capsule=p.CapsuleCast({worldPoint+worldNormal*5,rotation},.3f,.6f,-worldNormal,10);float capsuleDistance=5-.3f-.6f*normal.y;Check(capsule.hit&&std::abs(capsule.distance-capsuleDistance)<.005,"capsule cast independent support extent");
      |                                                      ^
/usr/include/glm/detail/type_mat4x2.inl:528:58: note: candidate 64: ‘template<class T, glm::qualifier Q> constexpr glm::mat<4, 2, T, Q> glm::operator*(const mat<4, 2, T, Q>&, const mat<4, 4, T, Q>&)’
  528 |         GLM_FUNC_QUALIFIER GLM_CONSTEXPR mat<4, 2, T, Q> operator*(mat<4, 2, T, Q> const& m1, mat<4, 4, T, Q> const& m2)
      |                                                          ^~~~~~~~
/usr/include/glm/detail/type_mat4x2.inl:528:58: note: template argument deduction/substitution failed:
/home/conner/Documents/GitHub/Project-Judas/tests/TerrainAuthoringTests.cpp:38:54: note:   ‘glm::vec<3, float, glm::packed_highp>’ is not derived from ‘const glm::mat<4, 2, T, Q>’
   38 |   auto capsule=p.CapsuleCast({worldPoint+worldNormal*5,rotation},.3f,.6f,-worldNormal,10);float capsuleDistance=5-.3f-.6f*normal.y;Check(capsule.hit&&std::abs(capsule.distance-capsuleDistance)<.005,"capsule cast independent support extent");
      |                                                      ^
/usr/include/glm/detail/type_mat4x3.inl:449:58: note: candidate 65: ‘template<class T, glm::qualifier Q> constexpr glm::mat<4, 3, T, Q> glm::operator*(const mat<4, 3, T, Q>&, T)’
  449 |         GLM_FUNC_QUALIFIER GLM_CONSTEXPR mat<4, 3, T, Q> operator*(mat<4, 3, T, Q> const& m, T scalar)
      |                                                          ^~~~~~~~
/usr/include/glm/detail/type_mat4x3.inl:449:58: note: template argument deduction/substitution failed:
/home/conner/Documents/GitHub/Project-Judas/tests/TerrainAuthoringTests.cpp:38:54: note:   ‘glm::vec<3, float, glm::packed_highp>’ is not derived from ‘const glm::mat<4, 3, T, Q>’
   38 |   auto capsule=p.CapsuleCast({worldPoint+worldNormal*5,rotation},.3f,.6f,-worldNormal,10);float capsuleDistance=5-.3f-.6f*normal.y;Check(capsule.hit&&std::abs(capsule.distance-capsuleDistance)<.005,"capsule cast independent support extent");
      |                                                      ^
/usr/include/glm/detail/type_mat4x3.inl:459:58: note: candidate 66: ‘template<class T, glm::qualifier Q> constexpr glm::mat<4, 3, T, Q> glm::operator*(T, const mat<4, 3, T, Q>&)’
  459 |         GLM_FUNC_QUALIFIER GLM_CONSTEXPR mat<4, 3, T, Q> operator*(T scalar, mat<4, 3, T, Q> const& m)
      |                                                          ^~~~~~~~
/usr/include/glm/detail/type_mat4x3.inl:459:58: note: template argument deduction/substitution failed:
/home/conner/Documents/GitHub/Project-Judas/tests/TerrainAuthoringTests.cpp:38:54: note:   mismatched types ‘const glm::mat<4, 3, T, Q>’ and ‘int’
   38 |   auto capsule=p.CapsuleCast({worldPoint+worldNormal*5,rotation},.3f,.6f,-worldNormal,10);float capsuleDistance=5-.3f-.6f*normal.y;Check(capsule.hit&&std::abs(capsule.distance-capsuleDistance)<.005,"capsule cast independent support extent");
      |                                                      ^
/usr/include/glm/detail/type_mat4x3.inl:469:77: note: candidate 67: ‘template<class T, glm::qualifier Q> constexpr typename glm::mat<4, 3, T, Q>::col_type glm::operator*(const mat<4, 3, T, Q>&, const typename mat<4, 3, T, Q>::row_type&)’
  469 |         GLM_FUNC_QUALIFIER GLM_CONSTEXPR typename mat<4, 3, T, Q>::col_type operator*
      |                                                                             ^~~~~~~~
/usr/include/glm/detail/type_mat4x3.inl:469:77: note: template argument deduction/substitution failed:
/home/conner/Documents/GitHub/Project-Judas/tests/TerrainAuthoringTests.cpp:38:54: note:   ‘glm::vec<3, float, glm::packed_highp>’ is not derived from ‘const glm::mat<4, 3, T, Q>’
   38 |   auto capsule=p.CapsuleCast({worldPoint+worldNormal*5,rotation},.3f,.6f,-worldNormal,10);float capsuleDistance=5-.3f-.6f*normal.y;Check(capsule.hit&&std::abs(capsule.distance-capsuleDistance)<.005,"capsule cast independent support extent");
      |                                                      ^
/usr/include/glm/detail/type_mat4x3.inl:481:77: note: candidate 68: ‘template<class T, glm::qualifier Q> constexpr typename glm::mat<4, 3, T, Q>::row_type glm::operator*(const typename mat<4, 3, T, Q>::col_type&, const mat<4, 3, T, Q>&)’
  481 |         GLM_FUNC_QUALIFIER GLM_CONSTEXPR typename mat<4, 3, T, Q>::row_type operator*
      |                                                                             ^~~~~~~~
/usr/include/glm/detail/type_mat4x3.inl:481:77: note: template argument deduction/substitution failed:
/home/conner/Documents/GitHub/Project-Judas/tests/TerrainAuthoringTests.cpp:38:54: note:   mismatched types ‘const glm::mat<4, 3, T, Q>’ and ‘int’
   38 |   auto capsule=p.CapsuleCast({worldPoint+worldNormal*5,rotation},.3f,.6f,-worldNormal,10);float capsuleDistance=5-.3f-.6f*normal.y;Check(capsule.hit&&std::abs(capsule.distance-capsuleDistance)<.005,"capsule cast independent support extent");
      |                                                      ^
/usr/include/glm/detail/type_mat4x3.inl:494:58: note: candidate 69: ‘template<class T, glm::qualifier Q> constexpr glm::mat<2, 3, T, Q> glm::operator*(const mat<4, 3, T, Q>&, const mat<2, 4, T, Q>&)’
  494 |         GLM_FUNC_QUALIFIER GLM_CONSTEXPR mat<2, 3, T, Q> operator*(mat<4, 3, T, Q> const& m1, mat<2, 4, T, Q> const& m2)
      |                                                          ^~~~~~~~
/usr/include/glm/detail/type_mat4x3.inl:494:58: note: template argument deduction/substitution failed:
/home/conner/Documents/GitHub/Project-Judas/tests/TerrainAuthoringTests.cpp:38:54: note:   ‘glm::vec<3, float, glm::packed_highp>’ is not derived from ‘const glm::mat<4, 3, T, Q>’
   38 |   auto capsule=p.CapsuleCast({worldPoint+worldNormal*5,rotation},.3f,.6f,-worldNormal,10);float capsuleDistance=5-.3f-.6f*normal.y;Check(capsule.hit&&std::abs(capsule.distance-capsuleDistance)<.005,"capsule cast independent support extent");
      |                                                      ^
/usr/include/glm/detail/type_mat4x3.inl:506:58: note: candidate 70: ‘template<class T, glm::qualifier Q> constexpr glm::mat<3, 3, T, Q> glm::operator*(const mat<4, 3, T, Q>&, const mat<3, 4, T, Q>&)’
  506 |         GLM_FUNC_QUALIFIER GLM_CONSTEXPR mat<3, 3, T, Q> operator*(mat<4, 3, T, Q> const& m1, mat<3, 4, T, Q> const& m2)
      |                                                          ^~~~~~~~
/usr/include/glm/detail/type_mat4x3.inl:506:58: note: template argument deduction/substitution failed:
/home/conner/Documents/GitHub/Project-Judas/tests/TerrainAuthoringTests.cpp:38:54: note:   ‘glm::vec<3, float, glm::packed_highp>’ is not derived from ‘const glm::mat<4, 3, T, Q>’
   38 |   auto capsule=p.CapsuleCast({worldPoint+worldNormal*5,rotation},.3f,.6f,-worldNormal,10);float capsuleDistance=5-.3f-.6f*normal.y;Check(capsule.hit&&std::abs(capsule.distance-capsuleDistance)<.005,"capsule cast independent support extent");
      |                                                      ^
/usr/include/glm/detail/type_mat4x3.inl:548:58: note: candidate 71: ‘template<class T, glm::qualifier Q> constexpr glm::mat<4, 3, T, Q> glm::operator*(const mat<4, 3, T, Q>&, const mat<4, 4, T, Q>&)’
  548 |         GLM_FUNC_QUALIFIER GLM_CONSTEXPR mat<4, 3, T, Q> operator*(mat<4, 3, T, Q> const& m1, mat<4, 4, T, Q> const& m2)
      |                                                          ^~~~~~~~
/usr/include/glm/detail/type_mat4x3.inl:548:58: note: template argument deduction/substitution failed:
/home/conner/Documents/GitHub/Project-Judas/tests/TerrainAuthoringTests.cpp:38:54: note:   ‘glm::vec<3, float, glm::packed_highp>’ is not derived from ‘const glm::mat<4, 3, T, Q>’
   38 |   auto capsule=p.CapsuleCast({worldPoint+worldNormal*5,rotation},.3f,.6f,-worldNormal,10);float capsuleDistance=5-.3f-.6f*normal.y;Check(capsule.hit&&std::abs(capsule.distance-capsuleDistance)<.005,"capsule cast independent support extent");
      |                                                      ^
/usr/include/glm/detail/type_mat4x4.inl:516:58: note: candidate 72: ‘template<class T, glm::qualifier Q> constexpr glm::mat<4, 4, T, Q> glm::operator*(const mat<4, 4, T, Q>&, T)’
  516 |         GLM_FUNC_QUALIFIER GLM_CONSTEXPR mat<4, 4, T, Q> operator*(mat<4, 4, T, Q> const& m, T scalar)
      |                                                          ^~~~~~~~
/usr/include/glm/detail/type_mat4x4.inl:516:58: note: template argument deduction/substitution failed:
/home/conner/Documents/GitHub/Project-Judas/tests/TerrainAuthoringTests.cpp:38:54: note:   ‘glm::vec<3, float, glm::packed_highp>’ is not derived from ‘const glm::mat<4, 4, T, Q>’
   38 |   auto capsule=p.CapsuleCast({worldPoint+worldNormal*5,rotation},.3f,.6f,-worldNormal,10);float capsuleDistance=5-.3f-.6f*normal.y;Check(capsule.hit&&std::abs(capsule.distance-capsuleDistance)<.005,"capsule cast independent support extent");
      |                                                      ^
/usr/include/glm/detail/type_mat4x4.inl:526:58: note: candidate 73: ‘template<class T, glm::qualifier Q> constexpr glm::mat<4, 4, T, Q> glm::operator*(T, const mat<4, 4, T, Q>&)’
  526 |         GLM_FUNC_QUALIFIER GLM_CONSTEXPR mat<4, 4, T, Q> operator*(T scalar, mat<4, 4, T, Q> const& m)
      |                                                          ^~~~~~~~
/usr/include/glm/detail/type_mat4x4.inl:526:58: note: template argument deduction/substitution failed:
/home/conner/Documents/GitHub/Project-Judas/tests/TerrainAuthoringTests.cpp:38:54: note:   mismatched types ‘const glm::mat<4, 4, T, Q>’ and ‘int’
   38 |   auto capsule=p.CapsuleCast({worldPoint+worldNormal*5,rotation},.3f,.6f,-worldNormal,10);float capsuleDistance=5-.3f-.6f*normal.y;Check(capsule.hit&&std::abs(capsule.distance-capsuleDistance)<.005,"capsule cast independent support extent");
      |                                                      ^
/usr/include/glm/detail/type_mat4x4.inl:536:77: note: candidate 74: ‘template<class T, glm::qualifier Q> constexpr typename glm::mat<4, 4, T, Q>::col_type glm::operator*(const mat<4, 4, T, Q>&, const typename mat<4, 4, T, Q>::row_type&)’
  536 |         GLM_FUNC_QUALIFIER GLM_CONSTEXPR typename mat<4, 4, T, Q>::col_type operator*
      |                                                                             ^~~~~~~~
/usr/include/glm/detail/type_mat4x4.inl:536:77: note: template argument deduction/substitution failed:
/home/conner/Documents/GitHub/Project-Judas/tests/TerrainAuthoringTests.cpp:38:54: note:   ‘glm::vec<3, float, glm::packed_highp>’ is not derived from ‘const glm::mat<4, 4, T, Q>’
   38 |   auto capsule=p.CapsuleCast({worldPoint+worldNormal*5,rotation},.3f,.6f,-worldNormal,10);float capsuleDistance=5-.3f-.6f*normal.y;Check(capsule.hit&&std::abs(capsule.distance-capsuleDistance)<.005,"capsule cast independent support extent");
      |                                                      ^
/usr/include/glm/detail/type_mat4x4.inl:584:77: note: candidate 75: ‘template<class T, glm::qualifier Q> constexpr typename glm::mat<4, 4, T, Q>::row_type glm::operator*(const typename mat<4, 4, T, Q>::col_type&, const mat<4, 4, T, Q>&)’
  584 |         GLM_FUNC_QUALIFIER GLM_CONSTEXPR typename mat<4, 4, T, Q>::row_type operator*
      |                                                                             ^~~~~~~~
/usr/include/glm/detail/type_mat4x4.inl:584:77: note: template argument deduction/substitution failed:
/home/conner/Documents/GitHub/Project-Judas/tests/TerrainAuthoringTests.cpp:38:54: note:   mismatched types ‘const glm::mat<4, 4, T, Q>’ and ‘int’
   38 |   auto capsule=p.CapsuleCast({worldPoint+worldNormal*5,rotation},.3f,.6f,-worldNormal,10);float capsuleDistance=5-.3f-.6f*normal.y;Check(capsule.hit&&std::abs(capsule.distance-capsuleDistance)<.005,"capsule cast independent support extent");
      |                                                      ^
/usr/include/glm/detail/type_mat4x4.inl:598:58: note: candidate 76: ‘template<class T, glm::qualifier Q> constexpr glm::mat<2, 4, T, Q> glm::operator*(const mat<4, 4, T, Q>&, const mat<2, 4, T, Q>&)’
  598 |         GLM_FUNC_QUALIFIER GLM_CONSTEXPR mat<2, 4, T, Q> operator*(mat<4, 4, T, Q> const& m1, mat<2, 4, T, Q> const& m2)
      |                                                          ^~~~~~~~
/usr/include/glm/detail/type_mat4x4.inl:598:58: note: template argument deduction/substitution failed:
/home/conner/Documents/GitHub/Project-Judas/tests/TerrainAuthoringTests.cpp:38:54: note:   ‘glm::vec<3, float, glm::packed_highp>’ is not derived from ‘const glm::mat<4, 4, T, Q>’
   38 |   auto capsule=p.CapsuleCast({worldPoint+worldNormal*5,rotation},.3f,.6f,-worldNormal,10);float capsuleDistance=5-.3f-.6f*normal.y;Check(capsule.hit&&std::abs(capsule.distance-capsuleDistance)<.005,"capsule cast independent support extent");
      |                                                      ^
/usr/include/glm/detail/type_mat4x4.inl:612:58: note: candidate 77: ‘template<class T, glm::qualifier Q> constexpr glm::mat<3, 4, T, Q> glm::operator*(const mat<4, 4, T, Q>&, const mat<3, 4, T, Q>&)’
  612 |         GLM_FUNC_QUALIFIER GLM_CONSTEXPR mat<3, 4, T, Q> operator*(mat<4, 4, T, Q> const& m1, mat<3, 4, T, Q> const& m2)
      |                                                          ^~~~~~~~
/usr/include/glm/detail/type_mat4x4.inl:612:58: note: template argument deduction/substitution failed:
/home/conner/Documents/GitHub/Project-Judas/tests/TerrainAuthoringTests.cpp:38:54: note:   ‘glm::vec<3, float, glm::packed_highp>’ is not derived from ‘const glm::mat<4, 4, T, Q>’
   38 |   auto capsule=p.CapsuleCast({worldPoint+worldNormal*5,rotation},.3f,.6f,-worldNormal,10);float capsuleDistance=5-.3f-.6f*normal.y;Check(capsule.hit&&std::abs(capsule.distance-capsuleDistance)<.005,"capsule cast independent support extent");
      |                                                      ^
/usr/include/glm/detail/type_mat4x4.inl:630:58: note: candidate 78: ‘template<class T, glm::qualifier Q> constexpr glm::mat<4, 4, T, Q> glm::operator*(const mat<4, 4, T, Q>&, const mat<4, 4, T, Q>&)’
  630 |         GLM_FUNC_QUALIFIER GLM_CONSTEXPR mat<4, 4, T, Q> operator*(mat<4, 4, T, Q> const& m1, mat<4, 4, T, Q> const& m2)
      |                                                          ^~~~~~~~
/usr/include/glm/detail/type_mat4x4.inl:630:58: note: template argument deduction/substitution failed:
/home/conner/Documents/GitHub/Project-Judas/tests/TerrainAuthoringTests.cpp:38:54: note:   ‘glm::vec<3, float, glm::packed_highp>’ is not derived from ‘const glm::mat<4, 4, T, Q>’
   38 |   auto capsule=p.CapsuleCast({worldPoint+worldNormal*5,rotation},.3f,.6f,-worldNormal,10);float capsuleDistance=5-.3f-.6f*normal.y;Check(capsule.hit&&std::abs(capsule.distance-capsuleDistance)<.005,"capsule cast independent support extent");
      |                                                      ^
/usr/include/glm/detail/type_vec1.inl:352:55: note: candidate 79: ‘template<class T, glm::qualifier Q> constexpr glm::vec<1, T, Q> glm::operator*(const vec<1, T, Q>&, T)’
  352 |         GLM_FUNC_QUALIFIER GLM_CONSTEXPR vec<1, T, Q> operator*(vec<1, T, Q> const& v, T scalar)
      |                                                       ^~~~~~~~
/usr/include/glm/detail/type_vec1.inl:352:55: note: template argument deduction/substitution failed:
/home/conner/Documents/GitHub/Project-Judas/tests/TerrainAuthoringTests.cpp:38:54: note:   template argument ‘3’ does not match ‘1’
   38 |   auto capsule=p.CapsuleCast({worldPoint+worldNormal*5,rotation},.3f,.6f,-worldNormal,10);float capsuleDistance=5-.3f-.6f*normal.y;Check(capsule.hit&&std::abs(capsule.distance-capsuleDistance)<.005,"capsule cast independent support extent");
      |                                                      ^
/usr/include/glm/detail/type_vec1.inl:359:55: note: candidate 80: ‘template<class T, glm::qualifier Q> constexpr glm::vec<1, T, Q> glm::operator*(T, const vec<1, T, Q>&)’
  359 |         GLM_FUNC_QUALIFIER GLM_CONSTEXPR vec<1, T, Q> operator*(T scalar, vec<1, T, Q> const& v)
      |                                                       ^~~~~~~~
/usr/include/glm/detail/type_vec1.inl:359:55: note: template argument deduction/substitution failed:
/home/conner/Documents/GitHub/Project-Judas/tests/TerrainAuthoringTests.cpp:38:54: note:   mismatched types ‘const glm::vec<1, T, Q>’ and ‘int’
   38 |   auto capsule=p.CapsuleCast({worldPoint+worldNormal*5,rotation},.3f,.6f,-worldNormal,10);float capsuleDistance=5-.3f-.6f*normal.y;Check(capsule.hit&&std::abs(capsule.distance-capsuleDistance)<.005,"capsule cast independent support extent");
      |                                                      ^
/usr/include/glm/detail/type_vec1.inl:366:55: note: candidate 81: ‘template<class T, glm::qualifier Q> constexpr glm::vec<1, T, Q> glm::operator*(const vec<1, T, Q>&, const vec<1, T, Q>&)’
  366 |         GLM_FUNC_QUALIFIER GLM_CONSTEXPR vec<1, T, Q> operator*(vec<1, T, Q> const& v1, vec<1, T, Q> const& v2)
      |                                                       ^~~~~~~~
/usr/include/glm/detail/type_vec1.inl:366:55: note: template argument deduction/substitution failed:
/home/conner/Documents/GitHub/Project-Judas/tests/TerrainAuthoringTests.cpp:38:54: note:   template argument ‘3’ does not match ‘1’
   38 |   auto capsule=p.CapsuleCast({worldPoint+worldNormal*5,rotation},.3f,.6f,-worldNormal,10);float capsuleDistance=5-.3f-.6f*normal.y;Check(capsule.hit&&std::abs(capsule.distance-capsuleDistance)<.005,"capsule cast independent support extent");
      |                                                      ^
/usr/include/glm/detail/type_quat.inl:353:52: note: candidate 82: ‘template<class T, glm::qualifier Q> constexpr glm::qua<T, Q> glm::operator*(const qua<T, Q>&, const qua<T, Q>&)’
  353 |         GLM_FUNC_QUALIFIER GLM_CONSTEXPR qua<T, Q> operator*(qua<T, Q> const& q, qua<T, Q> const& p)
      |                                                    ^~~~~~~~
/usr/include/glm/detail/type_quat.inl:353:52: note: template argument deduction/substitution failed:
/home/conner/Documents/GitHub/Project-Judas/tests/TerrainAuthoringTests.cpp:38:54: note:   ‘glm::vec<3, float, glm::packed_highp>’ is not derived from ‘const glm::qua<T, Q>’
   38 |   auto capsule=p.CapsuleCast({worldPoint+worldNormal*5,rotation},.3f,.6f,-worldNormal,10);float capsuleDistance=5-.3f-.6f*normal.y;Check(capsule.hit&&std::abs(capsule.distance-capsuleDistance)<.005,"capsule cast independent support extent");
      |                                                      ^
/usr/include/glm/detail/type_quat.inl:359:55: note: candidate 83: ‘template<class T, glm::qualifier Q> constexpr glm::vec<3, T, Q> glm::operator*(const qua<T, Q>&, const vec<3, T, Q>&)’
  359 |         GLM_FUNC_QUALIFIER GLM_CONSTEXPR vec<3, T, Q> operator*(qua<T, Q> const& q, vec<3, T, Q> const& v)
      |                                                       ^~~~~~~~
/usr/include/glm/detail/type_quat.inl:359:55: note: template argument deduction/substitution failed:
/home/conner/Documents/GitHub/Project-Judas/tests/TerrainAuthoringTests.cpp:38:54: note:   ‘glm::vec<3, float, glm::packed_highp>’ is not derived from ‘const glm::qua<T, Q>’
   38 |   auto capsule=p.CapsuleCast({worldPoint+worldNormal*5,rotation},.3f,.6f,-worldNormal,10);float capsuleDistance=5-.3f-.6f*normal.y;Check(capsule.hit&&std::abs(capsule.distance-capsuleDistance)<.005,"capsule cast independent support extent");
      |                                                      ^
/usr/include/glm/detail/type_quat.inl:369:55: note: candidate 84: ‘template<class T, glm::qualifier Q> constexpr glm::vec<3, T, Q> glm::operator*(const vec<3, T, Q>&, const qua<T, Q>&)’
  369 |         GLM_FUNC_QUALIFIER GLM_CONSTEXPR vec<3, T, Q> operator*(vec<3, T, Q> const& v, qua<T, Q> const& q)
      |                                                       ^~~~~~~~
/usr/include/glm/detail/type_quat.inl:369:55: note: template argument deduction/substitution failed:
/home/conner/Documents/GitHub/Project-Judas/tests/TerrainAuthoringTests.cpp:38:54: note:   mismatched types ‘const glm::qua<T, Q>’ and ‘int’
   38 |   auto capsule=p.CapsuleCast({worldPoint+worldNormal*5,rotation},.3f,.6f,-worldNormal,10);float capsuleDistance=5-.3f-.6f*normal.y;Check(capsule.hit&&std::abs(capsule.distance-capsuleDistance)<.005,"capsule cast independent support extent");
      |                                                      ^
/usr/include/glm/detail/type_quat.inl:375:55: note: candidate 85: ‘template<class T, glm::qualifier Q> constexpr glm::vec<4, T, Q> glm::operator*(const qua<T, Q>&, const vec<4, T, Q>&)’
  375 |         GLM_FUNC_QUALIFIER GLM_CONSTEXPR vec<4, T, Q> operator*(qua<T, Q> const& q, vec<4, T, Q> const& v)
      |                                                       ^~~~~~~~
/usr/include/glm/detail/type_quat.inl:375:55: note: template argument deduction/substitution failed:
/home/conner/Documents/GitHub/Project-Judas/tests/TerrainAuthoringTests.cpp:38:54: note:   ‘glm::vec<3, float, glm::packed_highp>’ is not derived from ‘const glm::qua<T, Q>’
   38 |   auto capsule=p.CapsuleCast({worldPoint+worldNormal*5,rotation},.3f,.6f,-worldNormal,10);float capsuleDistance=5-.3f-.6f*normal.y;Check(capsule.hit&&std::abs(capsule.distance-capsuleDistance)<.005,"capsule cast independent support extent");
      |                                                      ^
/usr/include/glm/detail/type_quat.inl:381:55: note: candidate 86: ‘template<class T, glm::qualifier Q> constexpr glm::vec<4, T, Q> glm::operator*(const vec<4, T, Q>&, const qua<T, Q>&)’
  381 |         GLM_FUNC_QUALIFIER GLM_CONSTEXPR vec<4, T, Q> operator*(vec<4, T, Q> const& v, qua<T, Q> const& q)
      |                                                       ^~~~~~~~
/usr/include/glm/detail/type_quat.inl:381:55: note: template argument deduction/substitution failed:
/home/conner/Documents/GitHub/Project-Judas/tests/TerrainAuthoringTests.cpp:38:54: note:   template argument ‘3’ does not match ‘4’
   38 |   auto capsule=p.CapsuleCast({worldPoint+worldNormal*5,rotation},.3f,.6f,-worldNormal,10);float capsuleDistance=5-.3f-.6f*normal.y;Check(capsule.hit&&std::abs(capsule.distance-capsuleDistance)<.005,"capsule cast independent support extent");
      |                                                      ^
/usr/include/glm/detail/type_quat.inl:387:52: note: candidate 87: ‘template<class T, glm::qualifier Q> constexpr glm::qua<T, Q> glm::operator*(const qua<T, Q>&, const T&)’
  387 |         GLM_FUNC_QUALIFIER GLM_CONSTEXPR qua<T, Q> operator*(qua<T, Q> const& q, T const& s)
      |                                                    ^~~~~~~~
/usr/include/glm/detail/type_quat.inl:387:52: note: template argument deduction/substitution failed:
/home/conner/Documents/GitHub/Project-Judas/tests/TerrainAuthoringTests.cpp:38:54: note:   ‘glm::vec<3, float, glm::packed_highp>’ is not derived from ‘const glm::qua<T, Q>’
   38 |   auto capsule=p.CapsuleCast({worldPoint+worldNormal*5,rotation},.3f,.6f,-worldNormal,10);float capsuleDistance=5-.3f-.6f*normal.y;Check(capsule.hit&&std::abs(capsule.distance-capsuleDistance)<.005,"capsule cast independent support extent");
      |                                                      ^
/usr/include/glm/detail/type_quat.inl:394:52: note: candidate 88: ‘template<class T, glm::qualifier Q> constexpr glm::qua<T, Q> glm::operator*(const T&, const qua<T, Q>&)’
  394 |         GLM_FUNC_QUALIFIER GLM_CONSTEXPR qua<T, Q> operator*(T const& s, qua<T, Q> const& q)
      |                                                    ^~~~~~~~
/usr/include/glm/detail/type_quat.inl:394:52: note: template argument deduction/substitution failed:
/home/conner/Documents/GitHub/Project-Judas/tests/TerrainAuthoringTests.cpp:38:54: note:   mismatched types ‘const glm::qua<T, Q>’ and ‘int’
   38 |   auto capsule=p.CapsuleCast({worldPoint+worldNormal*5,rotation},.3f,.6f,-worldNormal,10);float capsuleDistance=5-.3f-.6f*normal.y;Check(capsule.hit&&std::abs(capsule.distance-capsuleDistance)<.005,"capsule cast independent support extent");
      |                                                      ^
/home/conner/Documents/GitHub/Project-Judas/tests/TerrainAuthoringTests.cpp:38:29: error: cannot convert ‘<brace-enclosed initializer list>’ to ‘const BodyTransform&’
   38 |   auto capsule=p.CapsuleCast({worldPoint+worldNormal*5,rotation},.3f,.6f,-worldNormal,10);float capsuleDistance=5-.3f-.6f*normal.y;Check(capsule.hit&&std::abs(capsule.distance-capsuleDistance)<.005,"capsule cast independent support extent");
      |                ~~~~~~~~~~~~~^~~~~~~~~~~~~~~~~~~~~~~~~~~~~~~~~~~~~~~~~~~~~~~~~~~~~~~~~~~~~
In file included from /home/conner/Documents/GitHub/Project-Judas/tests/TerrainAuthoringTests.cpp:3:
/home/conner/Documents/GitHub/Project-Judas/src/PhysicsWorld.h:265:53: note: initializing argument 1 of ‘PhysicsCastHit PhysicsWorld::CapsuleCast(const BodyTransform&, float, float, const glm::vec3&, float, const PhysicsQueryFilter&, PhysicsCastStats*) const’
  265 |     PhysicsCastHit CapsuleCast(const BodyTransform& pose,float radius,float halfHeight,const glm::vec3& direction,float maximum,
      |                                ~~~~~~~~~~~~~~~~~~~~~^~~~
/home/conner/Documents/GitHub/Project-Judas/tests/TerrainAuthoringTests.cpp:39:45: error: no match for ‘operator*’ (operand types are ‘glm::vec<3, float, glm::packed_highp>’ and ‘int’)
   39 |   auto box=p.BoxCast({worldPoint+worldNormal*5,rotation},{.2f,.3f,.4f},-worldNormal,10);float extent=.2f*std::abs(normal.x)+.3f*normal.y+.4f*std::abs(normal.z);Check(box.hit&&std::abs(box.distance-(5-extent))<.005,"box cast matches analytic oriented extent");
      |                                  ~~~~~~~~~~~^~
      |                                  |           |
      |                                  |           int
      |                                  glm::vec<3, float, glm::packed_highp>
/home/conner/Documents/GitHub/Project-Judas/tests/TerrainAuthoringTests.cpp:39:45: note: there are 88 candidates
   39 |   auto box=p.BoxCast({worldPoint+worldNormal*5,rotation},{.2f,.3f,.4f},-worldNormal,10);float extent=.2f*std::abs(normal.x)+.3f*normal.y+.4f*std::abs(normal.z);Check(box.hit&&std::abs(box.distance-(5-extent))<.005,"box cast matches analytic oriented extent");
      |                                  ~~~~~~~~~~~^~
/usr/include/glm/detail/type_vec2.inl:559:55: note: candidate 1: ‘template<class T, glm::qualifier Q> constexpr glm::vec<2, T, Q> glm::operator*(const vec<2, T, Q>&, T)’
  559 |         GLM_FUNC_QUALIFIER GLM_CONSTEXPR vec<2, T, Q> operator*(vec<2, T, Q> const& v, T scalar)
      |                                                       ^~~~~~~~
/usr/include/glm/detail/type_vec2.inl:559:55: note: template argument deduction/substitution failed:
/home/conner/Documents/GitHub/Project-Judas/tests/TerrainAuthoringTests.cpp:39:46: note:   template argument ‘3’ does not match ‘2’
   39 |   auto box=p.BoxCast({worldPoint+worldNormal*5,rotation},{.2f,.3f,.4f},-worldNormal,10);float extent=.2f*std::abs(normal.x)+.3f*normal.y+.4f*std::abs(normal.z);Check(box.hit&&std::abs(box.distance-(5-extent))<.005,"box cast matches analytic oriented extent");
      |                                              ^
/usr/include/glm/detail/type_vec2.inl:567:55: note: candidate 2: ‘template<class T, glm::qualifier Q> constexpr glm::vec<2, T, Q> glm::operator*(const vec<2, T, Q>&, const vec<1, T, Q>&)’
  567 |         GLM_FUNC_QUALIFIER GLM_CONSTEXPR vec<2, T, Q> operator*(vec<2, T, Q> const& v1, vec<1, T, Q> const& v2)
      |                                                       ^~~~~~~~
/usr/include/glm/detail/type_vec2.inl:567:55: note: template argument deduction/substitution failed:
/home/conner/Documents/GitHub/Project-Judas/tests/TerrainAuthoringTests.cpp:39:46: note:   template argument ‘3’ does not match ‘2’
   39 |   auto box=p.BoxCast({worldPoint+worldNormal*5,rotation},{.2f,.3f,.4f},-worldNormal,10);float extent=.2f*std::abs(normal.x)+.3f*normal.y+.4f*std::abs(normal.z);Check(box.hit&&std::abs(box.distance-(5-extent))<.005,"box cast matches analytic oriented extent");
      |                                              ^
/usr/include/glm/detail/type_vec2.inl:575:55: note: candidate 3: ‘template<class T, glm::qualifier Q> constexpr glm::vec<2, T, Q> glm::operator*(T, const vec<2, T, Q>&)’
  575 |         GLM_FUNC_QUALIFIER GLM_CONSTEXPR vec<2, T, Q> operator*(T scalar, vec<2, T, Q> const& v)
      |                                                       ^~~~~~~~
/usr/include/glm/detail/type_vec2.inl:575:55: note: template argument deduction/substitution failed:
/home/conner/Documents/GitHub/Project-Judas/tests/TerrainAuthoringTests.cpp:39:46: note:   mismatched types ‘const glm::vec<2, T, Q>’ and ‘int’
   39 |   auto box=p.BoxCast({worldPoint+worldNormal*5,rotation},{.2f,.3f,.4f},-worldNormal,10);float extent=.2f*std::abs(normal.x)+.3f*normal.y+.4f*std::abs(normal.z);Check(box.hit&&std::abs(box.distance-(5-extent))<.005,"box cast matches analytic oriented extent");
      |                                              ^
/usr/include/glm/detail/type_vec2.inl:583:55: note: candidate 4: ‘template<class T, glm::qualifier Q> constexpr glm::vec<2, T, Q> glm::operator*(const vec<1, T, Q>&, const vec<2, T, Q>&)’
  583 |         GLM_FUNC_QUALIFIER GLM_CONSTEXPR vec<2, T, Q> operator*(vec<1, T, Q> const& v1, vec<2, T, Q> const& v2)
      |                                                       ^~~~~~~~
/usr/include/glm/detail/type_vec2.inl:583:55: note: template argument deduction/substitution failed:
/home/conner/Documents/GitHub/Project-Judas/tests/TerrainAuthoringTests.cpp:39:46: note:   template argument ‘3’ does not match ‘1’
   39 |   auto box=p.BoxCast({worldPoint+worldNormal*5,rotation},{.2f,.3f,.4f},-worldNormal,10);float extent=.2f*std::abs(normal.x)+.3f*normal.y+.4f*std::abs(normal.z);Check(box.hit&&std::abs(box.distance-(5-extent))<.005,"box cast matches analytic oriented extent");
      |                                              ^
/usr/include/glm/detail/type_vec2.inl:591:55: note: candidate 5: ‘template<class T, glm::qualifier Q> constexpr glm::vec<2, T, Q> glm::operator*(const vec<2, T, Q>&, const vec<2, T, Q>&)’
  591 |         GLM_FUNC_QUALIFIER GLM_CONSTEXPR vec<2, T, Q> operator*(vec<2, T, Q> const& v1, vec<2, T, Q> const& v2)
      |                                                       ^~~~~~~~
/usr/include/glm/detail/type_vec2.inl:591:55: note: template argument deduction/substitution failed:
/home/conner/Documents/GitHub/Project-Judas/tests/TerrainAuthoringTests.cpp:39:46: note:   template argument ‘3’ does not match ‘2’
   39 |   auto box=p.BoxCast({worldPoint+worldNormal*5,rotation},{.2f,.3f,.4f},-worldNormal,10);float extent=.2f*std::abs(normal.x)+.3f*normal.y+.4f*std::abs(normal.z);Check(box.hit&&std::abs(box.distance-(5-extent))<.005,"box cast matches analytic oriented extent");
      |                                              ^
/usr/include/glm/detail/type_vec3.inl:672:55: note: candidate 6: ‘template<class T, glm::qualifier Q> constexpr glm::vec<3, T, Q> glm::operator*(const vec<3, T, Q>&, T)’
  672 |         GLM_FUNC_QUALIFIER GLM_CONSTEXPR vec<3, T, Q> operator*(vec<3, T, Q> const& v, T scalar)
      |                                                       ^~~~~~~~
/usr/include/glm/detail/type_vec3.inl:672:55: note: template argument deduction/substitution failed:
/home/conner/Documents/GitHub/Project-Judas/tests/TerrainAuthoringTests.cpp:39:46: note:   deduced conflicting types for parameter ‘T’ (‘float’ and ‘int’)
   39 |   auto box=p.BoxCast({worldPoint+worldNormal*5,rotation},{.2f,.3f,.4f},-worldNormal,10);float extent=.2f*std::abs(normal.x)+.3f*normal.y+.4f*std::abs(normal.z);Check(box.hit&&std::abs(box.distance-(5-extent))<.005,"box cast matches analytic oriented extent");
      |                                              ^
/usr/include/glm/detail/type_vec3.inl:681:55: note: candidate 7: ‘template<class T, glm::qualifier Q> constexpr glm::vec<3, T, Q> glm::operator*(const vec<3, T, Q>&, const vec<1, T, Q>&)’
  681 |         GLM_FUNC_QUALIFIER GLM_CONSTEXPR vec<3, T, Q> operator*(vec<3, T, Q> const& v, vec<1, T, Q> const& scalar)
      |                                                       ^~~~~~~~
/usr/include/glm/detail/type_vec3.inl:681:55: note: template argument deduction/substitution failed:
/home/conner/Documents/GitHub/Project-Judas/tests/TerrainAuthoringTests.cpp:39:46: note:   mismatched types ‘const glm::vec<1, T, Q>’ and ‘int’
   39 |   auto box=p.BoxCast({worldPoint+worldNormal*5,rotation},{.2f,.3f,.4f},-worldNormal,10);float extent=.2f*std::abs(normal.x)+.3f*normal.y+.4f*std::abs(normal.z);Check(box.hit&&std::abs(box.distance-(5-extent))<.005,"box cast matches analytic oriented extent");
      |                                              ^
/usr/include/glm/detail/type_vec3.inl:690:55: note: candidate 8: ‘template<class T, glm::qualifier Q> constexpr glm::vec<3, T, Q> glm::operator*(T, const vec<3, T, Q>&)’
  690 |         GLM_FUNC_QUALIFIER GLM_CONSTEXPR vec<3, T, Q> operator*(T scalar, vec<3, T, Q> const& v)
      |                                                       ^~~~~~~~
/usr/include/glm/detail/type_vec3.inl:690:55: note: template argument deduction/substitution failed:
/home/conner/Documents/GitHub/Project-Judas/tests/TerrainAuthoringTests.cpp:39:46: note:   mismatched types ‘const glm::vec<3, T, Q>’ and ‘int’
   39 |   auto box=p.BoxCast({worldPoint+worldNormal*5,rotation},{.2f,.3f,.4f},-worldNormal,10);float extent=.2f*std::abs(normal.x)+.3f*normal.y+.4f*std::abs(normal.z);Check(box.hit&&std::abs(box.distance-(5-extent))<.005,"box cast matches analytic oriented extent");
      |                                              ^
/usr/include/glm/detail/type_vec3.inl:699:55: note: candidate 9: ‘template<class T, glm::qualifier Q> constexpr glm::vec<3, T, Q> glm::operator*(const vec<1, T, Q>&, const vec<3, T, Q>&)’
  699 |         GLM_FUNC_QUALIFIER GLM_CONSTEXPR vec<3, T, Q> operator*(vec<1, T, Q> const& scalar, vec<3, T, Q> const& v)
      |                                                       ^~~~~~~~
/usr/include/glm/detail/type_vec3.inl:699:55: note: template argument deduction/substitution failed:
/home/conner/Documents/GitHub/Project-Judas/tests/TerrainAuthoringTests.cpp:39:46: note:   template argument ‘3’ does not match ‘1’
   39 |   auto box=p.BoxCast({worldPoint+worldNormal*5,rotation},{.2f,.3f,.4f},-worldNormal,10);float extent=.2f*std::abs(normal.x)+.3f*normal.y+.4f*std::abs(normal.z);Check(box.hit&&std::abs(box.distance-(5-extent))<.005,"box cast matches analytic oriented extent");
      |                                              ^
/usr/include/glm/detail/type_vec3.inl:708:55: note: candidate 10: ‘template<class T, glm::qualifier Q> constexpr glm::vec<3, T, Q> glm::operator*(const vec<3, T, Q>&, const vec<3, T, Q>&)’
  708 |         GLM_FUNC_QUALIFIER GLM_CONSTEXPR vec<3, T, Q> operator*(vec<3, T, Q> const& v1, vec<3, T, Q> const& v2)
      |                                                       ^~~~~~~~
/usr/include/glm/detail/type_vec3.inl:708:55: note: template argument deduction/substitution failed:
/home/conner/Documents/GitHub/Project-Judas/tests/TerrainAuthoringTests.cpp:39:46: note:   mismatched types ‘const glm::vec<3, T, Q>’ and ‘int’
   39 |   auto box=p.BoxCast({worldPoint+worldNormal*5,rotation},{.2f,.3f,.4f},-worldNormal,10);float extent=.2f*std::abs(normal.x)+.3f*normal.y+.4f*std::abs(normal.z);Check(box.hit&&std::abs(box.distance-(5-extent))<.005,"box cast matches analytic oriented extent");
      |                                              ^
/usr/include/glm/detail/type_vec4.inl:866:55: note: candidate 11: ‘template<class T, glm::qualifier Q> constexpr glm::vec<4, T, Q> glm::operator*(const vec<4, T, Q>&, T)’
  866 |         GLM_FUNC_QUALIFIER GLM_CONSTEXPR vec<4, T, Q> operator*(vec<4, T, Q> const& v, T scalar)
      |                                                       ^~~~~~~~
/usr/include/glm/detail/type_vec4.inl:866:55: note: template argument deduction/substitution failed:
/home/conner/Documents/GitHub/Project-Judas/tests/TerrainAuthoringTests.cpp:39:46: note:   template argument ‘3’ does not match ‘4’
   39 |   auto box=p.BoxCast({worldPoint+worldNormal*5,rotation},{.2f,.3f,.4f},-worldNormal,10);float extent=.2f*std::abs(normal.x)+.3f*normal.y+.4f*std::abs(normal.z);Check(box.hit&&std::abs(box.distance-(5-extent))<.005,"box cast matches analytic oriented extent");
      |                                              ^
/usr/include/glm/detail/type_vec4.inl:872:55: note: candidate 12: ‘template<class T, glm::qualifier Q> constexpr glm::vec<4, T, Q> glm::operator*(const vec<4, T, Q>&, const vec<1, T, Q>&)’
  872 |         GLM_FUNC_QUALIFIER GLM_CONSTEXPR vec<4, T, Q> operator*(vec<4, T, Q> const& v1, vec<1, T, Q> const& v2)
      |                                                       ^~~~~~~~
/usr/include/glm/detail/type_vec4.inl:872:55: note: template argument deduction/substitution failed:
/home/conner/Documents/GitHub/Project-Judas/tests/TerrainAuthoringTests.cpp:39:46: note:   template argument ‘3’ does not match ‘4’
   39 |   auto box=p.BoxCast({worldPoint+worldNormal*5,rotation},{.2f,.3f,.4f},-worldNormal,10);float extent=.2f*std::abs(normal.x)+.3f*normal.y+.4f*std::abs(normal.z);Check(box.hit&&std::abs(box.distance-(5-extent))<.005,"box cast matches analytic oriented extent");
      |                                              ^
/usr/include/glm/detail/type_vec4.inl:878:55: note: candidate 13: ‘template<class T, glm::qualifier Q> constexpr glm::vec<4, T, Q> glm::operator*(T, const vec<4, T, Q>&)’
  878 |         GLM_FUNC_QUALIFIER GLM_CONSTEXPR vec<4, T, Q> operator*(T scalar, vec<4, T, Q> const& v)
      |                                                       ^~~~~~~~
/usr/include/glm/detail/type_vec4.inl:878:55: note: template argument deduction/substitution failed:
/home/conner/Documents/GitHub/Project-Judas/tests/TerrainAuthoringTests.cpp:39:46: note:   mismatched types ‘const glm::vec<4, T, Q>’ and ‘int’
   39 |   auto box=p.BoxCast({worldPoint+worldNormal*5,rotation},{.2f,.3f,.4f},-worldNormal,10);float extent=.2f*std::abs(normal.x)+.3f*normal.y+.4f*std::abs(normal.z);Check(box.hit&&std::abs(box.distance-(5-extent))<.005,"box cast matches analytic oriented extent");
      |                                              ^
/usr/include/glm/detail/type_vec4.inl:884:55: note: candidate 14: ‘template<class T, glm::qualifier Q> constexpr glm::vec<4, T, Q> glm::operator*(const vec<1, T, Q>&, const vec<4, T, Q>&)’
  884 |         GLM_FUNC_QUALIFIER GLM_CONSTEXPR vec<4, T, Q> operator*(vec<1, T, Q> const& v1, vec<4, T, Q> const& v2)
      |                                                       ^~~~~~~~
/usr/include/glm/detail/type_vec4.inl:884:55: note: template argument deduction/substitution failed:
/home/conner/Documents/GitHub/Project-Judas/tests/TerrainAuthoringTests.cpp:39:46: note:   template argument ‘3’ does not match ‘1’
   39 |   auto box=p.BoxCast({worldPoint+worldNormal*5,rotation},{.2f,.3f,.4f},-worldNormal,10);float extent=.2f*std::abs(normal.x)+.3f*normal.y+.4f*std::abs(normal.z);Check(box.hit&&std::abs(box.distance-(5-extent))<.005,"box cast matches analytic oriented extent");
      |                                              ^
/usr/include/glm/detail/type_vec4.inl:890:55: note: candidate 15: ‘template<class T, glm::qualifier Q> constexpr glm::vec<4, T, Q> glm::operator*(const vec<4, T, Q>&, const vec<4, T, Q>&)’
  890 |         GLM_FUNC_QUALIFIER GLM_CONSTEXPR vec<4, T, Q> operator*(vec<4, T, Q> const& v1, vec<4, T, Q> const& v2)
      |                                                       ^~~~~~~~
/usr/include/glm/detail/type_vec4.inl:890:55: note: template argument deduction/substitution failed:
/home/conner/Documents/GitHub/Project-Judas/tests/TerrainAuthoringTests.cpp:39:46: note:   template argument ‘3’ does not match ‘4’
   39 |   auto box=p.BoxCast({worldPoint+worldNormal*5,rotation},{.2f,.3f,.4f},-worldNormal,10);float extent=.2f*std::abs(normal.x)+.3f*normal.y+.4f*std::abs(normal.z);Check(box.hit&&std::abs(box.distance-(5-extent))<.005,"box cast matches analytic oriented extent");
      |                                              ^
/usr/include/glm/detail/type_mat2x2.inl:413:58: note: candidate 16: ‘template<class T, glm::qualifier Q> constexpr glm::mat<2, 2, T, Q> glm::operator*(const mat<2, 2, T, Q>&, T)’
  413 |         GLM_FUNC_QUALIFIER GLM_CONSTEXPR mat<2, 2, T, Q> operator*(mat<2, 2, T, Q> const& m, T scalar)
      |                                                          ^~~~~~~~
/usr/include/glm/detail/type_mat2x2.inl:413:58: note: template argument deduction/substitution failed:
/home/conner/Documents/GitHub/Project-Judas/tests/TerrainAuthoringTests.cpp:39:46: note:   ‘glm::vec<3, float, glm::packed_highp>’ is not derived from ‘const glm::mat<2, 2, T, Q>’
   39 |   auto box=p.BoxCast({worldPoint+worldNormal*5,rotation},{.2f,.3f,.4f},-worldNormal,10);float extent=.2f*std::abs(normal.x)+.3f*normal.y+.4f*std::abs(normal.z);Check(box.hit&&std::abs(box.distance-(5-extent))<.005,"box cast matches analytic oriented extent");
      |                                              ^
/usr/include/glm/detail/type_mat2x2.inl:421:58: note: candidate 17: ‘template<class T, glm::qualifier Q> constexpr glm::mat<2, 2, T, Q> glm::operator*(T, const mat<2, 2, T, Q>&)’
  421 |         GLM_FUNC_QUALIFIER GLM_CONSTEXPR mat<2, 2, T, Q> operator*(T scalar, mat<2, 2, T, Q> const& m)
      |                                                          ^~~~~~~~
/usr/include/glm/detail/type_mat2x2.inl:421:58: note: template argument deduction/substitution failed:
/home/conner/Documents/GitHub/Project-Judas/tests/TerrainAuthoringTests.cpp:39:46: note:   mismatched types ‘const glm::mat<2, 2, T, Q>’ and ‘int’
   39 |   auto box=p.BoxCast({worldPoint+worldNormal*5,rotation},{.2f,.3f,.4f},-worldNormal,10);float extent=.2f*std::abs(normal.x)+.3f*normal.y+.4f*std::abs(normal.z);Check(box.hit&&std::abs(box.distance-(5-extent))<.005,"box cast matches analytic oriented extent");
      |                                              ^
/usr/include/glm/detail/type_mat2x2.inl:429:77: note: candidate 18: ‘template<class T, glm::qualifier Q> constexpr typename glm::mat<2, 2, T, Q>::col_type glm::operator*(const mat<2, 2, T, Q>&, const typename mat<2, 2, T, Q>::row_type&)’
  429 |         GLM_FUNC_QUALIFIER GLM_CONSTEXPR typename mat<2, 2, T, Q>::col_type operator*
      |                                                                             ^~~~~~~~
/usr/include/glm/detail/type_mat2x2.inl:429:77: note: template argument deduction/substitution failed:
/home/conner/Documents/GitHub/Project-Judas/tests/TerrainAuthoringTests.cpp:39:46: note:   ‘glm::vec<3, float, glm::packed_highp>’ is not derived from ‘const glm::mat<2, 2, T, Q>’
   39 |   auto box=p.BoxCast({worldPoint+worldNormal*5,rotation},{.2f,.3f,.4f},-worldNormal,10);float extent=.2f*std::abs(normal.x)+.3f*normal.y+.4f*std::abs(normal.z);Check(box.hit&&std::abs(box.distance-(5-extent))<.005,"box cast matches analytic oriented extent");
      |                                              ^
/usr/include/glm/detail/type_mat2x2.inl:441:77: note: candidate 19: ‘template<class T, glm::qualifier Q> constexpr typename glm::mat<2, 2, T, Q>::row_type glm::operator*(const typename mat<2, 2, T, Q>::col_type&, const mat<2, 2, T, Q>&)’
  441 |         GLM_FUNC_QUALIFIER GLM_CONSTEXPR typename mat<2, 2, T, Q>::row_type operator*
      |                                                                             ^~~~~~~~
/usr/include/glm/detail/type_mat2x2.inl:441:77: note: template argument deduction/substitution failed:
/home/conner/Documents/GitHub/Project-Judas/tests/TerrainAuthoringTests.cpp:39:46: note:   mismatched types ‘const glm::mat<2, 2, T, Q>’ and ‘int’
   39 |   auto box=p.BoxCast({worldPoint+worldNormal*5,rotation},{.2f,.3f,.4f},-worldNormal,10);float extent=.2f*std::abs(normal.x)+.3f*normal.y+.4f*std::abs(normal.z);Check(box.hit&&std::abs(box.distance-(5-extent))<.005,"box cast matches analytic oriented extent");
      |                                              ^
/usr/include/glm/detail/type_mat2x2.inl:453:58: note: candidate 20: ‘template<class T, glm::qualifier Q> constexpr glm::mat<2, 2, T, Q> glm::operator*(const mat<2, 2, T, Q>&, const mat<2, 2, T, Q>&)’
  453 |         GLM_FUNC_QUALIFIER GLM_CONSTEXPR mat<2, 2, T, Q> operator*(mat<2, 2, T, Q> const& m1, mat<2, 2, T, Q> const& m2)
      |                                                          ^~~~~~~~
/usr/include/glm/detail/type_mat2x2.inl:453:58: note: template argument deduction/substitution failed:
/home/conner/Documents/GitHub/Project-Judas/tests/TerrainAuthoringTests.cpp:39:46: note:   ‘glm::vec<3, float, glm::packed_highp>’ is not derived from ‘const glm::mat<2, 2, T, Q>’
   39 |   auto box=p.BoxCast({worldPoint+worldNormal*5,rotation},{.2f,.3f,.4f},-worldNormal,10);float extent=.2f*std::abs(normal.x)+.3f*normal.y+.4f*std::abs(normal.z);Check(box.hit&&std::abs(box.distance-(5-extent))<.005,"box cast matches analytic oriented extent");
      |                                              ^
/usr/include/glm/detail/type_mat2x2.inl:463:58: note: candidate 21: ‘template<class T, glm::qualifier Q> constexpr glm::mat<3, 2, T, Q> glm::operator*(const mat<2, 2, T, Q>&, const mat<3, 2, T, Q>&)’
  463 |         GLM_FUNC_QUALIFIER GLM_CONSTEXPR mat<3, 2, T, Q> operator*(mat<2, 2, T, Q> const& m1, mat<3, 2, T, Q> const& m2)
      |                                                          ^~~~~~~~
/usr/include/glm/detail/type_mat2x2.inl:463:58: note: template argument deduction/substitution failed:
/home/conner/Documents/GitHub/Project-Judas/tests/TerrainAuthoringTests.cpp:39:46: note:   ‘glm::vec<3, float, glm::packed_highp>’ is not derived from ‘const glm::mat<2, 2, T, Q>’
   39 |   auto box=p.BoxCast({worldPoint+worldNormal*5,rotation},{.2f,.3f,.4f},-worldNormal,10);float extent=.2f*std::abs(normal.x)+.3f*normal.y+.4f*std::abs(normal.z);Check(box.hit&&std::abs(box.distance-(5-extent))<.005,"box cast matches analytic oriented extent");
      |                                              ^
/usr/include/glm/detail/type_mat2x2.inl:475:58: note: candidate 22: ‘template<class T, glm::qualifier Q> constexpr glm::mat<4, 2, T, Q> glm::operator*(const mat<2, 2, T, Q>&, const mat<4, 2, T, Q>&)’
  475 |         GLM_FUNC_QUALIFIER GLM_CONSTEXPR mat<4, 2, T, Q> operator*(mat<2, 2, T, Q> const& m1, mat<4, 2, T, Q> const& m2)
      |                                                          ^~~~~~~~
/usr/include/glm/detail/type_mat2x2.inl:475:58: note: template argument deduction/substitution failed:
/home/conner/Documents/GitHub/Project-Judas/tests/TerrainAuthoringTests.cpp:39:46: note:   ‘glm::vec<3, float, glm::packed_highp>’ is not derived from ‘const glm::mat<2, 2, T, Q>’
   39 |   auto box=p.BoxCast({worldPoint+worldNormal*5,rotation},{.2f,.3f,.4f},-worldNormal,10);float extent=.2f*std::abs(normal.x)+.3f*normal.y+.4f*std::abs(normal.z);Check(box.hit&&std::abs(box.distance-(5-extent))<.005,"box cast matches analytic oriented extent");
      |                                              ^
/usr/include/glm/detail/type_mat2x3.inl:383:58: note: candidate 23: ‘template<class T, glm::qualifier Q> constexpr glm::mat<2, 3, T, Q> glm::operator*(const mat<2, 3, T, Q>&, T)’
  383 |         GLM_FUNC_QUALIFIER GLM_CONSTEXPR mat<2, 3, T, Q> operator*(mat<2, 3, T, Q> const& m, T scalar)
      |                                                          ^~~~~~~~
/usr/include/glm/detail/type_mat2x3.inl:383:58: note: template argument deduction/substitution failed:
/home/conner/Documents/GitHub/Project-Judas/tests/TerrainAuthoringTests.cpp:39:46: note:   ‘glm::vec<3, float, glm::packed_highp>’ is not derived from ‘const glm::mat<2, 3, T, Q>’
   39 |   auto box=p.BoxCast({worldPoint+worldNormal*5,rotation},{.2f,.3f,.4f},-worldNormal,10);float extent=.2f*std::abs(normal.x)+.3f*normal.y+.4f*std::abs(normal.z);Check(box.hit&&std::abs(box.distance-(5-extent))<.005,"box cast matches analytic oriented extent");
      |                                              ^
/usr/include/glm/detail/type_mat2x3.inl:391:58: note: candidate 24: ‘template<class T, glm::qualifier Q> constexpr glm::mat<2, 3, T, Q> glm::operator*(T, const mat<2, 3, T, Q>&)’
  391 |         GLM_FUNC_QUALIFIER GLM_CONSTEXPR mat<2, 3, T, Q> operator*(T scalar, mat<2, 3, T, Q> const& m)
      |                                                          ^~~~~~~~
/usr/include/glm/detail/type_mat2x3.inl:391:58: note: template argument deduction/substitution failed:
/home/conner/Documents/GitHub/Project-Judas/tests/TerrainAuthoringTests.cpp:39:46: note:   mismatched types ‘const glm::mat<2, 3, T, Q>’ and ‘int’
   39 |   auto box=p.BoxCast({worldPoint+worldNormal*5,rotation},{.2f,.3f,.4f},-worldNormal,10);float extent=.2f*std::abs(normal.x)+.3f*normal.y+.4f*std::abs(normal.z);Check(box.hit&&std::abs(box.distance-(5-extent))<.005,"box cast matches analytic oriented extent");
      |                                              ^
/usr/include/glm/detail/type_mat2x3.inl:399:77: note: candidate 25: ‘template<class T, glm::qualifier Q> constexpr typename glm::mat<2, 3, T, Q>::col_type glm::operator*(const mat<2, 3, T, Q>&, const typename mat<2, 3, T, Q>::row_type&)’
  399 |         GLM_FUNC_QUALIFIER GLM_CONSTEXPR typename mat<2, 3, T, Q>::col_type operator*
      |                                                                             ^~~~~~~~
/usr/include/glm/detail/type_mat2x3.inl:399:77: note: template argument deduction/substitution failed:
/home/conner/Documents/GitHub/Project-Judas/tests/TerrainAuthoringTests.cpp:39:46: note:   ‘glm::vec<3, float, glm::packed_highp>’ is not derived from ‘const glm::mat<2, 3, T, Q>’
   39 |   auto box=p.BoxCast({worldPoint+worldNormal*5,rotation},{.2f,.3f,.4f},-worldNormal,10);float extent=.2f*std::abs(normal.x)+.3f*normal.y+.4f*std::abs(normal.z);Check(box.hit&&std::abs(box.distance-(5-extent))<.005,"box cast matches analytic oriented extent");
      |                                              ^
/usr/include/glm/detail/type_mat2x3.inl:411:77: note: candidate 26: ‘template<class T, glm::qualifier Q> constexpr typename glm::mat<2, 3, T, Q>::row_type glm::operator*(const typename mat<2, 3, T, Q>::col_type&, const mat<2, 3, T, Q>&)’
  411 |         GLM_FUNC_QUALIFIER GLM_CONSTEXPR typename mat<2, 3, T, Q>::row_type operator*
      |                                                                             ^~~~~~~~
/usr/include/glm/detail/type_mat2x3.inl:411:77: note: template argument deduction/substitution failed:
/home/conner/Documents/GitHub/Project-Judas/tests/TerrainAuthoringTests.cpp:39:46: note:   mismatched types ‘const glm::mat<2, 3, T, Q>’ and ‘int’
   39 |   auto box=p.BoxCast({worldPoint+worldNormal*5,rotation},{.2f,.3f,.4f},-worldNormal,10);float extent=.2f*std::abs(normal.x)+.3f*normal.y+.4f*std::abs(normal.z);Check(box.hit&&std::abs(box.distance-(5-extent))<.005,"box cast matches analytic oriented extent");
      |                                              ^
/usr/include/glm/detail/type_mat2x3.inl:422:58: note: candidate 27: ‘template<class T, glm::qualifier Q> constexpr glm::mat<2, 3, T, Q> glm::operator*(const mat<2, 3, T, Q>&, const mat<2, 2, T, Q>&)’
  422 |         GLM_FUNC_QUALIFIER GLM_CONSTEXPR mat<2, 3, T, Q> operator*(mat<2, 3, T, Q> const& m1, mat<2, 2, T, Q> const& m2)
      |                                                          ^~~~~~~~
/usr/include/glm/detail/type_mat2x3.inl:422:58: note: template argument deduction/substitution failed:
/home/conner/Documents/GitHub/Project-Judas/tests/TerrainAuthoringTests.cpp:39:46: note:   ‘glm::vec<3, float, glm::packed_highp>’ is not derived from ‘const glm::mat<2, 3, T, Q>’
   39 |   auto box=p.BoxCast({worldPoint+worldNormal*5,rotation},{.2f,.3f,.4f},-worldNormal,10);float extent=.2f*std::abs(normal.x)+.3f*normal.y+.4f*std::abs(normal.z);Check(box.hit&&std::abs(box.distance-(5-extent))<.005,"box cast matches analytic oriented extent");
      |                                              ^
/usr/include/glm/detail/type_mat2x3.inl:434:58: note: candidate 28: ‘template<class T, glm::qualifier Q> constexpr glm::mat<3, 3, T, Q> glm::operator*(const mat<2, 3, T, Q>&, const mat<3, 2, T, Q>&)’
  434 |         GLM_FUNC_QUALIFIER GLM_CONSTEXPR mat<3, 3, T, Q> operator*(mat<2, 3, T, Q> const& m1, mat<3, 2, T, Q> const& m2)
      |                                                          ^~~~~~~~
/usr/include/glm/detail/type_mat2x3.inl:434:58: note: template argument deduction/substitution failed:
/home/conner/Documents/GitHub/Project-Judas/tests/TerrainAuthoringTests.cpp:39:46: note:   ‘glm::vec<3, float, glm::packed_highp>’ is not derived from ‘const glm::mat<2, 3, T, Q>’
   39 |   auto box=p.BoxCast({worldPoint+worldNormal*5,rotation},{.2f,.3f,.4f},-worldNormal,10);float extent=.2f*std::abs(normal.x)+.3f*normal.y+.4f*std::abs(normal.z);Check(box.hit&&std::abs(box.distance-(5-extent))<.005,"box cast matches analytic oriented extent");
      |                                              ^
/usr/include/glm/detail/type_mat2x3.inl:464:58: note: candidate 29: ‘template<class T, glm::qualifier Q> constexpr glm::mat<4, 3, T, Q> glm::operator*(const mat<2, 3, T, Q>&, const mat<4, 2, T, Q>&)’
  464 |         GLM_FUNC_QUALIFIER GLM_CONSTEXPR mat<4, 3, T, Q> operator*(mat<2, 3, T, Q> const& m1, mat<4, 2, T, Q> const& m2)
      |                                                          ^~~~~~~~
/usr/include/glm/detail/type_mat2x3.inl:464:58: note: template argument deduction/substitution failed:
/home/conner/Documents/GitHub/Project-Judas/tests/TerrainAuthoringTests.cpp:39:46: note:   ‘glm::vec<3, float, glm::packed_highp>’ is not derived from ‘const glm::mat<2, 3, T, Q>’
   39 |   auto box=p.BoxCast({worldPoint+worldNormal*5,rotation},{.2f,.3f,.4f},-worldNormal,10);float extent=.2f*std::abs(normal.x)+.3f*normal.y+.4f*std::abs(normal.z);Check(box.hit&&std::abs(box.distance-(5-extent))<.005,"box cast matches analytic oriented extent");
      |                                              ^
/usr/include/glm/detail/type_mat2x4.inl:385:58: note: candidate 30: ‘template<class T, glm::qualifier Q> constexpr glm::mat<2, 4, T, Q> glm::operator*(const mat<2, 4, T, Q>&, T)’
  385 |         GLM_FUNC_QUALIFIER GLM_CONSTEXPR mat<2, 4, T, Q> operator*(mat<2, 4, T, Q> const& m, T scalar)
      |                                                          ^~~~~~~~
/usr/include/glm/detail/type_mat2x4.inl:385:58: note: template argument deduction/substitution failed:
/home/conner/Documents/GitHub/Project-Judas/tests/TerrainAuthoringTests.cpp:39:46: note:   ‘glm::vec<3, float, glm::packed_highp>’ is not derived from ‘const glm::mat<2, 4, T, Q>’
   39 |   auto box=p.BoxCast({worldPoint+worldNormal*5,rotation},{.2f,.3f,.4f},-worldNormal,10);float extent=.2f*std::abs(normal.x)+.3f*normal.y+.4f*std::abs(normal.z);Check(box.hit&&std::abs(box.distance-(5-extent))<.005,"box cast matches analytic oriented extent");
      |                                              ^
/usr/include/glm/detail/type_mat2x4.inl:393:58: note: candidate 31: ‘template<class T, glm::qualifier Q> constexpr glm::mat<2, 4, T, Q> glm::operator*(T, const mat<2, 4, T, Q>&)’
  393 |         GLM_FUNC_QUALIFIER GLM_CONSTEXPR mat<2, 4, T, Q> operator*(T scalar, mat<2, 4, T, Q> const& m)
      |                                                          ^~~~~~~~
/usr/include/glm/detail/type_mat2x4.inl:393:58: note: template argument deduction/substitution failed:
/home/conner/Documents/GitHub/Project-Judas/tests/TerrainAuthoringTests.cpp:39:46: note:   mismatched types ‘const glm::mat<2, 4, T, Q>’ and ‘int’
   39 |   auto box=p.BoxCast({worldPoint+worldNormal*5,rotation},{.2f,.3f,.4f},-worldNormal,10);float extent=.2f*std::abs(normal.x)+.3f*normal.y+.4f*std::abs(normal.z);Check(box.hit&&std::abs(box.distance-(5-extent))<.005,"box cast matches analytic oriented extent");
      |                                              ^
/usr/include/glm/detail/type_mat2x4.inl:401:77: note: candidate 32: ‘template<class T, glm::qualifier Q> constexpr typename glm::mat<2, 4, T, Q>::col_type glm::operator*(const mat<2, 4, T, Q>&, const typename mat<2, 4, T, Q>::row_type&)’
  401 |         GLM_FUNC_QUALIFIER GLM_CONSTEXPR typename mat<2, 4, T, Q>::col_type operator*(mat<2, 4, T, Q> const& m, typename mat<2, 4, T, Q>::row_type const& v)
      |                                                                             ^~~~~~~~
/usr/include/glm/detail/type_mat2x4.inl:401:77: note: template argument deduction/substitution failed:
/home/conner/Documents/GitHub/Project-Judas/tests/TerrainAuthoringTests.cpp:39:46: note:   ‘glm::vec<3, float, glm::packed_highp>’ is not derived from ‘const glm::mat<2, 4, T, Q>’
   39 |   auto box=p.BoxCast({worldPoint+worldNormal*5,rotation},{.2f,.3f,.4f},-worldNormal,10);float extent=.2f*std::abs(normal.x)+.3f*normal.y+.4f*std::abs(normal.z);Check(box.hit&&std::abs(box.distance-(5-extent))<.005,"box cast matches analytic oriented extent");
      |                                              ^
/usr/include/glm/detail/type_mat2x4.inl:411:77: note: candidate 33: ‘template<class T, glm::qualifier Q> constexpr typename glm::mat<2, 4, T, Q>::row_type glm::operator*(const typename mat<2, 4, T, Q>::col_type&, const mat<2, 4, T, Q>&)’
  411 |         GLM_FUNC_QUALIFIER GLM_CONSTEXPR typename mat<2, 4, T, Q>::row_type operator*(typename mat<2, 4, T, Q>::col_type const& v, mat<2, 4, T, Q> const& m)
      |                                                                             ^~~~~~~~
/usr/include/glm/detail/type_mat2x4.inl:411:77: note: template argument deduction/substitution failed:
/home/conner/Documents/GitHub/Project-Judas/tests/TerrainAuthoringTests.cpp:39:46: note:   mismatched types ‘const glm::mat<2, 4, T, Q>’ and ‘int’
   39 |   auto box=p.BoxCast({worldPoint+worldNormal*5,rotation},{.2f,.3f,.4f},-worldNormal,10);float extent=.2f*std::abs(normal.x)+.3f*normal.y+.4f*std::abs(normal.z);Check(box.hit&&std::abs(box.distance-(5-extent))<.005,"box cast matches analytic oriented extent");
      |                                              ^
/usr/include/glm/detail/type_mat2x4.inl:419:58: note: candidate 34: ‘template<class T, glm::qualifier Q> constexpr glm::mat<4, 4, T, Q> glm::operator*(const mat<2, 4, T, Q>&, const mat<4, 2, T, Q>&)’
  419 |         GLM_FUNC_QUALIFIER GLM_CONSTEXPR mat<4, 4, T, Q> operator*(mat<2, 4, T, Q> const& m1, mat<4, 2, T, Q> const& m2)
      |                                                          ^~~~~~~~
/usr/include/glm/detail/type_mat2x4.inl:419:58: note: template argument deduction/substitution failed:
/home/conner/Documents/GitHub/Project-Judas/tests/TerrainAuthoringTests.cpp:39:46: note:   ‘glm::vec<3, float, glm::packed_highp>’ is not derived from ‘const glm::mat<2, 4, T, Q>’
   39 |   auto box=p.BoxCast({worldPoint+worldNormal*5,rotation},{.2f,.3f,.4f},-worldNormal,10);float extent=.2f*std::abs(normal.x)+.3f*normal.y+.4f*std::abs(normal.z);Check(box.hit&&std::abs(box.distance-(5-extent))<.005,"box cast matches analytic oriented extent");
      |                                              ^
/usr/include/glm/detail/type_mat2x4.inl:460:58: note: candidate 35: ‘template<class T, glm::qualifier Q> constexpr glm::mat<2, 4, T, Q> glm::operator*(const mat<2, 4, T, Q>&, const mat<2, 2, T, Q>&)’
  460 |         GLM_FUNC_QUALIFIER GLM_CONSTEXPR mat<2, 4, T, Q> operator*(mat<2, 4, T, Q> const& m1, mat<2, 2, T, Q> const& m2)
      |                                                          ^~~~~~~~
/usr/include/glm/detail/type_mat2x4.inl:460:58: note: template argument deduction/substitution failed:
/home/conner/Documents/GitHub/Project-Judas/tests/TerrainAuthoringTests.cpp:39:46: note:   ‘glm::vec<3, float, glm::packed_highp>’ is not derived from ‘const glm::mat<2, 4, T, Q>’
   39 |   auto box=p.BoxCast({worldPoint+worldNormal*5,rotation},{.2f,.3f,.4f},-worldNormal,10);float extent=.2f*std::abs(normal.x)+.3f*normal.y+.4f*std::abs(normal.z);Check(box.hit&&std::abs(box.distance-(5-extent))<.005,"box cast matches analytic oriented extent");
      |                                              ^
/usr/include/glm/detail/type_mat2x4.inl:474:58: note: candidate 36: ‘template<class T, glm::qualifier Q> constexpr glm::mat<3, 4, T, Q> glm::operator*(const mat<2, 4, T, Q>&, const mat<3, 2, T, Q>&)’
  474 |         GLM_FUNC_QUALIFIER GLM_CONSTEXPR mat<3, 4, T, Q> operator*(mat<2, 4, T, Q> const& m1, mat<3, 2, T, Q> const& m2)
      |                                                          ^~~~~~~~
/usr/include/glm/detail/type_mat2x4.inl:474:58: note: template argument deduction/substitution failed:
/home/conner/Documents/GitHub/Project-Judas/tests/TerrainAuthoringTests.cpp:39:46: note:   ‘glm::vec<3, float, glm::packed_highp>’ is not derived from ‘const glm::mat<2, 4, T, Q>’
   39 |   auto box=p.BoxCast({worldPoint+worldNormal*5,rotation},{.2f,.3f,.4f},-worldNormal,10);float extent=.2f*std::abs(normal.x)+.3f*normal.y+.4f*std::abs(normal.z);Check(box.hit&&std::abs(box.distance-(5-extent))<.005,"box cast matches analytic oriented extent");
      |                                              ^
/usr/include/glm/detail/type_mat3x2.inl:416:58: note: candidate 37: ‘template<class T, glm::qualifier Q> constexpr glm::mat<3, 2, T, Q> glm::operator*(const mat<3, 2, T, Q>&, T)’
  416 |         GLM_FUNC_QUALIFIER GLM_CONSTEXPR mat<3, 2, T, Q> operator*(mat<3, 2, T, Q> const& m, T scalar)
      |                                                          ^~~~~~~~
/usr/include/glm/detail/type_mat3x2.inl:416:58: note: template argument deduction/substitution failed:
/home/conner/Documents/GitHub/Project-Judas/tests/TerrainAuthoringTests.cpp:39:46: note:   ‘glm::vec<3, float, glm::packed_highp>’ is not derived from ‘const glm::mat<3, 2, T, Q>’
   39 |   auto box=p.BoxCast({worldPoint+worldNormal*5,rotation},{.2f,.3f,.4f},-worldNormal,10);float extent=.2f*std::abs(normal.x)+.3f*normal.y+.4f*std::abs(normal.z);Check(box.hit&&std::abs(box.distance-(5-extent))<.005,"box cast matches analytic oriented extent");
      |                                              ^
/usr/include/glm/detail/type_mat3x2.inl:425:58: note: candidate 38: ‘template<class T, glm::qualifier Q> constexpr glm::mat<3, 2, T, Q> glm::operator*(T, const mat<3, 2, T, Q>&)’
  425 |         GLM_FUNC_QUALIFIER GLM_CONSTEXPR mat<3, 2, T, Q> operator*(T scalar, mat<3, 2, T, Q> const& m)
      |                                                          ^~~~~~~~
/usr/include/glm/detail/type_mat3x2.inl:425:58: note: template argument deduction/substitution failed:
/home/conner/Documents/GitHub/Project-Judas/tests/TerrainAuthoringTests.cpp:39:46: note:   mismatched types ‘const glm::mat<3, 2, T, Q>’ and ‘int’
   39 |   auto box=p.BoxCast({worldPoint+worldNormal*5,rotation},{.2f,.3f,.4f},-worldNormal,10);float extent=.2f*std::abs(normal.x)+.3f*normal.y+.4f*std::abs(normal.z);Check(box.hit&&std::abs(box.distance-(5-extent))<.005,"box cast matches analytic oriented extent");
      |                                              ^
/usr/include/glm/detail/type_mat3x2.inl:434:77: note: candidate 39: ‘template<class T, glm::qualifier Q> constexpr typename glm::mat<3, 2, T, Q>::col_type glm::operator*(const mat<3, 2, T, Q>&, const typename mat<3, 2, T, Q>::row_type&)’
  434 |         GLM_FUNC_QUALIFIER GLM_CONSTEXPR typename mat<3, 2, T, Q>::col_type operator*(mat<3, 2, T, Q> const& m, typename mat<3, 2, T, Q>::row_type const& v)
      |                                                                             ^~~~~~~~
/usr/include/glm/detail/type_mat3x2.inl:434:77: note: template argument deduction/substitution failed:
/home/conner/Documents/GitHub/Project-Judas/tests/TerrainAuthoringTests.cpp:39:46: note:   ‘glm::vec<3, float, glm::packed_highp>’ is not derived from ‘const glm::mat<3, 2, T, Q>’
   39 |   auto box=p.BoxCast({worldPoint+worldNormal*5,rotation},{.2f,.3f,.4f},-worldNormal,10);float extent=.2f*std::abs(normal.x)+.3f*normal.y+.4f*std::abs(normal.z);Check(box.hit&&std::abs(box.distance-(5-extent))<.005,"box cast matches analytic oriented extent");
      |                                              ^
/usr/include/glm/detail/type_mat3x2.inl:442:77: note: candidate 40: ‘template<class T, glm::qualifier Q> constexpr typename glm::mat<3, 2, T, Q>::row_type glm::operator*(const typename mat<3, 2, T, Q>::col_type&, const mat<3, 2, T, Q>&)’
  442 |         GLM_FUNC_QUALIFIER GLM_CONSTEXPR typename mat<3, 2, T, Q>::row_type operator*(typename mat<3, 2, T, Q>::col_type const& v, mat<3, 2, T, Q> const& m)
      |                                                                             ^~~~~~~~
/usr/include/glm/detail/type_mat3x2.inl:442:77: note: template argument deduction/substitution failed:
/home/conner/Documents/GitHub/Project-Judas/tests/TerrainAuthoringTests.cpp:39:46: note:   mismatched types ‘const glm::mat<3, 2, T, Q>’ and ‘int’
   39 |   auto box=p.BoxCast({worldPoint+worldNormal*5,rotation},{.2f,.3f,.4f},-worldNormal,10);float extent=.2f*std::abs(normal.x)+.3f*normal.y+.4f*std::abs(normal.z);Check(box.hit&&std::abs(box.distance-(5-extent))<.005,"box cast matches analytic oriented extent");
      |                                              ^
/usr/include/glm/detail/type_mat3x2.inl:451:58: note: candidate 41: ‘template<class T, glm::qualifier Q> constexpr glm::mat<2, 2, T, Q> glm::operator*(const mat<3, 2, T, Q>&, const mat<2, 3, T, Q>&)’
  451 |         GLM_FUNC_QUALIFIER GLM_CONSTEXPR mat<2, 2, T, Q> operator*(mat<3, 2, T, Q> const& m1, mat<2, 3, T, Q> const& m2)
      |                                                          ^~~~~~~~
/usr/include/glm/detail/type_mat3x2.inl:451:58: note: template argument deduction/substitution failed:
/home/conner/Documents/GitHub/Project-Judas/tests/TerrainAuthoringTests.cpp:39:46: note:   ‘glm::vec<3, float, glm::packed_highp>’ is not derived from ‘const glm::mat<3, 2, T, Q>’
   39 |   auto box=p.BoxCast({worldPoint+worldNormal*5,rotation},{.2f,.3f,.4f},-worldNormal,10);float extent=.2f*std::abs(normal.x)+.3f*normal.y+.4f*std::abs(normal.z);Check(box.hit&&std::abs(box.distance-(5-extent))<.005,"box cast matches analytic oriented extent");
      |                                              ^
/usr/include/glm/detail/type_mat3x2.inl:476:58: note: candidate 42: ‘template<class T, glm::qualifier Q> constexpr glm::mat<3, 2, T, Q> glm::operator*(const mat<3, 2, T, Q>&, const mat<3, 3, T, Q>&)’
  476 |         GLM_FUNC_QUALIFIER GLM_CONSTEXPR mat<3, 2, T, Q> operator*(mat<3, 2, T, Q> const& m1, mat<3, 3, T, Q> const& m2)
      |                                                          ^~~~~~~~
/usr/include/glm/detail/type_mat3x2.inl:476:58: note: template argument deduction/substitution failed:
/home/conner/Documents/GitHub/Project-Judas/tests/TerrainAuthoringTests.cpp:39:46: note:   ‘glm::vec<3, float, glm::packed_highp>’ is not derived from ‘const glm::mat<3, 2, T, Q>’
   39 |   auto box=p.BoxCast({worldPoint+worldNormal*5,rotation},{.2f,.3f,.4f},-worldNormal,10);float extent=.2f*std::abs(normal.x)+.3f*normal.y+.4f*std::abs(normal.z);Check(box.hit&&std::abs(box.distance-(5-extent))<.005,"box cast matches analytic oriented extent");
      |                                              ^
/usr/include/glm/detail/type_mat3x2.inl:488:58: note: candidate 43: ‘template<class T, glm::qualifier Q> constexpr glm::mat<4, 2, T, Q> glm::operator*(const mat<3, 2, T, Q>&, const mat<4, 3, T, Q>&)’
  488 |         GLM_FUNC_QUALIFIER GLM_CONSTEXPR mat<4, 2, T, Q> operator*(mat<3, 2, T, Q> const& m1, mat<4, 3, T, Q> const& m2)
      |                                                          ^~~~~~~~
/usr/include/glm/detail/type_mat3x2.inl:488:58: note: template argument deduction/substitution failed:
/home/conner/Documents/GitHub/Project-Judas/tests/TerrainAuthoringTests.cpp:39:46: note:   ‘glm::vec<3, float, glm::packed_highp>’ is not derived from ‘const glm::mat<3, 2, T, Q>’
   39 |   auto box=p.BoxCast({worldPoint+worldNormal*5,rotation},{.2f,.3f,.4f},-worldNormal,10);float extent=.2f*std::abs(normal.x)+.3f*normal.y+.4f*std::abs(normal.z);Check(box.hit&&std::abs(box.distance-(5-extent))<.005,"box cast matches analytic oriented extent");
      |                                              ^
/usr/include/glm/detail/type_mat3x3.inl:450:58: note: candidate 44: ‘template<class T, glm::qualifier Q> constexpr glm::mat<3, 3, T, Q> glm::operator*(const mat<3, 3, T, Q>&, T)’
  450 |         GLM_FUNC_QUALIFIER GLM_CONSTEXPR mat<3, 3, T, Q> operator*(mat<3, 3, T, Q> const& m, T scalar)
      |                                                          ^~~~~~~~
/usr/include/glm/detail/type_mat3x3.inl:450:58: note: template argument deduction/substitution failed:
/home/conner/Documents/GitHub/Project-Judas/tests/TerrainAuthoringTests.cpp:39:46: note:   ‘glm::vec<3, float, glm::packed_highp>’ is not derived from ‘const glm::mat<3, 3, T, Q>’
   39 |   auto box=p.BoxCast({worldPoint+worldNormal*5,rotation},{.2f,.3f,.4f},-worldNormal,10);float extent=.2f*std::abs(normal.x)+.3f*normal.y+.4f*std::abs(normal.z);Check(box.hit&&std::abs(box.distance-(5-extent))<.005,"box cast matches analytic oriented extent");
      |                                              ^
/usr/include/glm/detail/type_mat3x3.inl:459:58: note: candidate 45: ‘template<class T, glm::qualifier Q> constexpr glm::mat<3, 3, T, Q> glm::operator*(T, const mat<3, 3, T, Q>&)’
  459 |         GLM_FUNC_QUALIFIER GLM_CONSTEXPR mat<3, 3, T, Q> operator*(T scalar, mat<3, 3, T, Q> const& m)
      |                                                          ^~~~~~~~
/usr/include/glm/detail/type_mat3x3.inl:459:58: note: template argument deduction/substitution failed:
/home/conner/Documents/GitHub/Project-Judas/tests/TerrainAuthoringTests.cpp:39:46: note:   mismatched types ‘const glm::mat<3, 3, T, Q>’ and ‘int’
   39 |   auto box=p.BoxCast({worldPoint+worldNormal*5,rotation},{.2f,.3f,.4f},-worldNormal,10);float extent=.2f*std::abs(normal.x)+.3f*normal.y+.4f*std::abs(normal.z);Check(box.hit&&std::abs(box.distance-(5-extent))<.005,"box cast matches analytic oriented extent");
      |                                              ^
/usr/include/glm/detail/type_mat3x3.inl:468:77: note: candidate 46: ‘template<class T, glm::qualifier Q> constexpr typename glm::mat<3, 3, T, Q>::col_type glm::operator*(const mat<3, 3, T, Q>&, const typename mat<3, 3, T, Q>::row_type&)’
  468 |         GLM_FUNC_QUALIFIER GLM_CONSTEXPR typename mat<3, 3, T, Q>::col_type operator*(mat<3, 3, T, Q> const& m, typename mat<3, 3, T, Q>::row_type const& v)
      |                                                                             ^~~~~~~~
/usr/include/glm/detail/type_mat3x3.inl:468:77: note: template argument deduction/substitution failed:
/home/conner/Documents/GitHub/Project-Judas/tests/TerrainAuthoringTests.cpp:39:46: note:   ‘glm::vec<3, float, glm::packed_highp>’ is not derived from ‘const glm::mat<3, 3, T, Q>’
   39 |   auto box=p.BoxCast({worldPoint+worldNormal*5,rotation},{.2f,.3f,.4f},-worldNormal,10);float extent=.2f*std::abs(normal.x)+.3f*normal.y+.4f*std::abs(normal.z);Check(box.hit&&std::abs(box.distance-(5-extent))<.005,"box cast matches analytic oriented extent");
      |                                              ^
/usr/include/glm/detail/type_mat3x3.inl:477:77: note: candidate 47: ‘template<class T, glm::qualifier Q> constexpr typename glm::mat<3, 3, T, Q>::row_type glm::operator*(const typename mat<3, 3, T, Q>::col_type&, const mat<3, 3, T, Q>&)’
  477 |         GLM_FUNC_QUALIFIER GLM_CONSTEXPR typename mat<3, 3, T, Q>::row_type operator*(typename mat<3, 3, T, Q>::col_type const& v, mat<3, 3, T, Q> const& m)
      |                                                                             ^~~~~~~~
/usr/include/glm/detail/type_mat3x3.inl:477:77: note: template argument deduction/substitution failed:
/home/conner/Documents/GitHub/Project-Judas/tests/TerrainAuthoringTests.cpp:39:46: note:   mismatched types ‘const glm::mat<3, 3, T, Q>’ and ‘int’
   39 |   auto box=p.BoxCast({worldPoint+worldNormal*5,rotation},{.2f,.3f,.4f},-worldNormal,10);float extent=.2f*std::abs(normal.x)+.3f*normal.y+.4f*std::abs(normal.z);Check(box.hit&&std::abs(box.distance-(5-extent))<.005,"box cast matches analytic oriented extent");
      |                                              ^
/usr/include/glm/detail/type_mat3x3.inl:486:58: note: candidate 48: ‘template<class T, glm::qualifier Q> constexpr glm::mat<3, 3, T, Q> glm::operator*(const mat<3, 3, T, Q>&, const mat<3, 3, T, Q>&)’
  486 |         GLM_FUNC_QUALIFIER GLM_CONSTEXPR mat<3, 3, T, Q> operator*(mat<3, 3, T, Q> const& m1, mat<3, 3, T, Q> const& m2)
      |                                                          ^~~~~~~~
/usr/include/glm/detail/type_mat3x3.inl:486:58: note: template argument deduction/substitution failed:
/home/conner/Documents/GitHub/Project-Judas/tests/TerrainAuthoringTests.cpp:39:46: note:   ‘glm::vec<3, float, glm::packed_highp>’ is not derived from ‘const glm::mat<3, 3, T, Q>’
   39 |   auto box=p.BoxCast({worldPoint+worldNormal*5,rotation},{.2f,.3f,.4f},-worldNormal,10);float extent=.2f*std::abs(normal.x)+.3f*normal.y+.4f*std::abs(normal.z);Check(box.hit&&std::abs(box.distance-(5-extent))<.005,"box cast matches analytic oriented extent");
      |                                              ^
/usr/include/glm/detail/type_mat3x3.inl:522:58: note: candidate 49: ‘template<class T, glm::qualifier Q> constexpr glm::mat<2, 3, T, Q> glm::operator*(const mat<3, 3, T, Q>&, const mat<2, 3, T, Q>&)’
  522 |         GLM_FUNC_QUALIFIER GLM_CONSTEXPR mat<2, 3, T, Q> operator*(mat<3, 3, T, Q> const& m1, mat<2, 3, T, Q> const& m2)
      |                                                          ^~~~~~~~
/usr/include/glm/detail/type_mat3x3.inl:522:58: note: template argument deduction/substitution failed:
/home/conner/Documents/GitHub/Project-Judas/tests/TerrainAuthoringTests.cpp:39:46: note:   ‘glm::vec<3, float, glm::packed_highp>’ is not derived from ‘const glm::mat<3, 3, T, Q>’
   39 |   auto box=p.BoxCast({worldPoint+worldNormal*5,rotation},{.2f,.3f,.4f},-worldNormal,10);float extent=.2f*std::abs(normal.x)+.3f*normal.y+.4f*std::abs(normal.z);Check(box.hit&&std::abs(box.distance-(5-extent))<.005,"box cast matches analytic oriented extent");
      |                                              ^
/usr/include/glm/detail/type_mat3x3.inl:534:58: note: candidate 50: ‘template<class T, glm::qualifier Q> constexpr glm::mat<4, 3, T, Q> glm::operator*(const mat<3, 3, T, Q>&, const mat<4, 3, T, Q>&)’
  534 |         GLM_FUNC_QUALIFIER GLM_CONSTEXPR mat<4, 3, T, Q> operator*(mat<3, 3, T, Q> const& m1, mat<4, 3, T, Q> const& m2)
      |                                                          ^~~~~~~~
/usr/include/glm/detail/type_mat3x3.inl:534:58: note: template argument deduction/substitution failed:
/home/conner/Documents/GitHub/Project-Judas/tests/TerrainAuthoringTests.cpp:39:46: note:   ‘glm::vec<3, float, glm::packed_highp>’ is not derived from ‘const glm::mat<3, 3, T, Q>’
   39 |   auto box=p.BoxCast({worldPoint+worldNormal*5,rotation},{.2f,.3f,.4f},-worldNormal,10);float extent=.2f*std::abs(normal.x)+.3f*normal.y+.4f*std::abs(normal.z);Check(box.hit&&std::abs(box.distance-(5-extent))<.005,"box cast matches analytic oriented extent");
      |                                              ^
/usr/include/glm/detail/type_mat3x4.inl:422:58: note: candidate 51: ‘template<class T, glm::qualifier Q> constexpr glm::mat<3, 4, T, Q> glm::operator*(const mat<3, 4, T, Q>&, T)’
  422 |         GLM_FUNC_QUALIFIER GLM_CONSTEXPR mat<3, 4, T, Q> operator*(mat<3, 4, T, Q> const& m, T scalar)
      |                                                          ^~~~~~~~
/usr/include/glm/detail/type_mat3x4.inl:422:58: note: template argument deduction/substitution failed:
/home/conner/Documents/GitHub/Project-Judas/tests/TerrainAuthoringTests.cpp:39:46: note:   ‘glm::vec<3, float, glm::packed_highp>’ is not derived from ‘const glm::mat<3, 4, T, Q>’
   39 |   auto box=p.BoxCast({worldPoint+worldNormal*5,rotation},{.2f,.3f,.4f},-worldNormal,10);float extent=.2f*std::abs(normal.x)+.3f*normal.y+.4f*std::abs(normal.z);Check(box.hit&&std::abs(box.distance-(5-extent))<.005,"box cast matches analytic oriented extent");
      |                                              ^
/usr/include/glm/detail/type_mat3x4.inl:431:58: note: candidate 52: ‘template<class T, glm::qualifier Q> constexpr glm::mat<3, 4, T, Q> glm::operator*(T, const mat<3, 4, T, Q>&)’
  431 |         GLM_FUNC_QUALIFIER GLM_CONSTEXPR mat<3, 4, T, Q> operator*(T scalar, mat<3, 4, T, Q> const& m)
      |                                                          ^~~~~~~~
/usr/include/glm/detail/type_mat3x4.inl:431:58: note: template argument deduction/substitution failed:
/home/conner/Documents/GitHub/Project-Judas/tests/TerrainAuthoringTests.cpp:39:46: note:   mismatched types ‘const glm::mat<3, 4, T, Q>’ and ‘int’
   39 |   auto box=p.BoxCast({worldPoint+worldNormal*5,rotation},{.2f,.3f,.4f},-worldNormal,10);float extent=.2f*std::abs(normal.x)+.3f*normal.y+.4f*std::abs(normal.z);Check(box.hit&&std::abs(box.distance-(5-extent))<.005,"box cast matches analytic oriented extent");
      |                                              ^
/usr/include/glm/detail/type_mat3x4.inl:440:77: note: candidate 53: ‘template<class T, glm::qualifier Q> constexpr typename glm::mat<3, 4, T, Q>::col_type glm::operator*(const mat<3, 4, T, Q>&, const typename mat<3, 4, T, Q>::row_type&)’
  440 |         GLM_FUNC_QUALIFIER GLM_CONSTEXPR typename mat<3, 4, T, Q>::col_type operator*
      |                                                                             ^~~~~~~~
/usr/include/glm/detail/type_mat3x4.inl:440:77: note: template argument deduction/substitution failed:
/home/conner/Documents/GitHub/Project-Judas/tests/TerrainAuthoringTests.cpp:39:46: note:   ‘glm::vec<3, float, glm::packed_highp>’ is not derived from ‘const glm::mat<3, 4, T, Q>’
   39 |   auto box=p.BoxCast({worldPoint+worldNormal*5,rotation},{.2f,.3f,.4f},-worldNormal,10);float extent=.2f*std::abs(normal.x)+.3f*normal.y+.4f*std::abs(normal.z);Check(box.hit&&std::abs(box.distance-(5-extent))<.005,"box cast matches analytic oriented extent");
      |                                              ^
/usr/include/glm/detail/type_mat3x4.inl:454:77: note: candidate 54: ‘template<class T, glm::qualifier Q> constexpr typename glm::mat<3, 4, T, Q>::row_type glm::operator*(const typename mat<3, 4, T, Q>::col_type&, const mat<3, 4, T, Q>&)’
  454 |         GLM_FUNC_QUALIFIER GLM_CONSTEXPR typename mat<3, 4, T, Q>::row_type operator*
      |                                                                             ^~~~~~~~
/usr/include/glm/detail/type_mat3x4.inl:454:77: note: template argument deduction/substitution failed:
/home/conner/Documents/GitHub/Project-Judas/tests/TerrainAuthoringTests.cpp:39:46: note:   mismatched types ‘const glm::mat<3, 4, T, Q>’ and ‘int’
   39 |   auto box=p.BoxCast({worldPoint+worldNormal*5,rotation},{.2f,.3f,.4f},-worldNormal,10);float extent=.2f*std::abs(normal.x)+.3f*normal.y+.4f*std::abs(normal.z);Check(box.hit&&std::abs(box.distance-(5-extent))<.005,"box cast matches analytic oriented extent");
      |                                              ^
/usr/include/glm/detail/type_mat3x4.inl:467:58: note: candidate 55: ‘template<class T, glm::qualifier Q> constexpr glm::mat<4, 4, T, Q> glm::operator*(const mat<3, 4, T, Q>&, const mat<4, 3, T, Q>&)’
  467 |         GLM_FUNC_QUALIFIER GLM_CONSTEXPR mat<4, 4, T, Q> operator*(mat<3, 4, T, Q> const& m1, mat<4, 3, T, Q> const& m2)
      |                                                          ^~~~~~~~
/usr/include/glm/detail/type_mat3x4.inl:467:58: note: template argument deduction/substitution failed:
/home/conner/Documents/GitHub/Project-Judas/tests/TerrainAuthoringTests.cpp:39:46: note:   ‘glm::vec<3, float, glm::packed_highp>’ is not derived from ‘const glm::mat<3, 4, T, Q>’
   39 |   auto box=p.BoxCast({worldPoint+worldNormal*5,rotation},{.2f,.3f,.4f},-worldNormal,10);float extent=.2f*std::abs(normal.x)+.3f*normal.y+.4f*std::abs(normal.z);Check(box.hit&&std::abs(box.distance-(5-extent))<.005,"box cast matches analytic oriented extent");
      |                                              ^
/usr/include/glm/detail/type_mat3x4.inl:516:58: note: candidate 56: ‘template<class T, glm::qualifier Q> constexpr glm::mat<2, 4, T, Q> glm::operator*(const mat<3, 4, T, Q>&, const mat<2, 3, T, Q>&)’
  516 |         GLM_FUNC_QUALIFIER GLM_CONSTEXPR mat<2, 4, T, Q> operator*(mat<3, 4, T, Q> const& m1, mat<2, 3, T, Q> const& m2)
      |                                                          ^~~~~~~~
/usr/include/glm/detail/type_mat3x4.inl:516:58: note: template argument deduction/substitution failed:
/home/conner/Documents/GitHub/Project-Judas/tests/TerrainAuthoringTests.cpp:39:46: note:   ‘glm::vec<3, float, glm::packed_highp>’ is not derived from ‘const glm::mat<3, 4, T, Q>’
   39 |   auto box=p.BoxCast({worldPoint+worldNormal*5,rotation},{.2f,.3f,.4f},-worldNormal,10);float extent=.2f*std::abs(normal.x)+.3f*normal.y+.4f*std::abs(normal.z);Check(box.hit&&std::abs(box.distance-(5-extent))<.005,"box cast matches analytic oriented extent");
      |                                              ^
/usr/include/glm/detail/type_mat3x4.inl:530:58: note: candidate 57: ‘template<class T, glm::qualifier Q> constexpr glm::mat<3, 4, T, Q> glm::operator*(const mat<3, 4, T, Q>&, const mat<3, 3, T, Q>&)’
  530 |         GLM_FUNC_QUALIFIER GLM_CONSTEXPR mat<3, 4, T, Q> operator*(mat<3, 4, T, Q> const& m1, mat<3, 3, T, Q> const& m2)
      |                                                          ^~~~~~~~
/usr/include/glm/detail/type_mat3x4.inl:530:58: note: template argument deduction/substitution failed:
/home/conner/Documents/GitHub/Project-Judas/tests/TerrainAuthoringTests.cpp:39:46: note:   ‘glm::vec<3, float, glm::packed_highp>’ is not derived from ‘const glm::mat<3, 4, T, Q>’
   39 |   auto box=p.BoxCast({worldPoint+worldNormal*5,rotation},{.2f,.3f,.4f},-worldNormal,10);float extent=.2f*std::abs(normal.x)+.3f*normal.y+.4f*std::abs(normal.z);Check(box.hit&&std::abs(box.distance-(5-extent))<.005,"box cast matches analytic oriented extent");
      |                                              ^
/usr/include/glm/detail/type_mat4x2.inl:449:58: note: candidate 58: ‘template<class T, glm::qualifier Q> constexpr glm::mat<4, 2, T, Q> glm::operator*(const mat<4, 2, T, Q>&, T)’
  449 |         GLM_FUNC_QUALIFIER GLM_CONSTEXPR mat<4, 2, T, Q> operator*(mat<4, 2, T, Q> const& m, T scalar)
      |                                                          ^~~~~~~~
/usr/include/glm/detail/type_mat4x2.inl:449:58: note: template argument deduction/substitution failed:
/home/conner/Documents/GitHub/Project-Judas/tests/TerrainAuthoringTests.cpp:39:46: note:   ‘glm::vec<3, float, glm::packed_highp>’ is not derived from ‘const glm::mat<4, 2, T, Q>’
   39 |   auto box=p.BoxCast({worldPoint+worldNormal*5,rotation},{.2f,.3f,.4f},-worldNormal,10);float extent=.2f*std::abs(normal.x)+.3f*normal.y+.4f*std::abs(normal.z);Check(box.hit&&std::abs(box.distance-(5-extent))<.005,"box cast matches analytic oriented extent");
      |                                              ^
/usr/include/glm/detail/type_mat4x2.inl:459:58: note: candidate 59: ‘template<class T, glm::qualifier Q> constexpr glm::mat<4, 2, T, Q> glm::operator*(T, const mat<4, 2, T, Q>&)’
  459 |         GLM_FUNC_QUALIFIER GLM_CONSTEXPR mat<4, 2, T, Q> operator*(T scalar, mat<4, 2, T, Q> const& m)
      |                                                          ^~~~~~~~
/usr/include/glm/detail/type_mat4x2.inl:459:58: note: template argument deduction/substitution failed:
/home/conner/Documents/GitHub/Project-Judas/tests/TerrainAuthoringTests.cpp:39:46: note:   mismatched types ‘const glm::mat<4, 2, T, Q>’ and ‘int’
   39 |   auto box=p.BoxCast({worldPoint+worldNormal*5,rotation},{.2f,.3f,.4f},-worldNormal,10);float extent=.2f*std::abs(normal.x)+.3f*normal.y+.4f*std::abs(normal.z);Check(box.hit&&std::abs(box.distance-(5-extent))<.005,"box cast matches analytic oriented extent");
      |                                              ^
/usr/include/glm/detail/type_mat4x2.inl:469:77: note: candidate 60: ‘template<class T, glm::qualifier Q> constexpr typename glm::mat<4, 2, T, Q>::col_type glm::operator*(const mat<4, 2, T, Q>&, const typename mat<4, 2, T, Q>::row_type&)’
  469 |         GLM_FUNC_QUALIFIER GLM_CONSTEXPR typename mat<4, 2, T, Q>::col_type operator*(mat<4, 2, T, Q> const& m, typename mat<4, 2, T, Q>::row_type const& v)
      |                                                                             ^~~~~~~~
/usr/include/glm/detail/type_mat4x2.inl:469:77: note: template argument deduction/substitution failed:
/home/conner/Documents/GitHub/Project-Judas/tests/TerrainAuthoringTests.cpp:39:46: note:   ‘glm::vec<3, float, glm::packed_highp>’ is not derived from ‘const glm::mat<4, 2, T, Q>’
   39 |   auto box=p.BoxCast({worldPoint+worldNormal*5,rotation},{.2f,.3f,.4f},-worldNormal,10);float extent=.2f*std::abs(normal.x)+.3f*normal.y+.4f*std::abs(normal.z);Check(box.hit&&std::abs(box.distance-(5-extent))<.005,"box cast matches analytic oriented extent");
      |                                              ^
/usr/include/glm/detail/type_mat4x2.inl:477:77: note: candidate 61: ‘template<class T, glm::qualifier Q> constexpr typename glm::mat<4, 2, T, Q>::row_type glm::operator*(const typename mat<4, 2, T, Q>::col_type&, const mat<4, 2, T, Q>&)’
  477 |         GLM_FUNC_QUALIFIER GLM_CONSTEXPR typename mat<4, 2, T, Q>::row_type operator*(typename mat<4, 2, T, Q>::col_type const& v, mat<4, 2, T, Q> const& m)
      |                                                                             ^~~~~~~~
/usr/include/glm/detail/type_mat4x2.inl:477:77: note: template argument deduction/substitution failed:
/home/conner/Documents/GitHub/Project-Judas/tests/TerrainAuthoringTests.cpp:39:46: note:   mismatched types ‘const glm::mat<4, 2, T, Q>’ and ‘int’
   39 |   auto box=p.BoxCast({worldPoint+worldNormal*5,rotation},{.2f,.3f,.4f},-worldNormal,10);float extent=.2f*std::abs(normal.x)+.3f*normal.y+.4f*std::abs(normal.z);Check(box.hit&&std::abs(box.distance-(5-extent))<.005,"box cast matches analytic oriented extent");
      |                                              ^
/usr/include/glm/detail/type_mat4x2.inl:487:58: note: candidate 62: ‘template<class T, glm::qualifier Q> constexpr glm::mat<2, 2, T, Q> glm::operator*(const mat<4, 2, T, Q>&, const mat<2, 4, T, Q>&)’
  487 |         GLM_FUNC_QUALIFIER GLM_CONSTEXPR mat<2, 2, T, Q> operator*(mat<4, 2, T, Q> const& m1, mat<2, 4, T, Q> const& m2)
      |                                                          ^~~~~~~~
/usr/include/glm/detail/type_mat4x2.inl:487:58: note: template argument deduction/substitution failed:
/home/conner/Documents/GitHub/Project-Judas/tests/TerrainAuthoringTests.cpp:39:46: note:   ‘glm::vec<3, float, glm::packed_highp>’ is not derived from ‘const glm::mat<4, 2, T, Q>’
   39 |   auto box=p.BoxCast({worldPoint+worldNormal*5,rotation},{.2f,.3f,.4f},-worldNormal,10);float extent=.2f*std::abs(normal.x)+.3f*normal.y+.4f*std::abs(normal.z);Check(box.hit&&std::abs(box.distance-(5-extent))<.005,"box cast matches analytic oriented extent");
      |                                              ^
/usr/include/glm/detail/type_mat4x2.inl:516:58: note: candidate 63: ‘template<class T, glm::qualifier Q> constexpr glm::mat<3, 2, T, Q> glm::operator*(const mat<4, 2, T, Q>&, const mat<3, 4, T, Q>&)’
  516 |         GLM_FUNC_QUALIFIER GLM_CONSTEXPR mat<3, 2, T, Q> operator*(mat<4, 2, T, Q> const& m1, mat<3, 4, T, Q> const& m2)
      |                                                          ^~~~~~~~
/usr/include/glm/detail/type_mat4x2.inl:516:58: note: template argument deduction/substitution failed:
/home/conner/Documents/GitHub/Project-Judas/tests/TerrainAuthoringTests.cpp:39:46: note:   ‘glm::vec<3, float, glm::packed_highp>’ is not derived from ‘const glm::mat<4, 2, T, Q>’
   39 |   auto box=p.BoxCast({worldPoint+worldNormal*5,rotation},{.2f,.3f,.4f},-worldNormal,10);float extent=.2f*std::abs(normal.x)+.3f*normal.y+.4f*std::abs(normal.z);Check(box.hit&&std::abs(box.distance-(5-extent))<.005,"box cast matches analytic oriented extent");
      |                                              ^
/usr/include/glm/detail/type_mat4x2.inl:528:58: note: candidate 64: ‘template<class T, glm::qualifier Q> constexpr glm::mat<4, 2, T, Q> glm::operator*(const mat<4, 2, T, Q>&, const mat<4, 4, T, Q>&)’
  528 |         GLM_FUNC_QUALIFIER GLM_CONSTEXPR mat<4, 2, T, Q> operator*(mat<4, 2, T, Q> const& m1, mat<4, 4, T, Q> const& m2)
      |                                                          ^~~~~~~~
/usr/include/glm/detail/type_mat4x2.inl:528:58: note: template argument deduction/substitution failed:
/home/conner/Documents/GitHub/Project-Judas/tests/TerrainAuthoringTests.cpp:39:46: note:   ‘glm::vec<3, float, glm::packed_highp>’ is not derived from ‘const glm::mat<4, 2, T, Q>’
   39 |   auto box=p.BoxCast({worldPoint+worldNormal*5,rotation},{.2f,.3f,.4f},-worldNormal,10);float extent=.2f*std::abs(normal.x)+.3f*normal.y+.4f*std::abs(normal.z);Check(box.hit&&std::abs(box.distance-(5-extent))<.005,"box cast matches analytic oriented extent");
      |                                              ^
/usr/include/glm/detail/type_mat4x3.inl:449:58: note: candidate 65: ‘template<class T, glm::qualifier Q> constexpr glm::mat<4, 3, T, Q> glm::operator*(const mat<4, 3, T, Q>&, T)’
  449 |         GLM_FUNC_QUALIFIER GLM_CONSTEXPR mat<4, 3, T, Q> operator*(mat<4, 3, T, Q> const& m, T scalar)
      |                                                          ^~~~~~~~
/usr/include/glm/detail/type_mat4x3.inl:449:58: note: template argument deduction/substitution failed:
/home/conner/Documents/GitHub/Project-Judas/tests/TerrainAuthoringTests.cpp:39:46: note:   ‘glm::vec<3, float, glm::packed_highp>’ is not derived from ‘const glm::mat<4, 3, T, Q>’
   39 |   auto box=p.BoxCast({worldPoint+worldNormal*5,rotation},{.2f,.3f,.4f},-worldNormal,10);float extent=.2f*std::abs(normal.x)+.3f*normal.y+.4f*std::abs(normal.z);Check(box.hit&&std::abs(box.distance-(5-extent))<.005,"box cast matches analytic oriented extent");
      |                                              ^
/usr/include/glm/detail/type_mat4x3.inl:459:58: note: candidate 66: ‘template<class T, glm::qualifier Q> constexpr glm::mat<4, 3, T, Q> glm::operator*(T, const mat<4, 3, T, Q>&)’
  459 |         GLM_FUNC_QUALIFIER GLM_CONSTEXPR mat<4, 3, T, Q> operator*(T scalar, mat<4, 3, T, Q> const& m)
      |                                                          ^~~~~~~~
/usr/include/glm/detail/type_mat4x3.inl:459:58: note: template argument deduction/substitution failed:
/home/conner/Documents/GitHub/Project-Judas/tests/TerrainAuthoringTests.cpp:39:46: note:   mismatched types ‘const glm::mat<4, 3, T, Q>’ and ‘int’
   39 |   auto box=p.BoxCast({worldPoint+worldNormal*5,rotation},{.2f,.3f,.4f},-worldNormal,10);float extent=.2f*std::abs(normal.x)+.3f*normal.y+.4f*std::abs(normal.z);Check(box.hit&&std::abs(box.distance-(5-extent))<.005,"box cast matches analytic oriented extent");
      |                                              ^
/usr/include/glm/detail/type_mat4x3.inl:469:77: note: candidate 67: ‘template<class T, glm::qualifier Q> constexpr typename glm::mat<4, 3, T, Q>::col_type glm::operator*(const mat<4, 3, T, Q>&, const typename mat<4, 3, T, Q>::row_type&)’
  469 |         GLM_FUNC_QUALIFIER GLM_CONSTEXPR typename mat<4, 3, T, Q>::col_type operator*
      |                                                                             ^~~~~~~~
/usr/include/glm/detail/type_mat4x3.inl:469:77: note: template argument deduction/substitution failed:
/home/conner/Documents/GitHub/Project-Judas/tests/TerrainAuthoringTests.cpp:39:46: note:   ‘glm::vec<3, float, glm::packed_highp>’ is not derived from ‘const glm::mat<4, 3, T, Q>’
   39 |   auto box=p.BoxCast({worldPoint+worldNormal*5,rotation},{.2f,.3f,.4f},-worldNormal,10);float extent=.2f*std::abs(normal.x)+.3f*normal.y+.4f*std::abs(normal.z);Check(box.hit&&std::abs(box.distance-(5-extent))<.005,"box cast matches analytic oriented extent");
      |                                              ^
/usr/include/glm/detail/type_mat4x3.inl:481:77: note: candidate 68: ‘template<class T, glm::qualifier Q> constexpr typename glm::mat<4, 3, T, Q>::row_type glm::operator*(const typename mat<4, 3, T, Q>::col_type&, const mat<4, 3, T, Q>&)’
  481 |         GLM_FUNC_QUALIFIER GLM_CONSTEXPR typename mat<4, 3, T, Q>::row_type operator*
      |                                                                             ^~~~~~~~
/usr/include/glm/detail/type_mat4x3.inl:481:77: note: template argument deduction/substitution failed:
/home/conner/Documents/GitHub/Project-Judas/tests/TerrainAuthoringTests.cpp:39:46: note:   mismatched types ‘const glm::mat<4, 3, T, Q>’ and ‘int’
   39 |   auto box=p.BoxCast({worldPoint+worldNormal*5,rotation},{.2f,.3f,.4f},-worldNormal,10);float extent=.2f*std::abs(normal.x)+.3f*normal.y+.4f*std::abs(normal.z);Check(box.hit&&std::abs(box.distance-(5-extent))<.005,"box cast matches analytic oriented extent");
      |                                              ^
/usr/include/glm/detail/type_mat4x3.inl:494:58: note: candidate 69: ‘template<class T, glm::qualifier Q> constexpr glm::mat<2, 3, T, Q> glm::operator*(const mat<4, 3, T, Q>&, const mat<2, 4, T, Q>&)’
  494 |         GLM_FUNC_QUALIFIER GLM_CONSTEXPR mat<2, 3, T, Q> operator*(mat<4, 3, T, Q> const& m1, mat<2, 4, T, Q> const& m2)
      |                                                          ^~~~~~~~
/usr/include/glm/detail/type_mat4x3.inl:494:58: note: template argument deduction/substitution failed:
/home/conner/Documents/GitHub/Project-Judas/tests/TerrainAuthoringTests.cpp:39:46: note:   ‘glm::vec<3, float, glm::packed_highp>’ is not derived from ‘const glm::mat<4, 3, T, Q>’
   39 |   auto box=p.BoxCast({worldPoint+worldNormal*5,rotation},{.2f,.3f,.4f},-worldNormal,10);float extent=.2f*std::abs(normal.x)+.3f*normal.y+.4f*std::abs(normal.z);Check(box.hit&&std::abs(box.distance-(5-extent))<.005,"box cast matches analytic oriented extent");
      |                                              ^
/usr/include/glm/detail/type_mat4x3.inl:506:58: note: candidate 70: ‘template<class T, glm::qualifier Q> constexpr glm::mat<3, 3, T, Q> glm::operator*(const mat<4, 3, T, Q>&, const mat<3, 4, T, Q>&)’
  506 |         GLM_FUNC_QUALIFIER GLM_CONSTEXPR mat<3, 3, T, Q> operator*(mat<4, 3, T, Q> const& m1, mat<3, 4, T, Q> const& m2)
      |                                                          ^~~~~~~~
/usr/include/glm/detail/type_mat4x3.inl:506:58: note: template argument deduction/substitution failed:
/home/conner/Documents/GitHub/Project-Judas/tests/TerrainAuthoringTests.cpp:39:46: note:   ‘glm::vec<3, float, glm::packed_highp>’ is not derived from ‘const glm::mat<4, 3, T, Q>’
   39 |   auto box=p.BoxCast({worldPoint+worldNormal*5,rotation},{.2f,.3f,.4f},-worldNormal,10);float extent=.2f*std::abs(normal.x)+.3f*normal.y+.4f*std::abs(normal.z);Check(box.hit&&std::abs(box.distance-(5-extent))<.005,"box cast matches analytic oriented extent");
      |                                              ^
/usr/include/glm/detail/type_mat4x3.inl:548:58: note: candidate 71: ‘template<class T, glm::qualifier Q> constexpr glm::mat<4, 3, T, Q> glm::operator*(const mat<4, 3, T, Q>&, const mat<4, 4, T, Q>&)’
  548 |         GLM_FUNC_QUALIFIER GLM_CONSTEXPR mat<4, 3, T, Q> operator*(mat<4, 3, T, Q> const& m1, mat<4, 4, T, Q> const& m2)
      |                                                          ^~~~~~~~
/usr/include/glm/detail/type_mat4x3.inl:548:58: note: template argument deduction/substitution failed:
/home/conner/Documents/GitHub/Project-Judas/tests/TerrainAuthoringTests.cpp:39:46: note:   ‘glm::vec<3, float, glm::packed_highp>’ is not derived from ‘const glm::mat<4, 3, T, Q>’
   39 |   auto box=p.BoxCast({worldPoint+worldNormal*5,rotation},{.2f,.3f,.4f},-worldNormal,10);float extent=.2f*std::abs(normal.x)+.3f*normal.y+.4f*std::abs(normal.z);Check(box.hit&&std::abs(box.distance-(5-extent))<.005,"box cast matches analytic oriented extent");
      |                                              ^
/usr/include/glm/detail/type_mat4x4.inl:516:58: note: candidate 72: ‘template<class T, glm::qualifier Q> constexpr glm::mat<4, 4, T, Q> glm::operator*(const mat<4, 4, T, Q>&, T)’
  516 |         GLM_FUNC_QUALIFIER GLM_CONSTEXPR mat<4, 4, T, Q> operator*(mat<4, 4, T, Q> const& m, T scalar)
      |                                                          ^~~~~~~~
/usr/include/glm/detail/type_mat4x4.inl:516:58: note: template argument deduction/substitution failed:
/home/conner/Documents/GitHub/Project-Judas/tests/TerrainAuthoringTests.cpp:39:46: note:   ‘glm::vec<3, float, glm::packed_highp>’ is not derived from ‘const glm::mat<4, 4, T, Q>’
   39 |   auto box=p.BoxCast({worldPoint+worldNormal*5,rotation},{.2f,.3f,.4f},-worldNormal,10);float extent=.2f*std::abs(normal.x)+.3f*normal.y+.4f*std::abs(normal.z);Check(box.hit&&std::abs(box.distance-(5-extent))<.005,"box cast matches analytic oriented extent");
      |                                              ^
/usr/include/glm/detail/type_mat4x4.inl:526:58: note: candidate 73: ‘template<class T, glm::qualifier Q> constexpr glm::mat<4, 4, T, Q> glm::operator*(T, const mat<4, 4, T, Q>&)’
  526 |         GLM_FUNC_QUALIFIER GLM_CONSTEXPR mat<4, 4, T, Q> operator*(T scalar, mat<4, 4, T, Q> const& m)
      |                                                          ^~~~~~~~
/usr/include/glm/detail/type_mat4x4.inl:526:58: note: template argument deduction/substitution failed:
/home/conner/Documents/GitHub/Project-Judas/tests/TerrainAuthoringTests.cpp:39:46: note:   mismatched types ‘const glm::mat<4, 4, T, Q>’ and ‘int’
   39 |   auto box=p.BoxCast({worldPoint+worldNormal*5,rotation},{.2f,.3f,.4f},-worldNormal,10);float extent=.2f*std::abs(normal.x)+.3f*normal.y+.4f*std::abs(normal.z);Check(box.hit&&std::abs(box.distance-(5-extent))<.005,"box cast matches analytic oriented extent");
      |                                              ^
/usr/include/glm/detail/type_mat4x4.inl:536:77: note: candidate 74: ‘template<class T, glm::qualifier Q> constexpr typename glm::mat<4, 4, T, Q>::col_type glm::operator*(const mat<4, 4, T, Q>&, const typename mat<4, 4, T, Q>::row_type&)’
  536 |         GLM_FUNC_QUALIFIER GLM_CONSTEXPR typename mat<4, 4, T, Q>::col_type operator*
      |                                                                             ^~~~~~~~
/usr/include/glm/detail/type_mat4x4.inl:536:77: note: template argument deduction/substitution failed:
/home/conner/Documents/GitHub/Project-Judas/tests/TerrainAuthoringTests.cpp:39:46: note:   ‘glm::vec<3, float, glm::packed_highp>’ is not derived from ‘const glm::mat<4, 4, T, Q>’
   39 |   auto box=p.BoxCast({worldPoint+worldNormal*5,rotation},{.2f,.3f,.4f},-worldNormal,10);float extent=.2f*std::abs(normal.x)+.3f*normal.y+.4f*std::abs(normal.z);Check(box.hit&&std::abs(box.distance-(5-extent))<.005,"box cast matches analytic oriented extent");
      |                                              ^
/usr/include/glm/detail/type_mat4x4.inl:584:77: note: candidate 75: ‘template<class T, glm::qualifier Q> constexpr typename glm::mat<4, 4, T, Q>::row_type glm::operator*(const typename mat<4, 4, T, Q>::col_type&, const mat<4, 4, T, Q>&)’
  584 |         GLM_FUNC_QUALIFIER GLM_CONSTEXPR typename mat<4, 4, T, Q>::row_type operator*
      |                                                                             ^~~~~~~~
/usr/include/glm/detail/type_mat4x4.inl:584:77: note: template argument deduction/substitution failed:
/home/conner/Documents/GitHub/Project-Judas/tests/TerrainAuthoringTests.cpp:39:46: note:   mismatched types ‘const glm::mat<4, 4, T, Q>’ and ‘int’
   39 |   auto box=p.BoxCast({worldPoint+worldNormal*5,rotation},{.2f,.3f,.4f},-worldNormal,10);float extent=.2f*std::abs(normal.x)+.3f*normal.y+.4f*std::abs(normal.z);Check(box.hit&&std::abs(box.distance-(5-extent))<.005,"box cast matches analytic oriented extent");
      |                                              ^
/usr/include/glm/detail/type_mat4x4.inl:598:58: note: candidate 76: ‘template<class T, glm::qualifier Q> constexpr glm::mat<2, 4, T, Q> glm::operator*(const mat<4, 4, T, Q>&, const mat<2, 4, T, Q>&)’
  598 |         GLM_FUNC_QUALIFIER GLM_CONSTEXPR mat<2, 4, T, Q> operator*(mat<4, 4, T, Q> const& m1, mat<2, 4, T, Q> const& m2)
      |                                                          ^~~~~~~~
/usr/include/glm/detail/type_mat4x4.inl:598:58: note: template argument deduction/substitution failed:
/home/conner/Documents/GitHub/Project-Judas/tests/TerrainAuthoringTests.cpp:39:46: note:   ‘glm::vec<3, float, glm::packed_highp>’ is not derived from ‘const glm::mat<4, 4, T, Q>’
   39 |   auto box=p.BoxCast({worldPoint+worldNormal*5,rotation},{.2f,.3f,.4f},-worldNormal,10);float extent=.2f*std::abs(normal.x)+.3f*normal.y+.4f*std::abs(normal.z);Check(box.hit&&std::abs(box.distance-(5-extent))<.005,"box cast matches analytic oriented extent");
      |                                              ^
/usr/include/glm/detail/type_mat4x4.inl:612:58: note: candidate 77: ‘template<class T, glm::qualifier Q> constexpr glm::mat<3, 4, T, Q> glm::operator*(const mat<4, 4, T, Q>&, const mat<3, 4, T, Q>&)’
  612 |         GLM_FUNC_QUALIFIER GLM_CONSTEXPR mat<3, 4, T, Q> operator*(mat<4, 4, T, Q> const& m1, mat<3, 4, T, Q> const& m2)
      |                                                          ^~~~~~~~
/usr/include/glm/detail/type_mat4x4.inl:612:58: note: template argument deduction/substitution failed:
/home/conner/Documents/GitHub/Project-Judas/tests/TerrainAuthoringTests.cpp:39:46: note:   ‘glm::vec<3, float, glm::packed_highp>’ is not derived from ‘const glm::mat<4, 4, T, Q>’
   39 |   auto box=p.BoxCast({worldPoint+worldNormal*5,rotation},{.2f,.3f,.4f},-worldNormal,10);float extent=.2f*std::abs(normal.x)+.3f*normal.y+.4f*std::abs(normal.z);Check(box.hit&&std::abs(box.distance-(5-extent))<.005,"box cast matches analytic oriented extent");
      |                                              ^
/usr/include/glm/detail/type_mat4x4.inl:630:58: note: candidate 78: ‘template<class T, glm::qualifier Q> constexpr glm::mat<4, 4, T, Q> glm::operator*(const mat<4, 4, T, Q>&, const mat<4, 4, T, Q>&)’
  630 |         GLM_FUNC_QUALIFIER GLM_CONSTEXPR mat<4, 4, T, Q> operator*(mat<4, 4, T, Q> const& m1, mat<4, 4, T, Q> const& m2)
      |                                                          ^~~~~~~~
/usr/include/glm/detail/type_mat4x4.inl:630:58: note: template argument deduction/substitution failed:
/home/conner/Documents/GitHub/Project-Judas/tests/TerrainAuthoringTests.cpp:39:46: note:   ‘glm::vec<3, float, glm::packed_highp>’ is not derived from ‘const glm::mat<4, 4, T, Q>’
   39 |   auto box=p.BoxCast({worldPoint+worldNormal*5,rotation},{.2f,.3f,.4f},-worldNormal,10);float extent=.2f*std::abs(normal.x)+.3f*normal.y+.4f*std::abs(normal.z);Check(box.hit&&std::abs(box.distance-(5-extent))<.005,"box cast matches analytic oriented extent");
      |                                              ^
/usr/include/glm/detail/type_vec1.inl:352:55: note: candidate 79: ‘template<class T, glm::qualifier Q> constexpr glm::vec<1, T, Q> glm::operator*(const vec<1, T, Q>&, T)’
  352 |         GLM_FUNC_QUALIFIER GLM_CONSTEXPR vec<1, T, Q> operator*(vec<1, T, Q> const& v, T scalar)
      |                                                       ^~~~~~~~
/usr/include/glm/detail/type_vec1.inl:352:55: note: template argument deduction/substitution failed:
/home/conner/Documents/GitHub/Project-Judas/tests/TerrainAuthoringTests.cpp:39:46: note:   template argument ‘3’ does not match ‘1’
   39 |   auto box=p.BoxCast({worldPoint+worldNormal*5,rotation},{.2f,.3f,.4f},-worldNormal,10);float extent=.2f*std::abs(normal.x)+.3f*normal.y+.4f*std::abs(normal.z);Check(box.hit&&std::abs(box.distance-(5-extent))<.005,"box cast matches analytic oriented extent");
      |                                              ^
/usr/include/glm/detail/type_vec1.inl:359:55: note: candidate 80: ‘template<class T, glm::qualifier Q> constexpr glm::vec<1, T, Q> glm::operator*(T, const vec<1, T, Q>&)’
  359 |         GLM_FUNC_QUALIFIER GLM_CONSTEXPR vec<1, T, Q> operator*(T scalar, vec<1, T, Q> const& v)
      |                                                       ^~~~~~~~
/usr/include/glm/detail/type_vec1.inl:359:55: note: template argument deduction/substitution failed:
/home/conner/Documents/GitHub/Project-Judas/tests/TerrainAuthoringTests.cpp:39:46: note:   mismatched types ‘const glm::vec<1, T, Q>’ and ‘int’
   39 |   auto box=p.BoxCast({worldPoint+worldNormal*5,rotation},{.2f,.3f,.4f},-worldNormal,10);float extent=.2f*std::abs(normal.x)+.3f*normal.y+.4f*std::abs(normal.z);Check(box.hit&&std::abs(box.distance-(5-extent))<.005,"box cast matches analytic oriented extent");
      |                                              ^
/usr/include/glm/detail/type_vec1.inl:366:55: note: candidate 81: ‘template<class T, glm::qualifier Q> constexpr glm::vec<1, T, Q> glm::operator*(const vec<1, T, Q>&, const vec<1, T, Q>&)’
  366 |         GLM_FUNC_QUALIFIER GLM_CONSTEXPR vec<1, T, Q> operator*(vec<1, T, Q> const& v1, vec<1, T, Q> const& v2)
      |                                                       ^~~~~~~~
/usr/include/glm/detail/type_vec1.inl:366:55: note: template argument deduction/substitution failed:
/home/conner/Documents/GitHub/Project-Judas/tests/TerrainAuthoringTests.cpp:39:46: note:   template argument ‘3’ does not match ‘1’
   39 |   auto box=p.BoxCast({worldPoint+worldNormal*5,rotation},{.2f,.3f,.4f},-worldNormal,10);float extent=.2f*std::abs(normal.x)+.3f*normal.y+.4f*std::abs(normal.z);Check(box.hit&&std::abs(box.distance-(5-extent))<.005,"box cast matches analytic oriented extent");
      |                                              ^
/usr/include/glm/detail/type_quat.inl:353:52: note: candidate 82: ‘template<class T, glm::qualifier Q> constexpr glm::qua<T, Q> glm::operator*(const qua<T, Q>&, const qua<T, Q>&)’
  353 |         GLM_FUNC_QUALIFIER GLM_CONSTEXPR qua<T, Q> operator*(qua<T, Q> const& q, qua<T, Q> const& p)
      |                                                    ^~~~~~~~
/usr/include/glm/detail/type_quat.inl:353:52: note: template argument deduction/substitution failed:
/home/conner/Documents/GitHub/Project-Judas/tests/TerrainAuthoringTests.cpp:39:46: note:   ‘glm::vec<3, float, glm::packed_highp>’ is not derived from ‘const glm::qua<T, Q>’
   39 |   auto box=p.BoxCast({worldPoint+worldNormal*5,rotation},{.2f,.3f,.4f},-worldNormal,10);float extent=.2f*std::abs(normal.x)+.3f*normal.y+.4f*std::abs(normal.z);Check(box.hit&&std::abs(box.distance-(5-extent))<.005,"box cast matches analytic oriented extent");
      |                                              ^
/usr/include/glm/detail/type_quat.inl:359:55: note: candidate 83: ‘template<class T, glm::qualifier Q> constexpr glm::vec<3, T, Q> glm::operator*(const qua<T, Q>&, const vec<3, T, Q>&)’
  359 |         GLM_FUNC_QUALIFIER GLM_CONSTEXPR vec<3, T, Q> operator*(qua<T, Q> const& q, vec<3, T, Q> const& v)
      |                                                       ^~~~~~~~
/usr/include/glm/detail/type_quat.inl:359:55: note: template argument deduction/substitution failed:
/home/conner/Documents/GitHub/Project-Judas/tests/TerrainAuthoringTests.cpp:39:46: note:   ‘glm::vec<3, float, glm::packed_highp>’ is not derived from ‘const glm::qua<T, Q>’
   39 |   auto box=p.BoxCast({worldPoint+worldNormal*5,rotation},{.2f,.3f,.4f},-worldNormal,10);float extent=.2f*std::abs(normal.x)+.3f*normal.y+.4f*std::abs(normal.z);Check(box.hit&&std::abs(box.distance-(5-extent))<.005,"box cast matches analytic oriented extent");
      |                                              ^
/usr/include/glm/detail/type_quat.inl:369:55: note: candidate 84: ‘template<class T, glm::qualifier Q> constexpr glm::vec<3, T, Q> glm::operator*(const vec<3, T, Q>&, const qua<T, Q>&)’
  369 |         GLM_FUNC_QUALIFIER GLM_CONSTEXPR vec<3, T, Q> operator*(vec<3, T, Q> const& v, qua<T, Q> const& q)
      |                                                       ^~~~~~~~
/usr/include/glm/detail/type_quat.inl:369:55: note: template argument deduction/substitution failed:
/home/conner/Documents/GitHub/Project-Judas/tests/TerrainAuthoringTests.cpp:39:46: note:   mismatched types ‘const glm::qua<T, Q>’ and ‘int’
   39 |   auto box=p.BoxCast({worldPoint+worldNormal*5,rotation},{.2f,.3f,.4f},-worldNormal,10);float extent=.2f*std::abs(normal.x)+.3f*normal.y+.4f*std::abs(normal.z);Check(box.hit&&std::abs(box.distance-(5-extent))<.005,"box cast matches analytic oriented extent");
      |                                              ^
/usr/include/glm/detail/type_quat.inl:375:55: note: candidate 85: ‘template<class T, glm::qualifier Q> constexpr glm::vec<4, T, Q> glm::operator*(const qua<T, Q>&, const vec<4, T, Q>&)’
  375 |         GLM_FUNC_QUALIFIER GLM_CONSTEXPR vec<4, T, Q> operator*(qua<T, Q> const& q, vec<4, T, Q> const& v)
      |                                                       ^~~~~~~~
/usr/include/glm/detail/type_quat.inl:375:55: note: template argument deduction/substitution failed:
/home/conner/Documents/GitHub/Project-Judas/tests/TerrainAuthoringTests.cpp:39:46: note:   ‘glm::vec<3, float, glm::packed_highp>’ is not derived from ‘const glm::qua<T, Q>’
   39 |   auto box=p.BoxCast({worldPoint+worldNormal*5,rotation},{.2f,.3f,.4f},-worldNormal,10);float extent=.2f*std::abs(normal.x)+.3f*normal.y+.4f*std::abs(normal.z);Check(box.hit&&std::abs(box.distance-(5-extent))<.005,"box cast matches analytic oriented extent");
      |                                              ^
/usr/include/glm/detail/type_quat.inl:381:55: note: candidate 86: ‘template<class T, glm::qualifier Q> constexpr glm::vec<4, T, Q> glm::operator*(const vec<4, T, Q>&, const qua<T, Q>&)’
  381 |         GLM_FUNC_QUALIFIER GLM_CONSTEXPR vec<4, T, Q> operator*(vec<4, T, Q> const& v, qua<T, Q> const& q)
      |                                                       ^~~~~~~~
/usr/include/glm/detail/type_quat.inl:381:55: note: template argument deduction/substitution failed:
/home/conner/Documents/GitHub/Project-Judas/tests/TerrainAuthoringTests.cpp:39:46: note:   template argument ‘3’ does not match ‘4’
   39 |   auto box=p.BoxCast({worldPoint+worldNormal*5,rotation},{.2f,.3f,.4f},-worldNormal,10);float extent=.2f*std::abs(normal.x)+.3f*normal.y+.4f*std::abs(normal.z);Check(box.hit&&std::abs(box.distance-(5-extent))<.005,"box cast matches analytic oriented extent");
      |                                              ^
/usr/include/glm/detail/type_quat.inl:387:52: note: candidate 87: ‘template<class T, glm::qualifier Q> constexpr glm::qua<T, Q> glm::operator*(const qua<T, Q>&, const T&)’
  387 |         GLM_FUNC_QUALIFIER GLM_CONSTEXPR qua<T, Q> operator*(qua<T, Q> const& q, T const& s)
      |                                                    ^~~~~~~~
/usr/include/glm/detail/type_quat.inl:387:52: note: template argument deduction/substitution failed:
/home/conner/Documents/GitHub/Project-Judas/tests/TerrainAuthoringTests.cpp:39:46: note:   ‘glm::vec<3, float, glm::packed_highp>’ is not derived from ‘const glm::qua<T, Q>’
   39 |   auto box=p.BoxCast({worldPoint+worldNormal*5,rotation},{.2f,.3f,.4f},-worldNormal,10);float extent=.2f*std::abs(normal.x)+.3f*normal.y+.4f*std::abs(normal.z);Check(box.hit&&std::abs(box.distance-(5-extent))<.005,"box cast matches analytic oriented extent");
      |                                              ^
/usr/include/glm/detail/type_quat.inl:394:52: note: candidate 88: ‘template<class T, glm::qualifier Q> constexpr glm::qua<T, Q> glm::operator*(const T&, const qua<T, Q>&)’
  394 |         GLM_FUNC_QUALIFIER GLM_CONSTEXPR qua<T, Q> operator*(T const& s, qua<T, Q> const& q)
      |                                                    ^~~~~~~~
/usr/include/glm/detail/type_quat.inl:394:52: note: template argument deduction/substitution failed:
/home/conner/Documents/GitHub/Project-Judas/tests/TerrainAuthoringTests.cpp:39:46: note:   mismatched types ‘const glm::qua<T, Q>’ and ‘int’
   39 |   auto box=p.BoxCast({worldPoint+worldNormal*5,rotation},{.2f,.3f,.4f},-worldNormal,10);float extent=.2f*std::abs(normal.x)+.3f*normal.y+.4f*std::abs(normal.z);Check(box.hit&&std::abs(box.distance-(5-extent))<.005,"box cast matches analytic oriented extent");
      |                                              ^
/home/conner/Documents/GitHub/Project-Judas/tests/TerrainAuthoringTests.cpp:39:21: error: cannot convert ‘<brace-enclosed initializer list>’ to ‘const BodyTransform&’
   39 |   auto box=p.BoxCast({worldPoint+worldNormal*5,rotation},{.2f,.3f,.4f},-worldNormal,10);float extent=.2f*std::abs(normal.x)+.3f*normal.y+.4f*std::abs(normal.z);Check(box.hit&&std::abs(box.distance-(5-extent))<.005,"box cast matches analytic oriented extent");
      |            ~~~~~~~~~^~~~~~~~~~~~~~~~~~~~~~~~~~~~~~~~~~~~~~~~~~~~~~~~~~~~~~~~~~~~~~~~~~~
/home/conner/Documents/GitHub/Project-Judas/src/PhysicsWorld.h:267:49: note: initializing argument 1 of ‘PhysicsCastHit PhysicsWorld::BoxCast(const BodyTransform&, const glm::vec3&, const glm::vec3&, float, const PhysicsQueryFilter&, PhysicsCastStats*) const’
  267 |     PhysicsCastHit BoxCast(const BodyTransform& pose,const glm::vec3& halfExtents,const glm::vec3& direction,float maximum,
      |                            ~~~~~~~~~~~~~~~~~~~~~^~~~
/home/conner/Documents/GitHub/Project-Judas/tests/TerrainAuthoringTests.cpp:40:51: error: no match for ‘operator*’ (operand types are ‘glm::vec<3, float, glm::packed_highp>’ and ‘int’)
   40 |   auto close=p.ClosestPoint(worldPoint+worldNormal*2,4);Check(close.hit&&std::abs(close.distance-2)<.005&&glm::length(close.point-worldPoint)<.005,"closest point uses true finite ramp");
      |                                        ~~~~~~~~~~~^~
      |                                        |           |
      |                                        |           int
      |                                        glm::vec<3, float, glm::packed_highp>
/home/conner/Documents/GitHub/Project-Judas/tests/TerrainAuthoringTests.cpp:40:51: note: there are 88 candidates
   40 |   auto close=p.ClosestPoint(worldPoint+worldNormal*2,4);Check(close.hit&&std::abs(close.distance-2)<.005&&glm::length(close.point-worldPoint)<.005,"closest point uses true finite ramp");
      |                                        ~~~~~~~~~~~^~
/usr/include/glm/detail/type_vec2.inl:559:55: note: candidate 1: ‘template<class T, glm::qualifier Q> constexpr glm::vec<2, T, Q> glm::operator*(const vec<2, T, Q>&, T)’
  559 |         GLM_FUNC_QUALIFIER GLM_CONSTEXPR vec<2, T, Q> operator*(vec<2, T, Q> const& v, T scalar)
      |                                                       ^~~~~~~~
/usr/include/glm/detail/type_vec2.inl:559:55: note: template argument deduction/substitution failed:
/home/conner/Documents/GitHub/Project-Judas/tests/TerrainAuthoringTests.cpp:40:52: note:   template argument ‘3’ does not match ‘2’
   40 |   auto close=p.ClosestPoint(worldPoint+worldNormal*2,4);Check(close.hit&&std::abs(close.distance-2)<.005&&glm::length(close.point-worldPoint)<.005,"closest point uses true finite ramp");
      |                                                    ^
/usr/include/glm/detail/type_vec2.inl:567:55: note: candidate 2: ‘template<class T, glm::qualifier Q> constexpr glm::vec<2, T, Q> glm::operator*(const vec<2, T, Q>&, const vec<1, T, Q>&)’
  567 |         GLM_FUNC_QUALIFIER GLM_CONSTEXPR vec<2, T, Q> operator*(vec<2, T, Q> const& v1, vec<1, T, Q> const& v2)
      |                                                       ^~~~~~~~
/usr/include/glm/detail/type_vec2.inl:567:55: note: template argument deduction/substitution failed:
/home/conner/Documents/GitHub/Project-Judas/tests/TerrainAuthoringTests.cpp:40:52: note:   template argument ‘3’ does not match ‘2’
   40 |   auto close=p.ClosestPoint(worldPoint+worldNormal*2,4);Check(close.hit&&std::abs(close.distance-2)<.005&&glm::length(close.point-worldPoint)<.005,"closest point uses true finite ramp");
      |                                                    ^
/usr/include/glm/detail/type_vec2.inl:575:55: note: candidate 3: ‘template<class T, glm::qualifier Q> constexpr glm::vec<2, T, Q> glm::operator*(T, const vec<2, T, Q>&)’
  575 |         GLM_FUNC_QUALIFIER GLM_CONSTEXPR vec<2, T, Q> operator*(T scalar, vec<2, T, Q> const& v)
      |                                                       ^~~~~~~~
/usr/include/glm/detail/type_vec2.inl:575:55: note: template argument deduction/substitution failed:
/home/conner/Documents/GitHub/Project-Judas/tests/TerrainAuthoringTests.cpp:40:52: note:   mismatched types ‘const glm::vec<2, T, Q>’ and ‘int’
   40 |   auto close=p.ClosestPoint(worldPoint+worldNormal*2,4);Check(close.hit&&std::abs(close.distance-2)<.005&&glm::length(close.point-worldPoint)<.005,"closest point uses true finite ramp");
      |                                                    ^
/usr/include/glm/detail/type_vec2.inl:583:55: note: candidate 4: ‘template<class T, glm::qualifier Q> constexpr glm::vec<2, T, Q> glm::operator*(const vec<1, T, Q>&, const vec<2, T, Q>&)’
  583 |         GLM_FUNC_QUALIFIER GLM_CONSTEXPR vec<2, T, Q> operator*(vec<1, T, Q> const& v1, vec<2, T, Q> const& v2)
      |                                                       ^~~~~~~~
/usr/include/glm/detail/type_vec2.inl:583:55: note: template argument deduction/substitution failed:
/home/conner/Documents/GitHub/Project-Judas/tests/TerrainAuthoringTests.cpp:40:52: note:   template argument ‘3’ does not match ‘1’
   40 |   auto close=p.ClosestPoint(worldPoint+worldNormal*2,4);Check(close.hit&&std::abs(close.distance-2)<.005&&glm::length(close.point-worldPoint)<.005,"closest point uses true finite ramp");
      |                                                    ^
/usr/include/glm/detail/type_vec2.inl:591:55: note: candidate 5: ‘template<class T, glm::qualifier Q> constexpr glm::vec<2, T, Q> glm::operator*(const vec<2, T, Q>&, const vec<2, T, Q>&)’
  591 |         GLM_FUNC_QUALIFIER GLM_CONSTEXPR vec<2, T, Q> operator*(vec<2, T, Q> const& v1, vec<2, T, Q> const& v2)
      |                                                       ^~~~~~~~
/usr/include/glm/detail/type_vec2.inl:591:55: note: template argument deduction/substitution failed:
/home/conner/Documents/GitHub/Project-Judas/tests/TerrainAuthoringTests.cpp:40:52: note:   template argument ‘3’ does not match ‘2’
   40 |   auto close=p.ClosestPoint(worldPoint+worldNormal*2,4);Check(close.hit&&std::abs(close.distance-2)<.005&&glm::length(close.point-worldPoint)<.005,"closest point uses true finite ramp");
      |                                                    ^
/usr/include/glm/detail/type_vec3.inl:672:55: note: candidate 6: ‘template<class T, glm::qualifier Q> constexpr glm::vec<3, T, Q> glm::operator*(const vec<3, T, Q>&, T)’
  672 |         GLM_FUNC_QUALIFIER GLM_CONSTEXPR vec<3, T, Q> operator*(vec<3, T, Q> const& v, T scalar)
      |                                                       ^~~~~~~~
/usr/include/glm/detail/type_vec3.inl:672:55: note: template argument deduction/substitution failed:
/home/conner/Documents/GitHub/Project-Judas/tests/TerrainAuthoringTests.cpp:40:52: note:   deduced conflicting types for parameter ‘T’ (‘float’ and ‘int’)
   40 |   auto close=p.ClosestPoint(worldPoint+worldNormal*2,4);Check(close.hit&&std::abs(close.distance-2)<.005&&glm::length(close.point-worldPoint)<.005,"closest point uses true finite ramp");
      |                                                    ^
/usr/include/glm/detail/type_vec3.inl:681:55: note: candidate 7: ‘template<class T, glm::qualifier Q> constexpr glm::vec<3, T, Q> glm::operator*(const vec<3, T, Q>&, const vec<1, T, Q>&)’
  681 |         GLM_FUNC_QUALIFIER GLM_CONSTEXPR vec<3, T, Q> operator*(vec<3, T, Q> const& v, vec<1, T, Q> const& scalar)
      |                                                       ^~~~~~~~
/usr/include/glm/detail/type_vec3.inl:681:55: note: template argument deduction/substitution failed:
/home/conner/Documents/GitHub/Project-Judas/tests/TerrainAuthoringTests.cpp:40:52: note:   mismatched types ‘const glm::vec<1, T, Q>’ and ‘int’
   40 |   auto close=p.ClosestPoint(worldPoint+worldNormal*2,4);Check(close.hit&&std::abs(close.distance-2)<.005&&glm::length(close.point-worldPoint)<.005,"closest point uses true finite ramp");
      |                                                    ^
/usr/include/glm/detail/type_vec3.inl:690:55: note: candidate 8: ‘template<class T, glm::qualifier Q> constexpr glm::vec<3, T, Q> glm::operator*(T, const vec<3, T, Q>&)’
  690 |         GLM_FUNC_QUALIFIER GLM_CONSTEXPR vec<3, T, Q> operator*(T scalar, vec<3, T, Q> const& v)
      |                                                       ^~~~~~~~
/usr/include/glm/detail/type_vec3.inl:690:55: note: template argument deduction/substitution failed:
/home/conner/Documents/GitHub/Project-Judas/tests/TerrainAuthoringTests.cpp:40:52: note:   mismatched types ‘const glm::vec<3, T, Q>’ and ‘int’
   40 |   auto close=p.ClosestPoint(worldPoint+worldNormal*2,4);Check(close.hit&&std::abs(close.distance-2)<.005&&glm::length(close.point-worldPoint)<.005,"closest point uses true finite ramp");
      |                                                    ^
/usr/include/glm/detail/type_vec3.inl:699:55: note: candidate 9: ‘template<class T, glm::qualifier Q> constexpr glm::vec<3, T, Q> glm::operator*(const vec<1, T, Q>&, const vec<3, T, Q>&)’
  699 |         GLM_FUNC_QUALIFIER GLM_CONSTEXPR vec<3, T, Q> operator*(vec<1, T, Q> const& scalar, vec<3, T, Q> const& v)
      |                                                       ^~~~~~~~
/usr/include/glm/detail/type_vec3.inl:699:55: note: template argument deduction/substitution failed:
/home/conner/Documents/GitHub/Project-Judas/tests/TerrainAuthoringTests.cpp:40:52: note:   template argument ‘3’ does not match ‘1’
   40 |   auto close=p.ClosestPoint(worldPoint+worldNormal*2,4);Check(close.hit&&std::abs(close.distance-2)<.005&&glm::length(close.point-worldPoint)<.005,"closest point uses true finite ramp");
      |                                                    ^
/usr/include/glm/detail/type_vec3.inl:708:55: note: candidate 10: ‘template<class T, glm::qualifier Q> constexpr glm::vec<3, T, Q> glm::operator*(const vec<3, T, Q>&, const vec<3, T, Q>&)’
  708 |         GLM_FUNC_QUALIFIER GLM_CONSTEXPR vec<3, T, Q> operator*(vec<3, T, Q> const& v1, vec<3, T, Q> const& v2)
      |                                                       ^~~~~~~~
/usr/include/glm/detail/type_vec3.inl:708:55: note: template argument deduction/substitution failed:
/home/conner/Documents/GitHub/Project-Judas/tests/TerrainAuthoringTests.cpp:40:52: note:   mismatched types ‘const glm::vec<3, T, Q>’ and ‘int’
   40 |   auto close=p.ClosestPoint(worldPoint+worldNormal*2,4);Check(close.hit&&std::abs(close.distance-2)<.005&&glm::length(close.point-worldPoint)<.005,"closest point uses true finite ramp");
      |                                                    ^
/usr/include/glm/detail/type_vec4.inl:866:55: note: candidate 11: ‘template<class T, glm::qualifier Q> constexpr glm::vec<4, T, Q> glm::operator*(const vec<4, T, Q>&, T)’
  866 |         GLM_FUNC_QUALIFIER GLM_CONSTEXPR vec<4, T, Q> operator*(vec<4, T, Q> const& v, T scalar)
      |                                                       ^~~~~~~~
/usr/include/glm/detail/type_vec4.inl:866:55: note: template argument deduction/substitution failed:
/home/conner/Documents/GitHub/Project-Judas/tests/TerrainAuthoringTests.cpp:40:52: note:   template argument ‘3’ does not match ‘4’
   40 |   auto close=p.ClosestPoint(worldPoint+worldNormal*2,4);Check(close.hit&&std::abs(close.distance-2)<.005&&glm::length(close.point-worldPoint)<.005,"closest point uses true finite ramp");
      |                                                    ^
/usr/include/glm/detail/type_vec4.inl:872:55: note: candidate 12: ‘template<class T, glm::qualifier Q> constexpr glm::vec<4, T, Q> glm::operator*(const vec<4, T, Q>&, const vec<1, T, Q>&)’
  872 |         GLM_FUNC_QUALIFIER GLM_CONSTEXPR vec<4, T, Q> operator*(vec<4, T, Q> const& v1, vec<1, T, Q> const& v2)
      |                                                       ^~~~~~~~
/usr/include/glm/detail/type_vec4.inl:872:55: note: template argument deduction/substitution failed:
/home/conner/Documents/GitHub/Project-Judas/tests/TerrainAuthoringTests.cpp:40:52: note:   template argument ‘3’ does not match ‘4’
   40 |   auto close=p.ClosestPoint(worldPoint+worldNormal*2,4);Check(close.hit&&std::abs(close.distance-2)<.005&&glm::length(close.point-worldPoint)<.005,"closest point uses true finite ramp");
      |                                                    ^
/usr/include/glm/detail/type_vec4.inl:878:55: note: candidate 13: ‘template<class T, glm::qualifier Q> constexpr glm::vec<4, T, Q> glm::operator*(T, const vec<4, T, Q>&)’
  878 |         GLM_FUNC_QUALIFIER GLM_CONSTEXPR vec<4, T, Q> operator*(T scalar, vec<4, T, Q> const& v)
      |                                                       ^~~~~~~~
/usr/include/glm/detail/type_vec4.inl:878:55: note: template argument deduction/substitution failed:
/home/conner/Documents/GitHub/Project-Judas/tests/TerrainAuthoringTests.cpp:40:52: note:   mismatched types ‘const glm::vec<4, T, Q>’ and ‘int’
   40 |   auto close=p.ClosestPoint(worldPoint+worldNormal*2,4);Check(close.hit&&std::abs(close.distance-2)<.005&&glm::length(close.point-worldPoint)<.005,"closest point uses true finite ramp");
      |                                                    ^
/usr/include/glm/detail/type_vec4.inl:884:55: note: candidate 14: ‘template<class T, glm::qualifier Q> constexpr glm::vec<4, T, Q> glm::operator*(const vec<1, T, Q>&, const vec<4, T, Q>&)’
  884 |         GLM_FUNC_QUALIFIER GLM_CONSTEXPR vec<4, T, Q> operator*(vec<1, T, Q> const& v1, vec<4, T, Q> const& v2)
      |                                                       ^~~~~~~~
/usr/include/glm/detail/type_vec4.inl:884:55: note: template argument deduction/substitution failed:
/home/conner/Documents/GitHub/Project-Judas/tests/TerrainAuthoringTests.cpp:40:52: note:   template argument ‘3’ does not match ‘1’
   40 |   auto close=p.ClosestPoint(worldPoint+worldNormal*2,4);Check(close.hit&&std::abs(close.distance-2)<.005&&glm::length(close.point-worldPoint)<.005,"closest point uses true finite ramp");
      |                                                    ^
/usr/include/glm/detail/type_vec4.inl:890:55: note: candidate 15: ‘template<class T, glm::qualifier Q> constexpr glm::vec<4, T, Q> glm::operator*(const vec<4, T, Q>&, const vec<4, T, Q>&)’
  890 |         GLM_FUNC_QUALIFIER GLM_CONSTEXPR vec<4, T, Q> operator*(vec<4, T, Q> const& v1, vec<4, T, Q> const& v2)
      |                                                       ^~~~~~~~
/usr/include/glm/detail/type_vec4.inl:890:55: note: template argument deduction/substitution failed:
/home/conner/Documents/GitHub/Project-Judas/tests/TerrainAuthoringTests.cpp:40:52: note:   template argument ‘3’ does not match ‘4’
   40 |   auto close=p.ClosestPoint(worldPoint+worldNormal*2,4);Check(close.hit&&std::abs(close.distance-2)<.005&&glm::length(close.point-worldPoint)<.005,"closest point uses true finite ramp");
      |                                                    ^
/usr/include/glm/detail/type_mat2x2.inl:413:58: note: candidate 16: ‘template<class T, glm::qualifier Q> constexpr glm::mat<2, 2, T, Q> glm::operator*(const mat<2, 2, T, Q>&, T)’
  413 |         GLM_FUNC_QUALIFIER GLM_CONSTEXPR mat<2, 2, T, Q> operator*(mat<2, 2, T, Q> const& m, T scalar)
      |                                                          ^~~~~~~~
/usr/include/glm/detail/type_mat2x2.inl:413:58: note: template argument deduction/substitution failed:
/home/conner/Documents/GitHub/Project-Judas/tests/TerrainAuthoringTests.cpp:40:52: note:   ‘glm::vec<3, float, glm::packed_highp>’ is not derived from ‘const glm::mat<2, 2, T, Q>’
   40 |   auto close=p.ClosestPoint(worldPoint+worldNormal*2,4);Check(close.hit&&std::abs(close.distance-2)<.005&&glm::length(close.point-worldPoint)<.005,"closest point uses true finite ramp");
      |                                                    ^
/usr/include/glm/detail/type_mat2x2.inl:421:58: note: candidate 17: ‘template<class T, glm::qualifier Q> constexpr glm::mat<2, 2, T, Q> glm::operator*(T, const mat<2, 2, T, Q>&)’
  421 |         GLM_FUNC_QUALIFIER GLM_CONSTEXPR mat<2, 2, T, Q> operator*(T scalar, mat<2, 2, T, Q> const& m)
      |                                                          ^~~~~~~~
/usr/include/glm/detail/type_mat2x2.inl:421:58: note: template argument deduction/substitution failed:
/home/conner/Documents/GitHub/Project-Judas/tests/TerrainAuthoringTests.cpp:40:52: note:   mismatched types ‘const glm::mat<2, 2, T, Q>’ and ‘int’
   40 |   auto close=p.ClosestPoint(worldPoint+worldNormal*2,4);Check(close.hit&&std::abs(close.distance-2)<.005&&glm::length(close.point-worldPoint)<.005,"closest point uses true finite ramp");
      |                                                    ^
/usr/include/glm/detail/type_mat2x2.inl:429:77: note: candidate 18: ‘template<class T, glm::qualifier Q> constexpr typename glm::mat<2, 2, T, Q>::col_type glm::operator*(const mat<2, 2, T, Q>&, const typename mat<2, 2, T, Q>::row_type&)’
  429 |         GLM_FUNC_QUALIFIER GLM_CONSTEXPR typename mat<2, 2, T, Q>::col_type operator*
      |                                                                             ^~~~~~~~
/usr/include/glm/detail/type_mat2x2.inl:429:77: note: template argument deduction/substitution failed:
/home/conner/Documents/GitHub/Project-Judas/tests/TerrainAuthoringTests.cpp:40:52: note:   ‘glm::vec<3, float, glm::packed_highp>’ is not derived from ‘const glm::mat<2, 2, T, Q>’
   40 |   auto close=p.ClosestPoint(worldPoint+worldNormal*2,4);Check(close.hit&&std::abs(close.distance-2)<.005&&glm::length(close.point-worldPoint)<.005,"closest point uses true finite ramp");
      |                                                    ^
/usr/include/glm/detail/type_mat2x2.inl:441:77: note: candidate 19: ‘template<class T, glm::qualifier Q> constexpr typename glm::mat<2, 2, T, Q>::row_type glm::operator*(const typename mat<2, 2, T, Q>::col_type&, const mat<2, 2, T, Q>&)’
  441 |         GLM_FUNC_QUALIFIER GLM_CONSTEXPR typename mat<2, 2, T, Q>::row_type operator*
      |                                                                             ^~~~~~~~
/usr/include/glm/detail/type_mat2x2.inl:441:77: note: template argument deduction/substitution failed:
/home/conner/Documents/GitHub/Project-Judas/tests/TerrainAuthoringTests.cpp:40:52: note:   mismatched types ‘const glm::mat<2, 2, T, Q>’ and ‘int’
   40 |   auto close=p.ClosestPoint(worldPoint+worldNormal*2,4);Check(close.hit&&std::abs(close.distance-2)<.005&&glm::length(close.point-worldPoint)<.005,"closest point uses true finite ramp");
      |                                                    ^
/usr/include/glm/detail/type_mat2x2.inl:453:58: note: candidate 20: ‘template<class T, glm::qualifier Q> constexpr glm::mat<2, 2, T, Q> glm::operator*(const mat<2, 2, T, Q>&, const mat<2, 2, T, Q>&)’
  453 |         GLM_FUNC_QUALIFIER GLM_CONSTEXPR mat<2, 2, T, Q> operator*(mat<2, 2, T, Q> const& m1, mat<2, 2, T, Q> const& m2)
      |                                                          ^~~~~~~~
/usr/include/glm/detail/type_mat2x2.inl:453:58: note: template argument deduction/substitution failed:
/home/conner/Documents/GitHub/Project-Judas/tests/TerrainAuthoringTests.cpp:40:52: note:   ‘glm::vec<3, float, glm::packed_highp>’ is not derived from ‘const glm::mat<2, 2, T, Q>’
   40 |   auto close=p.ClosestPoint(worldPoint+worldNormal*2,4);Check(close.hit&&std::abs(close.distance-2)<.005&&glm::length(close.point-worldPoint)<.005,"closest point uses true finite ramp");
      |                                                    ^
/usr/include/glm/detail/type_mat2x2.inl:463:58: note: candidate 21: ‘template<class T, glm::qualifier Q> constexpr glm::mat<3, 2, T, Q> glm::operator*(const mat<2, 2, T, Q>&, const mat<3, 2, T, Q>&)’
  463 |         GLM_FUNC_QUALIFIER GLM_CONSTEXPR mat<3, 2, T, Q> operator*(mat<2, 2, T, Q> const& m1, mat<3, 2, T, Q> const& m2)
      |                                                          ^~~~~~~~
/usr/include/glm/detail/type_mat2x2.inl:463:58: note: template argument deduction/substitution failed:
/home/conner/Documents/GitHub/Project-Judas/tests/TerrainAuthoringTests.cpp:40:52: note:   ‘glm::vec<3, float, glm::packed_highp>’ is not derived from ‘const glm::mat<2, 2, T, Q>’
   40 |   auto close=p.ClosestPoint(worldPoint+worldNormal*2,4);Check(close.hit&&std::abs(close.distance-2)<.005&&glm::length(close.point-worldPoint)<.005,"closest point uses true finite ramp");
      |                                                    ^
/usr/include/glm/detail/type_mat2x2.inl:475:58: note: candidate 22: ‘template<class T, glm::qualifier Q> constexpr glm::mat<4, 2, T, Q> glm::operator*(const mat<2, 2, T, Q>&, const mat<4, 2, T, Q>&)’
  475 |         GLM_FUNC_QUALIFIER GLM_CONSTEXPR mat<4, 2, T, Q> operator*(mat<2, 2, T, Q> const& m1, mat<4, 2, T, Q> const& m2)
      |                                                          ^~~~~~~~
/usr/include/glm/detail/type_mat2x2.inl:475:58: note: template argument deduction/substitution failed:
/home/conner/Documents/GitHub/Project-Judas/tests/TerrainAuthoringTests.cpp:40:52: note:   ‘glm::vec<3, float, glm::packed_highp>’ is not derived from ‘const glm::mat<2, 2, T, Q>’
   40 |   auto close=p.ClosestPoint(worldPoint+worldNormal*2,4);Check(close.hit&&std::abs(close.distance-2)<.005&&glm::length(close.point-worldPoint)<.005,"closest point uses true finite ramp");
      |                                                    ^
/usr/include/glm/detail/type_mat2x3.inl:383:58: note: candidate 23: ‘template<class T, glm::qualifier Q> constexpr glm::mat<2, 3, T, Q> glm::operator*(const mat<2, 3, T, Q>&, T)’
  383 |         GLM_FUNC_QUALIFIER GLM_CONSTEXPR mat<2, 3, T, Q> operator*(mat<2, 3, T, Q> const& m, T scalar)
      |                                                          ^~~~~~~~
/usr/include/glm/detail/type_mat2x3.inl:383:58: note: template argument deduction/substitution failed:
/home/conner/Documents/GitHub/Project-Judas/tests/TerrainAuthoringTests.cpp:40:52: note:   ‘glm::vec<3, float, glm::packed_highp>’ is not derived from ‘const glm::mat<2, 3, T, Q>’
   40 |   auto close=p.ClosestPoint(worldPoint+worldNormal*2,4);Check(close.hit&&std::abs(close.distance-2)<.005&&glm::length(close.point-worldPoint)<.005,"closest point uses true finite ramp");
      |                                                    ^
/usr/include/glm/detail/type_mat2x3.inl:391:58: note: candidate 24: ‘template<class T, glm::qualifier Q> constexpr glm::mat<2, 3, T, Q> glm::operator*(T, const mat<2, 3, T, Q>&)’
  391 |         GLM_FUNC_QUALIFIER GLM_CONSTEXPR mat<2, 3, T, Q> operator*(T scalar, mat<2, 3, T, Q> const& m)
      |                                                          ^~~~~~~~
/usr/include/glm/detail/type_mat2x3.inl:391:58: note: template argument deduction/substitution failed:
/home/conner/Documents/GitHub/Project-Judas/tests/TerrainAuthoringTests.cpp:40:52: note:   mismatched types ‘const glm::mat<2, 3, T, Q>’ and ‘int’
   40 |   auto close=p.ClosestPoint(worldPoint+worldNormal*2,4);Check(close.hit&&std::abs(close.distance-2)<.005&&glm::length(close.point-worldPoint)<.005,"closest point uses true finite ramp");
      |                                                    ^
/usr/include/glm/detail/type_mat2x3.inl:399:77: note: candidate 25: ‘template<class T, glm::qualifier Q> constexpr typename glm::mat<2, 3, T, Q>::col_type glm::operator*(const mat<2, 3, T, Q>&, const typename mat<2, 3, T, Q>::row_type&)’
  399 |         GLM_FUNC_QUALIFIER GLM_CONSTEXPR typename mat<2, 3, T, Q>::col_type operator*
      |                                                                             ^~~~~~~~
/usr/include/glm/detail/type_mat2x3.inl:399:77: note: template argument deduction/substitution failed:
/home/conner/Documents/GitHub/Project-Judas/tests/TerrainAuthoringTests.cpp:40:52: note:   ‘glm::vec<3, float, glm::packed_highp>’ is not derived from ‘const glm::mat<2, 3, T, Q>’
   40 |   auto close=p.ClosestPoint(worldPoint+worldNormal*2,4);Check(close.hit&&std::abs(close.distance-2)<.005&&glm::length(close.point-worldPoint)<.005,"closest point uses true finite ramp");
      |                                                    ^
/usr/include/glm/detail/type_mat2x3.inl:411:77: note: candidate 26: ‘template<class T, glm::qualifier Q> constexpr typename glm::mat<2, 3, T, Q>::row_type glm::operator*(const typename mat<2, 3, T, Q>::col_type&, const mat<2, 3, T, Q>&)’
  411 |         GLM_FUNC_QUALIFIER GLM_CONSTEXPR typename mat<2, 3, T, Q>::row_type operator*
      |                                                                             ^~~~~~~~
/usr/include/glm/detail/type_mat2x3.inl:411:77: note: template argument deduction/substitution failed:
/home/conner/Documents/GitHub/Project-Judas/tests/TerrainAuthoringTests.cpp:40:52: note:   mismatched types ‘const glm::mat<2, 3, T, Q>’ and ‘int’
   40 |   auto close=p.ClosestPoint(worldPoint+worldNormal*2,4);Check(close.hit&&std::abs(close.distance-2)<.005&&glm::length(close.point-worldPoint)<.005,"closest point uses true finite ramp");
      |                                                    ^
/usr/include/glm/detail/type_mat2x3.inl:422:58: note: candidate 27: ‘template<class T, glm::qualifier Q> constexpr glm::mat<2, 3, T, Q> glm::operator*(const mat<2, 3, T, Q>&, const mat<2, 2, T, Q>&)’
  422 |         GLM_FUNC_QUALIFIER GLM_CONSTEXPR mat<2, 3, T, Q> operator*(mat<2, 3, T, Q> const& m1, mat<2, 2, T, Q> const& m2)
      |                                                          ^~~~~~~~
/usr/include/glm/detail/type_mat2x3.inl:422:58: note: template argument deduction/substitution failed:
/home/conner/Documents/GitHub/Project-Judas/tests/TerrainAuthoringTests.cpp:40:52: note:   ‘glm::vec<3, float, glm::packed_highp>’ is not derived from ‘const glm::mat<2, 3, T, Q>’
   40 |   auto close=p.ClosestPoint(worldPoint+worldNormal*2,4);Check(close.hit&&std::abs(close.distance-2)<.005&&glm::length(close.point-worldPoint)<.005,"closest point uses true finite ramp");
      |                                                    ^
/usr/include/glm/detail/type_mat2x3.inl:434:58: note: candidate 28: ‘template<class T, glm::qualifier Q> constexpr glm::mat<3, 3, T, Q> glm::operator*(const mat<2, 3, T, Q>&, const mat<3, 2, T, Q>&)’
  434 |         GLM_FUNC_QUALIFIER GLM_CONSTEXPR mat<3, 3, T, Q> operator*(mat<2, 3, T, Q> const& m1, mat<3, 2, T, Q> const& m2)
      |                                                          ^~~~~~~~
/usr/include/glm/detail/type_mat2x3.inl:434:58: note: template argument deduction/substitution failed:
/home/conner/Documents/GitHub/Project-Judas/tests/TerrainAuthoringTests.cpp:40:52: note:   ‘glm::vec<3, float, glm::packed_highp>’ is not derived from ‘const glm::mat<2, 3, T, Q>’
   40 |   auto close=p.ClosestPoint(worldPoint+worldNormal*2,4);Check(close.hit&&std::abs(close.distance-2)<.005&&glm::length(close.point-worldPoint)<.005,"closest point uses true finite ramp");
      |                                                    ^
/usr/include/glm/detail/type_mat2x3.inl:464:58: note: candidate 29: ‘template<class T, glm::qualifier Q> constexpr glm::mat<4, 3, T, Q> glm::operator*(const mat<2, 3, T, Q>&, const mat<4, 2, T, Q>&)’
  464 |         GLM_FUNC_QUALIFIER GLM_CONSTEXPR mat<4, 3, T, Q> operator*(mat<2, 3, T, Q> const& m1, mat<4, 2, T, Q> const& m2)
      |                                                          ^~~~~~~~
/usr/include/glm/detail/type_mat2x3.inl:464:58: note: template argument deduction/substitution failed:
/home/conner/Documents/GitHub/Project-Judas/tests/TerrainAuthoringTests.cpp:40:52: note:   ‘glm::vec<3, float, glm::packed_highp>’ is not derived from ‘const glm::mat<2, 3, T, Q>’
   40 |   auto close=p.ClosestPoint(worldPoint+worldNormal*2,4);Check(close.hit&&std::abs(close.distance-2)<.005&&glm::length(close.point-worldPoint)<.005,"closest point uses true finite ramp");
      |                                                    ^
/usr/include/glm/detail/type_mat2x4.inl:385:58: note: candidate 30: ‘template<class T, glm::qualifier Q> constexpr glm::mat<2, 4, T, Q> glm::operator*(const mat<2, 4, T, Q>&, T)’
  385 |         GLM_FUNC_QUALIFIER GLM_CONSTEXPR mat<2, 4, T, Q> operator*(mat<2, 4, T, Q> const& m, T scalar)
      |                                                          ^~~~~~~~
/usr/include/glm/detail/type_mat2x4.inl:385:58: note: template argument deduction/substitution failed:
/home/conner/Documents/GitHub/Project-Judas/tests/TerrainAuthoringTests.cpp:40:52: note:   ‘glm::vec<3, float, glm::packed_highp>’ is not derived from ‘const glm::mat<2, 4, T, Q>’
   40 |   auto close=p.ClosestPoint(worldPoint+worldNormal*2,4);Check(close.hit&&std::abs(close.distance-2)<.005&&glm::length(close.point-worldPoint)<.005,"closest point uses true finite ramp");
      |                                                    ^
/usr/include/glm/detail/type_mat2x4.inl:393:58: note: candidate 31: ‘template<class T, glm::qualifier Q> constexpr glm::mat<2, 4, T, Q> glm::operator*(T, const mat<2, 4, T, Q>&)’
  393 |         GLM_FUNC_QUALIFIER GLM_CONSTEXPR mat<2, 4, T, Q> operator*(T scalar, mat<2, 4, T, Q> const& m)
      |                                                          ^~~~~~~~
/usr/include/glm/detail/type_mat2x4.inl:393:58: note: template argument deduction/substitution failed:
/home/conner/Documents/GitHub/Project-Judas/tests/TerrainAuthoringTests.cpp:40:52: note:   mismatched types ‘const glm::mat<2, 4, T, Q>’ and ‘int’
   40 |   auto close=p.ClosestPoint(worldPoint+worldNormal*2,4);Check(close.hit&&std::abs(close.distance-2)<.005&&glm::length(close.point-worldPoint)<.005,"closest point uses true finite ramp");
      |                                                    ^
/usr/include/glm/detail/type_mat2x4.inl:401:77: note: candidate 32: ‘template<class T, glm::qualifier Q> constexpr typename glm::mat<2, 4, T, Q>::col_type glm::operator*(const mat<2, 4, T, Q>&, const typename mat<2, 4, T, Q>::row_type&)’
  401 |         GLM_FUNC_QUALIFIER GLM_CONSTEXPR typename mat<2, 4, T, Q>::col_type operator*(mat<2, 4, T, Q> const& m, typename mat<2, 4, T, Q>::row_type const& v)
      |                                                                             ^~~~~~~~
/usr/include/glm/detail/type_mat2x4.inl:401:77: note: template argument deduction/substitution failed:
/home/conner/Documents/GitHub/Project-Judas/tests/TerrainAuthoringTests.cpp:40:52: note:   ‘glm::vec<3, float, glm::packed_highp>’ is not derived from ‘const glm::mat<2, 4, T, Q>’
   40 |   auto close=p.ClosestPoint(worldPoint+worldNormal*2,4);Check(close.hit&&std::abs(close.distance-2)<.005&&glm::length(close.point-worldPoint)<.005,"closest point uses true finite ramp");
      |                                                    ^
/usr/include/glm/detail/type_mat2x4.inl:411:77: note: candidate 33: ‘template<class T, glm::qualifier Q> constexpr typename glm::mat<2, 4, T, Q>::row_type glm::operator*(const typename mat<2, 4, T, Q>::col_type&, const mat<2, 4, T, Q>&)’
  411 |         GLM_FUNC_QUALIFIER GLM_CONSTEXPR typename mat<2, 4, T, Q>::row_type operator*(typename mat<2, 4, T, Q>::col_type const& v, mat<2, 4, T, Q> const& m)
      |                                                                             ^~~~~~~~
/usr/include/glm/detail/type_mat2x4.inl:411:77: note: template argument deduction/substitution failed:
/home/conner/Documents/GitHub/Project-Judas/tests/TerrainAuthoringTests.cpp:40:52: note:   mismatched types ‘const glm::mat<2, 4, T, Q>’ and ‘int’
   40 |   auto close=p.ClosestPoint(worldPoint+worldNormal*2,4);Check(close.hit&&std::abs(close.distance-2)<.005&&glm::length(close.point-worldPoint)<.005,"closest point uses true finite ramp");
      |                                                    ^
/usr/include/glm/detail/type_mat2x4.inl:419:58: note: candidate 34: ‘template<class T, glm::qualifier Q> constexpr glm::mat<4, 4, T, Q> glm::operator*(const mat<2, 4, T, Q>&, const mat<4, 2, T, Q>&)’
  419 |         GLM_FUNC_QUALIFIER GLM_CONSTEXPR mat<4, 4, T, Q> operator*(mat<2, 4, T, Q> const& m1, mat<4, 2, T, Q> const& m2)
      |                                                          ^~~~~~~~
/usr/include/glm/detail/type_mat2x4.inl:419:58: note: template argument deduction/substitution failed:
/home/conner/Documents/GitHub/Project-Judas/tests/TerrainAuthoringTests.cpp:40:52: note:   ‘glm::vec<3, float, glm::packed_highp>’ is not derived from ‘const glm::mat<2, 4, T, Q>’
   40 |   auto close=p.ClosestPoint(worldPoint+worldNormal*2,4);Check(close.hit&&std::abs(close.distance-2)<.005&&glm::length(close.point-worldPoint)<.005,"closest point uses true finite ramp");
      |                                                    ^
/usr/include/glm/detail/type_mat2x4.inl:460:58: note: candidate 35: ‘template<class T, glm::qualifier Q> constexpr glm::mat<2, 4, T, Q> glm::operator*(const mat<2, 4, T, Q>&, const mat<2, 2, T, Q>&)’
  460 |         GLM_FUNC_QUALIFIER GLM_CONSTEXPR mat<2, 4, T, Q> operator*(mat<2, 4, T, Q> const& m1, mat<2, 2, T, Q> const& m2)
      |                                                          ^~~~~~~~
/usr/include/glm/detail/type_mat2x4.inl:460:58: note: template argument deduction/substitution failed:
/home/conner/Documents/GitHub/Project-Judas/tests/TerrainAuthoringTests.cpp:40:52: note:   ‘glm::vec<3, float, glm::packed_highp>’ is not derived from ‘const glm::mat<2, 4, T, Q>’
   40 |   auto close=p.ClosestPoint(worldPoint+worldNormal*2,4);Check(close.hit&&std::abs(close.distance-2)<.005&&glm::length(close.point-worldPoint)<.005,"closest point uses true finite ramp");
      |                                                    ^
/usr/include/glm/detail/type_mat2x4.inl:474:58: note: candidate 36: ‘template<class T, glm::qualifier Q> constexpr glm::mat<3, 4, T, Q> glm::operator*(const mat<2, 4, T, Q>&, const mat<3, 2, T, Q>&)’
  474 |         GLM_FUNC_QUALIFIER GLM_CONSTEXPR mat<3, 4, T, Q> operator*(mat<2, 4, T, Q> const& m1, mat<3, 2, T, Q> const& m2)
      |                                                          ^~~~~~~~
/usr/include/glm/detail/type_mat2x4.inl:474:58: note: template argument deduction/substitution failed:
/home/conner/Documents/GitHub/Project-Judas/tests/TerrainAuthoringTests.cpp:40:52: note:   ‘glm::vec<3, float, glm::packed_highp>’ is not derived from ‘const glm::mat<2, 4, T, Q>’
   40 |   auto close=p.ClosestPoint(worldPoint+worldNormal*2,4);Check(close.hit&&std::abs(close.distance-2)<.005&&glm::length(close.point-worldPoint)<.005,"closest point uses true finite ramp");
      |                                                    ^
/usr/include/glm/detail/type_mat3x2.inl:416:58: note: candidate 37: ‘template<class T, glm::qualifier Q> constexpr glm::mat<3, 2, T, Q> glm::operator*(const mat<3, 2, T, Q>&, T)’
  416 |         GLM_FUNC_QUALIFIER GLM_CONSTEXPR mat<3, 2, T, Q> operator*(mat<3, 2, T, Q> const& m, T scalar)
      |                                                          ^~~~~~~~
/usr/include/glm/detail/type_mat3x2.inl:416:58: note: template argument deduction/substitution failed:
/home/conner/Documents/GitHub/Project-Judas/tests/TerrainAuthoringTests.cpp:40:52: note:   ‘glm::vec<3, float, glm::packed_highp>’ is not derived from ‘const glm::mat<3, 2, T, Q>’
   40 |   auto close=p.ClosestPoint(worldPoint+worldNormal*2,4);Check(close.hit&&std::abs(close.distance-2)<.005&&glm::length(close.point-worldPoint)<.005,"closest point uses true finite ramp");
      |                                                    ^
/usr/include/glm/detail/type_mat3x2.inl:425:58: note: candidate 38: ‘template<class T, glm::qualifier Q> constexpr glm::mat<3, 2, T, Q> glm::operator*(T, const mat<3, 2, T, Q>&)’
  425 |         GLM_FUNC_QUALIFIER GLM_CONSTEXPR mat<3, 2, T, Q> operator*(T scalar, mat<3, 2, T, Q> const& m)
      |                                                          ^~~~~~~~
/usr/include/glm/detail/type_mat3x2.inl:425:58: note: template argument deduction/substitution failed:
/home/conner/Documents/GitHub/Project-Judas/tests/TerrainAuthoringTests.cpp:40:52: note:   mismatched types ‘const glm::mat<3, 2, T, Q>’ and ‘int’
   40 |   auto close=p.ClosestPoint(worldPoint+worldNormal*2,4);Check(close.hit&&std::abs(close.distance-2)<.005&&glm::length(close.point-worldPoint)<.005,"closest point uses true finite ramp");
      |                                                    ^
/usr/include/glm/detail/type_mat3x2.inl:434:77: note: candidate 39: ‘template<class T, glm::qualifier Q> constexpr typename glm::mat<3, 2, T, Q>::col_type glm::operator*(const mat<3, 2, T, Q>&, const typename mat<3, 2, T, Q>::row_type&)’
  434 |         GLM_FUNC_QUALIFIER GLM_CONSTEXPR typename mat<3, 2, T, Q>::col_type operator*(mat<3, 2, T, Q> const& m, typename mat<3, 2, T, Q>::row_type const& v)
      |                                                                             ^~~~~~~~
/usr/include/glm/detail/type_mat3x2.inl:434:77: note: template argument deduction/substitution failed:
/home/conner/Documents/GitHub/Project-Judas/tests/TerrainAuthoringTests.cpp:40:52: note:   ‘glm::vec<3, float, glm::packed_highp>’ is not derived from ‘const glm::mat<3, 2, T, Q>’
   40 |   auto close=p.ClosestPoint(worldPoint+worldNormal*2,4);Check(close.hit&&std::abs(close.distance-2)<.005&&glm::length(close.point-worldPoint)<.005,"closest point uses true finite ramp");
      |                                                    ^
/usr/include/glm/detail/type_mat3x2.inl:442:77: note: candidate 40: ‘template<class T, glm::qualifier Q> constexpr typename glm::mat<3, 2, T, Q>::row_type glm::operator*(const typename mat<3, 2, T, Q>::col_type&, const mat<3, 2, T, Q>&)’
  442 |         GLM_FUNC_QUALIFIER GLM_CONSTEXPR typename mat<3, 2, T, Q>::row_type operator*(typename mat<3, 2, T, Q>::col_type const& v, mat<3, 2, T, Q> const& m)
      |                                                                             ^~~~~~~~
/usr/include/glm/detail/type_mat3x2.inl:442:77: note: template argument deduction/substitution failed:
/home/conner/Documents/GitHub/Project-Judas/tests/TerrainAuthoringTests.cpp:40:52: note:   mismatched types ‘const glm::mat<3, 2, T, Q>’ and ‘int’
   40 |   auto close=p.ClosestPoint(worldPoint+worldNormal*2,4);Check(close.hit&&std::abs(close.distance-2)<.005&&glm::length(close.point-worldPoint)<.005,"closest point uses true finite ramp");
      |                                                    ^
/usr/include/glm/detail/type_mat3x2.inl:451:58: note: candidate 41: ‘template<class T, glm::qualifier Q> constexpr glm::mat<2, 2, T, Q> glm::operator*(const mat<3, 2, T, Q>&, const mat<2, 3, T, Q>&)’
  451 |         GLM_FUNC_QUALIFIER GLM_CONSTEXPR mat<2, 2, T, Q> operator*(mat<3, 2, T, Q> const& m1, mat<2, 3, T, Q> const& m2)
      |                                                          ^~~~~~~~
/usr/include/glm/detail/type_mat3x2.inl:451:58: note: template argument deduction/substitution failed:
/home/conner/Documents/GitHub/Project-Judas/tests/TerrainAuthoringTests.cpp:40:52: note:   ‘glm::vec<3, float, glm::packed_highp>’ is not derived from ‘const glm::mat<3, 2, T, Q>’
   40 |   auto close=p.ClosestPoint(worldPoint+worldNormal*2,4);Check(close.hit&&std::abs(close.distance-2)<.005&&glm::length(close.point-worldPoint)<.005,"closest point uses true finite ramp");
      |                                                    ^
/usr/include/glm/detail/type_mat3x2.inl:476:58: note: candidate 42: ‘template<class T, glm::qualifier Q> constexpr glm::mat<3, 2, T, Q> glm::operator*(const mat<3, 2, T, Q>&, const mat<3, 3, T, Q>&)’
  476 |         GLM_FUNC_QUALIFIER GLM_CONSTEXPR mat<3, 2, T, Q> operator*(mat<3, 2, T, Q> const& m1, mat<3, 3, T, Q> const& m2)
      |                                                          ^~~~~~~~
/usr/include/glm/detail/type_mat3x2.inl:476:58: note: template argument deduction/substitution failed:
/home/conner/Documents/GitHub/Project-Judas/tests/TerrainAuthoringTests.cpp:40:52: note:   ‘glm::vec<3, float, glm::packed_highp>’ is not derived from ‘const glm::mat<3, 2, T, Q>’
   40 |   auto close=p.ClosestPoint(worldPoint+worldNormal*2,4);Check(close.hit&&std::abs(close.distance-2)<.005&&glm::length(close.point-worldPoint)<.005,"closest point uses true finite ramp");
      |                                                    ^
/usr/include/glm/detail/type_mat3x2.inl:488:58: note: candidate 43: ‘template<class T, glm::qualifier Q> constexpr glm::mat<4, 2, T, Q> glm::operator*(const mat<3, 2, T, Q>&, const mat<4, 3, T, Q>&)’
  488 |         GLM_FUNC_QUALIFIER GLM_CONSTEXPR mat<4, 2, T, Q> operator*(mat<3, 2, T, Q> const& m1, mat<4, 3, T, Q> const& m2)
      |                                                          ^~~~~~~~
/usr/include/glm/detail/type_mat3x2.inl:488:58: note: template argument deduction/substitution failed:
/home/conner/Documents/GitHub/Project-Judas/tests/TerrainAuthoringTests.cpp:40:52: note:   ‘glm::vec<3, float, glm::packed_highp>’ is not derived from ‘const glm::mat<3, 2, T, Q>’
   40 |   auto close=p.ClosestPoint(worldPoint+worldNormal*2,4);Check(close.hit&&std::abs(close.distance-2)<.005&&glm::length(close.point-worldPoint)<.005,"closest point uses true finite ramp");
      |                                                    ^
/usr/include/glm/detail/type_mat3x3.inl:450:58: note: candidate 44: ‘template<class T, glm::qualifier Q> constexpr glm::mat<3, 3, T, Q> glm::operator*(const mat<3, 3, T, Q>&, T)’
  450 |         GLM_FUNC_QUALIFIER GLM_CONSTEXPR mat<3, 3, T, Q> operator*(mat<3, 3, T, Q> const& m, T scalar)
      |                                                          ^~~~~~~~
/usr/include/glm/detail/type_mat3x3.inl:450:58: note: template argument deduction/substitution failed:
/home/conner/Documents/GitHub/Project-Judas/tests/TerrainAuthoringTests.cpp:40:52: note:   ‘glm::vec<3, float, glm::packed_highp>’ is not derived from ‘const glm::mat<3, 3, T, Q>’
   40 |   auto close=p.ClosestPoint(worldPoint+worldNormal*2,4);Check(close.hit&&std::abs(close.distance-2)<.005&&glm::length(close.point-worldPoint)<.005,"closest point uses true finite ramp");
      |                                                    ^
/usr/include/glm/detail/type_mat3x3.inl:459:58: note: candidate 45: ‘template<class T, glm::qualifier Q> constexpr glm::mat<3, 3, T, Q> glm::operator*(T, const mat<3, 3, T, Q>&)’
  459 |         GLM_FUNC_QUALIFIER GLM_CONSTEXPR mat<3, 3, T, Q> operator*(T scalar, mat<3, 3, T, Q> const& m)
      |                                                          ^~~~~~~~
/usr/include/glm/detail/type_mat3x3.inl:459:58: note: template argument deduction/substitution failed:
/home/conner/Documents/GitHub/Project-Judas/tests/TerrainAuthoringTests.cpp:40:52: note:   mismatched types ‘const glm::mat<3, 3, T, Q>’ and ‘int’
   40 |   auto close=p.ClosestPoint(worldPoint+worldNormal*2,4);Check(close.hit&&std::abs(close.distance-2)<.005&&glm::length(close.point-worldPoint)<.005,"closest point uses true finite ramp");
      |                                                    ^
/usr/include/glm/detail/type_mat3x3.inl:468:77: note: candidate 46: ‘template<class T, glm::qualifier Q> constexpr typename glm::mat<3, 3, T, Q>::col_type glm::operator*(const mat<3, 3, T, Q>&, const typename mat<3, 3, T, Q>::row_type&)’
  468 |         GLM_FUNC_QUALIFIER GLM_CONSTEXPR typename mat<3, 3, T, Q>::col_type operator*(mat<3, 3, T, Q> const& m, typename mat<3, 3, T, Q>::row_type const& v)
      |                                                                             ^~~~~~~~
/usr/include/glm/detail/type_mat3x3.inl:468:77: note: template argument deduction/substitution failed:
/home/conner/Documents/GitHub/Project-Judas/tests/TerrainAuthoringTests.cpp:40:52: note:   ‘glm::vec<3, float, glm::packed_highp>’ is not derived from ‘const glm::mat<3, 3, T, Q>’
   40 |   auto close=p.ClosestPoint(worldPoint+worldNormal*2,4);Check(close.hit&&std::abs(close.distance-2)<.005&&glm::length(close.point-worldPoint)<.005,"closest point uses true finite ramp");
      |                                                    ^
/usr/include/glm/detail/type_mat3x3.inl:477:77: note: candidate 47: ‘template<class T, glm::qualifier Q> constexpr typename glm::mat<3, 3, T, Q>::row_type glm::operator*(const typename mat<3, 3, T, Q>::col_type&, const mat<3, 3, T, Q>&)’
  477 |         GLM_FUNC_QUALIFIER GLM_CONSTEXPR typename mat<3, 3, T, Q>::row_type operator*(typename mat<3, 3, T, Q>::col_type const& v, mat<3, 3, T, Q> const& m)
      |                                                                             ^~~~~~~~
/usr/include/glm/detail/type_mat3x3.inl:477:77: note: template argument deduction/substitution failed:
/home/conner/Documents/GitHub/Project-Judas/tests/TerrainAuthoringTests.cpp:40:52: note:   mismatched types ‘const glm::mat<3, 3, T, Q>’ and ‘int’
   40 |   auto close=p.ClosestPoint(worldPoint+worldNormal*2,4);Check(close.hit&&std::abs(close.distance-2)<.005&&glm::length(close.point-worldPoint)<.005,"closest point uses true finite ramp");
      |                                                    ^
/usr/include/glm/detail/type_mat3x3.inl:486:58: note: candidate 48: ‘template<class T, glm::qualifier Q> constexpr glm::mat<3, 3, T, Q> glm::operator*(const mat<3, 3, T, Q>&, const mat<3, 3, T, Q>&)’
  486 |         GLM_FUNC_QUALIFIER GLM_CONSTEXPR mat<3, 3, T, Q> operator*(mat<3, 3, T, Q> const& m1, mat<3, 3, T, Q> const& m2)
      |                                                          ^~~~~~~~
/usr/include/glm/detail/type_mat3x3.inl:486:58: note: template argument deduction/substitution failed:
/home/conner/Documents/GitHub/Project-Judas/tests/TerrainAuthoringTests.cpp:40:52: note:   ‘glm::vec<3, float, glm::packed_highp>’ is not derived from ‘const glm::mat<3, 3, T, Q>’
   40 |   auto close=p.ClosestPoint(worldPoint+worldNormal*2,4);Check(close.hit&&std::abs(close.distance-2)<.005&&glm::length(close.point-worldPoint)<.005,"closest point uses true finite ramp");
      |                                                    ^
/usr/include/glm/detail/type_mat3x3.inl:522:58: note: candidate 49: ‘template<class T, glm::qualifier Q> constexpr glm::mat<2, 3, T, Q> glm::operator*(const mat<3, 3, T, Q>&, const mat<2, 3, T, Q>&)’
  522 |         GLM_FUNC_QUALIFIER GLM_CONSTEXPR mat<2, 3, T, Q> operator*(mat<3, 3, T, Q> const& m1, mat<2, 3, T, Q> const& m2)
      |                                                          ^~~~~~~~
/usr/include/glm/detail/type_mat3x3.inl:522:58: note: template argument deduction/substitution failed:
/home/conner/Documents/GitHub/Project-Judas/tests/TerrainAuthoringTests.cpp:40:52: note:   ‘glm::vec<3, float, glm::packed_highp>’ is not derived from ‘const glm::mat<3, 3, T, Q>’
   40 |   auto close=p.ClosestPoint(worldPoint+worldNormal*2,4);Check(close.hit&&std::abs(close.distance-2)<.005&&glm::length(close.point-worldPoint)<.005,"closest point uses true finite ramp");
      |                                                    ^
/usr/include/glm/detail/type_mat3x3.inl:534:58: note: candidate 50: ‘template<class T, glm::qualifier Q> constexpr glm::mat<4, 3, T, Q> glm::operator*(const mat<3, 3, T, Q>&, const mat<4, 3, T, Q>&)’
  534 |         GLM_FUNC_QUALIFIER GLM_CONSTEXPR mat<4, 3, T, Q> operator*(mat<3, 3, T, Q> const& m1, mat<4, 3, T, Q> const& m2)
      |                                                          ^~~~~~~~
/usr/include/glm/detail/type_mat3x3.inl:534:58: note: template argument deduction/substitution failed:
/home/conner/Documents/GitHub/Project-Judas/tests/TerrainAuthoringTests.cpp:40:52: note:   ‘glm::vec<3, float, glm::packed_highp>’ is not derived from ‘const glm::mat<3, 3, T, Q>’
   40 |   auto close=p.ClosestPoint(worldPoint+worldNormal*2,4);Check(close.hit&&std::abs(close.distance-2)<.005&&glm::length(close.point-worldPoint)<.005,"closest point uses true finite ramp");
      |                                                    ^
/usr/include/glm/detail/type_mat3x4.inl:422:58: note: candidate 51: ‘template<class T, glm::qualifier Q> constexpr glm::mat<3, 4, T, Q> glm::operator*(const mat<3, 4, T, Q>&, T)’
  422 |         GLM_FUNC_QUALIFIER GLM_CONSTEXPR mat<3, 4, T, Q> operator*(mat<3, 4, T, Q> const& m, T scalar)
      |                                                          ^~~~~~~~
/usr/include/glm/detail/type_mat3x4.inl:422:58: note: template argument deduction/substitution failed:
/home/conner/Documents/GitHub/Project-Judas/tests/TerrainAuthoringTests.cpp:40:52: note:   ‘glm::vec<3, float, glm::packed_highp>’ is not derived from ‘const glm::mat<3, 4, T, Q>’
   40 |   auto close=p.ClosestPoint(worldPoint+worldNormal*2,4);Check(close.hit&&std::abs(close.distance-2)<.005&&glm::length(close.point-worldPoint)<.005,"closest point uses true finite ramp");
      |                                                    ^
/usr/include/glm/detail/type_mat3x4.inl:431:58: note: candidate 52: ‘template<class T, glm::qualifier Q> constexpr glm::mat<3, 4, T, Q> glm::operator*(T, const mat<3, 4, T, Q>&)’
  431 |         GLM_FUNC_QUALIFIER GLM_CONSTEXPR mat<3, 4, T, Q> operator*(T scalar, mat<3, 4, T, Q> const& m)
      |                                                          ^~~~~~~~
/usr/include/glm/detail/type_mat3x4.inl:431:58: note: template argument deduction/substitution failed:
/home/conner/Documents/GitHub/Project-Judas/tests/TerrainAuthoringTests.cpp:40:52: note:   mismatched types ‘const glm::mat<3, 4, T, Q>’ and ‘int’
   40 |   auto close=p.ClosestPoint(worldPoint+worldNormal*2,4);Check(close.hit&&std::abs(close.distance-2)<.005&&glm::length(close.point-worldPoint)<.005,"closest point uses true finite ramp");
      |                                                    ^
/usr/include/glm/detail/type_mat3x4.inl:440:77: note: candidate 53: ‘template<class T, glm::qualifier Q> constexpr typename glm::mat<3, 4, T, Q>::col_type glm::operator*(const mat<3, 4, T, Q>&, const typename mat<3, 4, T, Q>::row_type&)’
  440 |         GLM_FUNC_QUALIFIER GLM_CONSTEXPR typename mat<3, 4, T, Q>::col_type operator*
      |                                                                             ^~~~~~~~
/usr/include/glm/detail/type_mat3x4.inl:440:77: note: template argument deduction/substitution failed:
/home/conner/Documents/GitHub/Project-Judas/tests/TerrainAuthoringTests.cpp:40:52: note:   ‘glm::vec<3, float, glm::packed_highp>’ is not derived from ‘const glm::mat<3, 4, T, Q>’
   40 |   auto close=p.ClosestPoint(worldPoint+worldNormal*2,4);Check(close.hit&&std::abs(close.distance-2)<.005&&glm::length(close.point-worldPoint)<.005,"closest point uses true finite ramp");
      |                                                    ^
/usr/include/glm/detail/type_mat3x4.inl:454:77: note: candidate 54: ‘template<class T, glm::qualifier Q> constexpr typename glm::mat<3, 4, T, Q>::row_type glm::operator*(const typename mat<3, 4, T, Q>::col_type&, const mat<3, 4, T, Q>&)’
  454 |         GLM_FUNC_QUALIFIER GLM_CONSTEXPR typename mat<3, 4, T, Q>::row_type operator*
      |                                                                             ^~~~~~~~
/usr/include/glm/detail/type_mat3x4.inl:454:77: note: template argument deduction/substitution failed:
/home/conner/Documents/GitHub/Project-Judas/tests/TerrainAuthoringTests.cpp:40:52: note:   mismatched types ‘const glm::mat<3, 4, T, Q>’ and ‘int’
   40 |   auto close=p.ClosestPoint(worldPoint+worldNormal*2,4);Check(close.hit&&std::abs(close.distance-2)<.005&&glm::length(close.point-worldPoint)<.005,"closest point uses true finite ramp");
      |                                                    ^
/usr/include/glm/detail/type_mat3x4.inl:467:58: note: candidate 55: ‘template<class T, glm::qualifier Q> constexpr glm::mat<4, 4, T, Q> glm::operator*(const mat<3, 4, T, Q>&, const mat<4, 3, T, Q>&)’
  467 |         GLM_FUNC_QUALIFIER GLM_CONSTEXPR mat<4, 4, T, Q> operator*(mat<3, 4, T, Q> const& m1, mat<4, 3, T, Q> const& m2)
      |                                                          ^~~~~~~~
/usr/include/glm/detail/type_mat3x4.inl:467:58: note: template argument deduction/substitution failed:
/home/conner/Documents/GitHub/Project-Judas/tests/TerrainAuthoringTests.cpp:40:52: note:   ‘glm::vec<3, float, glm::packed_highp>’ is not derived from ‘const glm::mat<3, 4, T, Q>’
   40 |   auto close=p.ClosestPoint(worldPoint+worldNormal*2,4);Check(close.hit&&std::abs(close.distance-2)<.005&&glm::length(close.point-worldPoint)<.005,"closest point uses true finite ramp");
      |                                                    ^
/usr/include/glm/detail/type_mat3x4.inl:516:58: note: candidate 56: ‘template<class T, glm::qualifier Q> constexpr glm::mat<2, 4, T, Q> glm::operator*(const mat<3, 4, T, Q>&, const mat<2, 3, T, Q>&)’
  516 |         GLM_FUNC_QUALIFIER GLM_CONSTEXPR mat<2, 4, T, Q> operator*(mat<3, 4, T, Q> const& m1, mat<2, 3, T, Q> const& m2)
      |                                                          ^~~~~~~~
/usr/include/glm/detail/type_mat3x4.inl:516:58: note: template argument deduction/substitution failed:
/home/conner/Documents/GitHub/Project-Judas/tests/TerrainAuthoringTests.cpp:40:52: note:   ‘glm::vec<3, float, glm::packed_highp>’ is not derived from ‘const glm::mat<3, 4, T, Q>’
   40 |   auto close=p.ClosestPoint(worldPoint+worldNormal*2,4);Check(close.hit&&std::abs(close.distance-2)<.005&&glm::length(close.point-worldPoint)<.005,"closest point uses true finite ramp");
      |                                                    ^
/usr/include/glm/detail/type_mat3x4.inl:530:58: note: candidate 57: ‘template<class T, glm::qualifier Q> constexpr glm::mat<3, 4, T, Q> glm::operator*(const mat<3, 4, T, Q>&, const mat<3, 3, T, Q>&)’
  530 |         GLM_FUNC_QUALIFIER GLM_CONSTEXPR mat<3, 4, T, Q> operator*(mat<3, 4, T, Q> const& m1, mat<3, 3, T, Q> const& m2)
      |                                                          ^~~~~~~~
/usr/include/glm/detail/type_mat3x4.inl:530:58: note: template argument deduction/substitution failed:
/home/conner/Documents/GitHub/Project-Judas/tests/TerrainAuthoringTests.cpp:40:52: note:   ‘glm::vec<3, float, glm::packed_highp>’ is not derived from ‘const glm::mat<3, 4, T, Q>’
   40 |   auto close=p.ClosestPoint(worldPoint+worldNormal*2,4);Check(close.hit&&std::abs(close.distance-2)<.005&&glm::length(close.point-worldPoint)<.005,"closest point uses true finite ramp");
      |                                                    ^
/usr/include/glm/detail/type_mat4x2.inl:449:58: note: candidate 58: ‘template<class T, glm::qualifier Q> constexpr glm::mat<4, 2, T, Q> glm::operator*(const mat<4, 2, T, Q>&, T)’
  449 |         GLM_FUNC_QUALIFIER GLM_CONSTEXPR mat<4, 2, T, Q> operator*(mat<4, 2, T, Q> const& m, T scalar)
      |                                                          ^~~~~~~~
/usr/include/glm/detail/type_mat4x2.inl:449:58: note: template argument deduction/substitution failed:
/home/conner/Documents/GitHub/Project-Judas/tests/TerrainAuthoringTests.cpp:40:52: note:   ‘glm::vec<3, float, glm::packed_highp>’ is not derived from ‘const glm::mat<4, 2, T, Q>’
   40 |   auto close=p.ClosestPoint(worldPoint+worldNormal*2,4);Check(close.hit&&std::abs(close.distance-2)<.005&&glm::length(close.point-worldPoint)<.005,"closest point uses true finite ramp");
      |                                                    ^
/usr/include/glm/detail/type_mat4x2.inl:459:58: note: candidate 59: ‘template<class T, glm::qualifier Q> constexpr glm::mat<4, 2, T, Q> glm::operator*(T, const mat<4, 2, T, Q>&)’
  459 |         GLM_FUNC_QUALIFIER GLM_CONSTEXPR mat<4, 2, T, Q> operator*(T scalar, mat<4, 2, T, Q> const& m)
      |                                                          ^~~~~~~~
/usr/include/glm/detail/type_mat4x2.inl:459:58: note: template argument deduction/substitution failed:
/home/conner/Documents/GitHub/Project-Judas/tests/TerrainAuthoringTests.cpp:40:52: note:   mismatched types ‘const glm::mat<4, 2, T, Q>’ and ‘int’
   40 |   auto close=p.ClosestPoint(worldPoint+worldNormal*2,4);Check(close.hit&&std::abs(close.distance-2)<.005&&glm::length(close.point-worldPoint)<.005,"closest point uses true finite ramp");
      |                                                    ^
/usr/include/glm/detail/type_mat4x2.inl:469:77: note: candidate 60: ‘template<class T, glm::qualifier Q> constexpr typename glm::mat<4, 2, T, Q>::col_type glm::operator*(const mat<4, 2, T, Q>&, const typename mat<4, 2, T, Q>::row_type&)’
  469 |         GLM_FUNC_QUALIFIER GLM_CONSTEXPR typename mat<4, 2, T, Q>::col_type operator*(mat<4, 2, T, Q> const& m, typename mat<4, 2, T, Q>::row_type const& v)
      |                                                                             ^~~~~~~~
/usr/include/glm/detail/type_mat4x2.inl:469:77: note: template argument deduction/substitution failed:
/home/conner/Documents/GitHub/Project-Judas/tests/TerrainAuthoringTests.cpp:40:52: note:   ‘glm::vec<3, float, glm::packed_highp>’ is not derived from ‘const glm::mat<4, 2, T, Q>’
   40 |   auto close=p.ClosestPoint(worldPoint+worldNormal*2,4);Check(close.hit&&std::abs(close.distance-2)<.005&&glm::length(close.point-worldPoint)<.005,"closest point uses true finite ramp");
      |                                                    ^
/usr/include/glm/detail/type_mat4x2.inl:477:77: note: candidate 61: ‘template<class T, glm::qualifier Q> constexpr typename glm::mat<4, 2, T, Q>::row_type glm::operator*(const typename mat<4, 2, T, Q>::col_type&, const mat<4, 2, T, Q>&)’
  477 |         GLM_FUNC_QUALIFIER GLM_CONSTEXPR typename mat<4, 2, T, Q>::row_type operator*(typename mat<4, 2, T, Q>::col_type const& v, mat<4, 2, T, Q> const& m)
      |                                                                             ^~~~~~~~
/usr/include/glm/detail/type_mat4x2.inl:477:77: note: template argument deduction/substitution failed:
/home/conner/Documents/GitHub/Project-Judas/tests/TerrainAuthoringTests.cpp:40:52: note:   mismatched types ‘const glm::mat<4, 2, T, Q>’ and ‘int’
   40 |   auto close=p.ClosestPoint(worldPoint+worldNormal*2,4);Check(close.hit&&std::abs(close.distance-2)<.005&&glm::length(close.point-worldPoint)<.005,"closest point uses true finite ramp");
      |                                                    ^
/usr/include/glm/detail/type_mat4x2.inl:487:58: note: candidate 62: ‘template<class T, glm::qualifier Q> constexpr glm::mat<2, 2, T, Q> glm::operator*(const mat<4, 2, T, Q>&, const mat<2, 4, T, Q>&)’
  487 |         GLM_FUNC_QUALIFIER GLM_CONSTEXPR mat<2, 2, T, Q> operator*(mat<4, 2, T, Q> const& m1, mat<2, 4, T, Q> const& m2)
      |                                                          ^~~~~~~~
/usr/include/glm/detail/type_mat4x2.inl:487:58: note: template argument deduction/substitution failed:
/home/conner/Documents/GitHub/Project-Judas/tests/TerrainAuthoringTests.cpp:40:52: note:   ‘glm::vec<3, float, glm::packed_highp>’ is not derived from ‘const glm::mat<4, 2, T, Q>’
   40 |   auto close=p.ClosestPoint(worldPoint+worldNormal*2,4);Check(close.hit&&std::abs(close.distance-2)<.005&&glm::length(close.point-worldPoint)<.005,"closest point uses true finite ramp");
      |                                                    ^
/usr/include/glm/detail/type_mat4x2.inl:516:58: note: candidate 63: ‘template<class T, glm::qualifier Q> constexpr glm::mat<3, 2, T, Q> glm::operator*(const mat<4, 2, T, Q>&, const mat<3, 4, T, Q>&)’
  516 |         GLM_FUNC_QUALIFIER GLM_CONSTEXPR mat<3, 2, T, Q> operator*(mat<4, 2, T, Q> const& m1, mat<3, 4, T, Q> const& m2)
      |                                                          ^~~~~~~~
/usr/include/glm/detail/type_mat4x2.inl:516:58: note: template argument deduction/substitution failed:
/home/conner/Documents/GitHub/Project-Judas/tests/TerrainAuthoringTests.cpp:40:52: note:   ‘glm::vec<3, float, glm::packed_highp>’ is not derived from ‘const glm::mat<4, 2, T, Q>’
   40 |   auto close=p.ClosestPoint(worldPoint+worldNormal*2,4);Check(close.hit&&std::abs(close.distance-2)<.005&&glm::length(close.point-worldPoint)<.005,"closest point uses true finite ramp");
      |                                                    ^
/usr/include/glm/detail/type_mat4x2.inl:528:58: note: candidate 64: ‘template<class T, glm::qualifier Q> constexpr glm::mat<4, 2, T, Q> glm::operator*(const mat<4, 2, T, Q>&, const mat<4, 4, T, Q>&)’
  528 |         GLM_FUNC_QUALIFIER GLM_CONSTEXPR mat<4, 2, T, Q> operator*(mat<4, 2, T, Q> const& m1, mat<4, 4, T, Q> const& m2)
      |                                                          ^~~~~~~~
/usr/include/glm/detail/type_mat4x2.inl:528:58: note: template argument deduction/substitution failed:
/home/conner/Documents/GitHub/Project-Judas/tests/TerrainAuthoringTests.cpp:40:52: note:   ‘glm::vec<3, float, glm::packed_highp>’ is not derived from ‘const glm::mat<4, 2, T, Q>’
   40 |   auto close=p.ClosestPoint(worldPoint+worldNormal*2,4);Check(close.hit&&std::abs(close.distance-2)<.005&&glm::length(close.point-worldPoint)<.005,"closest point uses true finite ramp");
      |                                                    ^
/usr/include/glm/detail/type_mat4x3.inl:449:58: note: candidate 65: ‘template<class T, glm::qualifier Q> constexpr glm::mat<4, 3, T, Q> glm::operator*(const mat<4, 3, T, Q>&, T)’
  449 |         GLM_FUNC_QUALIFIER GLM_CONSTEXPR mat<4, 3, T, Q> operator*(mat<4, 3, T, Q> const& m, T scalar)
      |                                                          ^~~~~~~~
/usr/include/glm/detail/type_mat4x3.inl:449:58: note: template argument deduction/substitution failed:
/home/conner/Documents/GitHub/Project-Judas/tests/TerrainAuthoringTests.cpp:40:52: note:   ‘glm::vec<3, float, glm::packed_highp>’ is not derived from ‘const glm::mat<4, 3, T, Q>’
   40 |   auto close=p.ClosestPoint(worldPoint+worldNormal*2,4);Check(close.hit&&std::abs(close.distance-2)<.005&&glm::length(close.point-worldPoint)<.005,"closest point uses true finite ramp");
      |                                                    ^
/usr/include/glm/detail/type_mat4x3.inl:459:58: note: candidate 66: ‘template<class T, glm::qualifier Q> constexpr glm::mat<4, 3, T, Q> glm::operator*(T, const mat<4, 3, T, Q>&)’
  459 |         GLM_FUNC_QUALIFIER GLM_CONSTEXPR mat<4, 3, T, Q> operator*(T scalar, mat<4, 3, T, Q> const& m)
      |                                                          ^~~~~~~~
/usr/include/glm/detail/type_mat4x3.inl:459:58: note: template argument deduction/substitution failed:
/home/conner/Documents/GitHub/Project-Judas/tests/TerrainAuthoringTests.cpp:40:52: note:   mismatched types ‘const glm::mat<4, 3, T, Q>’ and ‘int’
   40 |   auto close=p.ClosestPoint(worldPoint+worldNormal*2,4);Check(close.hit&&std::abs(close.distance-2)<.005&&glm::length(close.point-worldPoint)<.005,"closest point uses true finite ramp");
      |                                                    ^
/usr/include/glm/detail/type_mat4x3.inl:469:77: note: candidate 67: ‘template<class T, glm::qualifier Q> constexpr typename glm::mat<4, 3, T, Q>::col_type glm::operator*(const mat<4, 3, T, Q>&, const typename mat<4, 3, T, Q>::row_type&)’
  469 |         GLM_FUNC_QUALIFIER GLM_CONSTEXPR typename mat<4, 3, T, Q>::col_type operator*
      |                                                                             ^~~~~~~~
/usr/include/glm/detail/type_mat4x3.inl:469:77: note: template argument deduction/substitution failed:
/home/conner/Documents/GitHub/Project-Judas/tests/TerrainAuthoringTests.cpp:40:52: note:   ‘glm::vec<3, float, glm::packed_highp>’ is not derived from ‘const glm::mat<4, 3, T, Q>’
   40 |   auto close=p.ClosestPoint(worldPoint+worldNormal*2,4);Check(close.hit&&std::abs(close.distance-2)<.005&&glm::length(close.point-worldPoint)<.005,"closest point uses true finite ramp");
      |                                                    ^
/usr/include/glm/detail/type_mat4x3.inl:481:77: note: candidate 68: ‘template<class T, glm::qualifier Q> constexpr typename glm::mat<4, 3, T, Q>::row_type glm::operator*(const typename mat<4, 3, T, Q>::col_type&, const mat<4, 3, T, Q>&)’
  481 |         GLM_FUNC_QUALIFIER GLM_CONSTEXPR typename mat<4, 3, T, Q>::row_type operator*
      |                                                                             ^~~~~~~~
/usr/include/glm/detail/type_mat4x3.inl:481:77: note: template argument deduction/substitution failed:
/home/conner/Documents/GitHub/Project-Judas/tests/TerrainAuthoringTests.cpp:40:52: note:   mismatched types ‘const glm::mat<4, 3, T, Q>’ and ‘int’
   40 |   auto close=p.ClosestPoint(worldPoint+worldNormal*2,4);Check(close.hit&&std::abs(close.distance-2)<.005&&glm::length(close.point-worldPoint)<.005,"closest point uses true finite ramp");
      |                                                    ^
/usr/include/glm/detail/type_mat4x3.inl:494:58: note: candidate 69: ‘template<class T, glm::qualifier Q> constexpr glm::mat<2, 3, T, Q> glm::operator*(const mat<4, 3, T, Q>&, const mat<2, 4, T, Q>&)’
  494 |         GLM_FUNC_QUALIFIER GLM_CONSTEXPR mat<2, 3, T, Q> operator*(mat<4, 3, T, Q> const& m1, mat<2, 4, T, Q> const& m2)
      |                                                          ^~~~~~~~
/usr/include/glm/detail/type_mat4x3.inl:494:58: note: template argument deduction/substitution failed:
/home/conner/Documents/GitHub/Project-Judas/tests/TerrainAuthoringTests.cpp:40:52: note:   ‘glm::vec<3, float, glm::packed_highp>’ is not derived from ‘const glm::mat<4, 3, T, Q>’
   40 |   auto close=p.ClosestPoint(worldPoint+worldNormal*2,4);Check(close.hit&&std::abs(close.distance-2)<.005&&glm::length(close.point-worldPoint)<.005,"closest point uses true finite ramp");
      |                                                    ^
/usr/include/glm/detail/type_mat4x3.inl:506:58: note: candidate 70: ‘template<class T, glm::qualifier Q> constexpr glm::mat<3, 3, T, Q> glm::operator*(const mat<4, 3, T, Q>&, const mat<3, 4, T, Q>&)’
  506 |         GLM_FUNC_QUALIFIER GLM_CONSTEXPR mat<3, 3, T, Q> operator*(mat<4, 3, T, Q> const& m1, mat<3, 4, T, Q> const& m2)
      |                                                          ^~~~~~~~
/usr/include/glm/detail/type_mat4x3.inl:506:58: note: template argument deduction/substitution failed:
/home/conner/Documents/GitHub/Project-Judas/tests/TerrainAuthoringTests.cpp:40:52: note:   ‘glm::vec<3, float, glm::packed_highp>’ is not derived from ‘const glm::mat<4, 3, T, Q>’
   40 |   auto close=p.ClosestPoint(worldPoint+worldNormal*2,4);Check(close.hit&&std::abs(close.distance-2)<.005&&glm::length(close.point-worldPoint)<.005,"closest point uses true finite ramp");
      |                                                    ^
/usr/include/glm/detail/type_mat4x3.inl:548:58: note: candidate 71: ‘template<class T, glm::qualifier Q> constexpr glm::mat<4, 3, T, Q> glm::operator*(const mat<4, 3, T, Q>&, const mat<4, 4, T, Q>&)’
  548 |         GLM_FUNC_QUALIFIER GLM_CONSTEXPR mat<4, 3, T, Q> operator*(mat<4, 3, T, Q> const& m1, mat<4, 4, T, Q> const& m2)
      |                                                          ^~~~~~~~
/usr/include/glm/detail/type_mat4x3.inl:548:58: note: template argument deduction/substitution failed:
/home/conner/Documents/GitHub/Project-Judas/tests/TerrainAuthoringTests.cpp:40:52: note:   ‘glm::vec<3, float, glm::packed_highp>’ is not derived from ‘const glm::mat<4, 3, T, Q>’
   40 |   auto close=p.ClosestPoint(worldPoint+worldNormal*2,4);Check(close.hit&&std::abs(close.distance-2)<.005&&glm::length(close.point-worldPoint)<.005,"closest point uses true finite ramp");
      |                                                    ^
/usr/include/glm/detail/type_mat4x4.inl:516:58: note: candidate 72: ‘template<class T, glm::qualifier Q> constexpr glm::mat<4, 4, T, Q> glm::operator*(const mat<4, 4, T, Q>&, T)’
  516 |         GLM_FUNC_QUALIFIER GLM_CONSTEXPR mat<4, 4, T, Q> operator*(mat<4, 4, T, Q> const& m, T scalar)
      |                                                          ^~~~~~~~
/usr/include/glm/detail/type_mat4x4.inl:516:58: note: template argument deduction/substitution failed:
/home/conner/Documents/GitHub/Project-Judas/tests/TerrainAuthoringTests.cpp:40:52: note:   ‘glm::vec<3, float, glm::packed_highp>’ is not derived from ‘const glm::mat<4, 4, T, Q>’
   40 |   auto close=p.ClosestPoint(worldPoint+worldNormal*2,4);Check(close.hit&&std::abs(close.distance-2)<.005&&glm::length(close.point-worldPoint)<.005,"closest point uses true finite ramp");
      |                                                    ^
/usr/include/glm/detail/type_mat4x4.inl:526:58: note: candidate 73: ‘template<class T, glm::qualifier Q> constexpr glm::mat<4, 4, T, Q> glm::operator*(T, const mat<4, 4, T, Q>&)’
  526 |         GLM_FUNC_QUALIFIER GLM_CONSTEXPR mat<4, 4, T, Q> operator*(T scalar, mat<4, 4, T, Q> const& m)
      |                                                          ^~~~~~~~
/usr/include/glm/detail/type_mat4x4.inl:526:58: note: template argument deduction/substitution failed:
/home/conner/Documents/GitHub/Project-Judas/tests/TerrainAuthoringTests.cpp:40:52: note:   mismatched types ‘const glm::mat<4, 4, T, Q>’ and ‘int’
   40 |   auto close=p.ClosestPoint(worldPoint+worldNormal*2,4);Check(close.hit&&std::abs(close.distance-2)<.005&&glm::length(close.point-worldPoint)<.005,"closest point uses true finite ramp");
      |                                                    ^
/usr/include/glm/detail/type_mat4x4.inl:536:77: note: candidate 74: ‘template<class T, glm::qualifier Q> constexpr typename glm::mat<4, 4, T, Q>::col_type glm::operator*(const mat<4, 4, T, Q>&, const typename mat<4, 4, T, Q>::row_type&)’
  536 |         GLM_FUNC_QUALIFIER GLM_CONSTEXPR typename mat<4, 4, T, Q>::col_type operator*
      |                                                                             ^~~~~~~~
/usr/include/glm/detail/type_mat4x4.inl:536:77: note: template argument deduction/substitution failed:
/home/conner/Documents/GitHub/Project-Judas/tests/TerrainAuthoringTests.cpp:40:52: note:   ‘glm::vec<3, float, glm::packed_highp>’ is not derived from ‘const glm::mat<4, 4, T, Q>’
   40 |   auto close=p.ClosestPoint(worldPoint+worldNormal*2,4);Check(close.hit&&std::abs(close.distance-2)<.005&&glm::length(close.point-worldPoint)<.005,"closest point uses true finite ramp");
      |                                                    ^
/usr/include/glm/detail/type_mat4x4.inl:584:77: note: candidate 75: ‘template<class T, glm::qualifier Q> constexpr typename glm::mat<4, 4, T, Q>::row_type glm::operator*(const typename mat<4, 4, T, Q>::col_type&, const mat<4, 4, T, Q>&)’
  584 |         GLM_FUNC_QUALIFIER GLM_CONSTEXPR typename mat<4, 4, T, Q>::row_type operator*
      |                                                                             ^~~~~~~~
/usr/include/glm/detail/type_mat4x4.inl:584:77: note: template argument deduction/substitution failed:
/home/conner/Documents/GitHub/Project-Judas/tests/TerrainAuthoringTests.cpp:40:52: note:   mismatched types ‘const glm::mat<4, 4, T, Q>’ and ‘int’
   40 |   auto close=p.ClosestPoint(worldPoint+worldNormal*2,4);Check(close.hit&&std::abs(close.distance-2)<.005&&glm::length(close.point-worldPoint)<.005,"closest point uses true finite ramp");
      |                                                    ^
/usr/include/glm/detail/type_mat4x4.inl:598:58: note: candidate 76: ‘template<class T, glm::qualifier Q> constexpr glm::mat<2, 4, T, Q> glm::operator*(const mat<4, 4, T, Q>&, const mat<2, 4, T, Q>&)’
  598 |         GLM_FUNC_QUALIFIER GLM_CONSTEXPR mat<2, 4, T, Q> operator*(mat<4, 4, T, Q> const& m1, mat<2, 4, T, Q> const& m2)
      |                                                          ^~~~~~~~
/usr/include/glm/detail/type_mat4x4.inl:598:58: note: template argument deduction/substitution failed:
/home/conner/Documents/GitHub/Project-Judas/tests/TerrainAuthoringTests.cpp:40:52: note:   ‘glm::vec<3, float, glm::packed_highp>’ is not derived from ‘const glm::mat<4, 4, T, Q>’
   40 |   auto close=p.ClosestPoint(worldPoint+worldNormal*2,4);Check(close.hit&&std::abs(close.distance-2)<.005&&glm::length(close.point-worldPoint)<.005,"closest point uses true finite ramp");
      |                                                    ^
/usr/include/glm/detail/type_mat4x4.inl:612:58: note: candidate 77: ‘template<class T, glm::qualifier Q> constexpr glm::mat<3, 4, T, Q> glm::operator*(const mat<4, 4, T, Q>&, const mat<3, 4, T, Q>&)’
  612 |         GLM_FUNC_QUALIFIER GLM_CONSTEXPR mat<3, 4, T, Q> operator*(mat<4, 4, T, Q> const& m1, mat<3, 4, T, Q> const& m2)
      |                                                          ^~~~~~~~
/usr/include/glm/detail/type_mat4x4.inl:612:58: note: template argument deduction/substitution failed:
/home/conner/Documents/GitHub/Project-Judas/tests/TerrainAuthoringTests.cpp:40:52: note:   ‘glm::vec<3, float, glm::packed_highp>’ is not derived from ‘const glm::mat<4, 4, T, Q>’
   40 |   auto close=p.ClosestPoint(worldPoint+worldNormal*2,4);Check(close.hit&&std::abs(close.distance-2)<.005&&glm::length(close.point-worldPoint)<.005,"closest point uses true finite ramp");
      |                                                    ^
/usr/include/glm/detail/type_mat4x4.inl:630:58: note: candidate 78: ‘template<class T, glm::qualifier Q> constexpr glm::mat<4, 4, T, Q> glm::operator*(const mat<4, 4, T, Q>&, const mat<4, 4, T, Q>&)’
  630 |         GLM_FUNC_QUALIFIER GLM_CONSTEXPR mat<4, 4, T, Q> operator*(mat<4, 4, T, Q> const& m1, mat<4, 4, T, Q> const& m2)
      |                                                          ^~~~~~~~
/usr/include/glm/detail/type_mat4x4.inl:630:58: note: template argument deduction/substitution failed:
/home/conner/Documents/GitHub/Project-Judas/tests/TerrainAuthoringTests.cpp:40:52: note:   ‘glm::vec<3, float, glm::packed_highp>’ is not derived from ‘const glm::mat<4, 4, T, Q>’
   40 |   auto close=p.ClosestPoint(worldPoint+worldNormal*2,4);Check(close.hit&&std::abs(close.distance-2)<.005&&glm::length(close.point-worldPoint)<.005,"closest point uses true finite ramp");
      |                                                    ^
/usr/include/glm/detail/type_vec1.inl:352:55: note: candidate 79: ‘template<class T, glm::qualifier Q> constexpr glm::vec<1, T, Q> glm::operator*(const vec<1, T, Q>&, T)’
  352 |         GLM_FUNC_QUALIFIER GLM_CONSTEXPR vec<1, T, Q> operator*(vec<1, T, Q> const& v, T scalar)
      |                                                       ^~~~~~~~
/usr/include/glm/detail/type_vec1.inl:352:55: note: template argument deduction/substitution failed:
/home/conner/Documents/GitHub/Project-Judas/tests/TerrainAuthoringTests.cpp:40:52: note:   template argument ‘3’ does not match ‘1’
   40 |   auto close=p.ClosestPoint(worldPoint+worldNormal*2,4);Check(close.hit&&std::abs(close.distance-2)<.005&&glm::length(close.point-worldPoint)<.005,"closest point uses true finite ramp");
      |                                                    ^
/usr/include/glm/detail/type_vec1.inl:359:55: note: candidate 80: ‘template<class T, glm::qualifier Q> constexpr glm::vec<1, T, Q> glm::operator*(T, const vec<1, T, Q>&)’
  359 |         GLM_FUNC_QUALIFIER GLM_CONSTEXPR vec<1, T, Q> operator*(T scalar, vec<1, T, Q> const& v)
      |                                                       ^~~~~~~~
/usr/include/glm/detail/type_vec1.inl:359:55: note: template argument deduction/substitution failed:
/home/conner/Documents/GitHub/Project-Judas/tests/TerrainAuthoringTests.cpp:40:52: note:   mismatched types ‘const glm::vec<1, T, Q>’ and ‘int’
   40 |   auto close=p.ClosestPoint(worldPoint+worldNormal*2,4);Check(close.hit&&std::abs(close.distance-2)<.005&&glm::length(close.point-worldPoint)<.005,"closest point uses true finite ramp");
      |                                                    ^
/usr/include/glm/detail/type_vec1.inl:366:55: note: candidate 81: ‘template<class T, glm::qualifier Q> constexpr glm::vec<1, T, Q> glm::operator*(const vec<1, T, Q>&, const vec<1, T, Q>&)’
  366 |         GLM_FUNC_QUALIFIER GLM_CONSTEXPR vec<1, T, Q> operator*(vec<1, T, Q> const& v1, vec<1, T, Q> const& v2)
      |                                                       ^~~~~~~~
/usr/include/glm/detail/type_vec1.inl:366:55: note: template argument deduction/substitution failed:
/home/conner/Documents/GitHub/Project-Judas/tests/TerrainAuthoringTests.cpp:40:52: note:   template argument ‘3’ does not match ‘1’
   40 |   auto close=p.ClosestPoint(worldPoint+worldNormal*2,4);Check(close.hit&&std::abs(close.distance-2)<.005&&glm::length(close.point-worldPoint)<.005,"closest point uses true finite ramp");
      |                                                    ^
/usr/include/glm/detail/type_quat.inl:353:52: note: candidate 82: ‘template<class T, glm::qualifier Q> constexpr glm::qua<T, Q> glm::operator*(const qua<T, Q>&, const qua<T, Q>&)’
  353 |         GLM_FUNC_QUALIFIER GLM_CONSTEXPR qua<T, Q> operator*(qua<T, Q> const& q, qua<T, Q> const& p)
      |                                                    ^~~~~~~~
/usr/include/glm/detail/type_quat.inl:353:52: note: template argument deduction/substitution failed:
/home/conner/Documents/GitHub/Project-Judas/tests/TerrainAuthoringTests.cpp:40:52: note:   ‘glm::vec<3, float, glm::packed_highp>’ is not derived from ‘const glm::qua<T, Q>’
   40 |   auto close=p.ClosestPoint(worldPoint+worldNormal*2,4);Check(close.hit&&std::abs(close.distance-2)<.005&&glm::length(close.point-worldPoint)<.005,"closest point uses true finite ramp");
      |                                                    ^
/usr/include/glm/detail/type_quat.inl:359:55: note: candidate 83: ‘template<class T, glm::qualifier Q> constexpr glm::vec<3, T, Q> glm::operator*(const qua<T, Q>&, const vec<3, T, Q>&)’
  359 |         GLM_FUNC_QUALIFIER GLM_CONSTEXPR vec<3, T, Q> operator*(qua<T, Q> const& q, vec<3, T, Q> const& v)
      |                                                       ^~~~~~~~
/usr/include/glm/detail/type_quat.inl:359:55: note: template argument deduction/substitution failed:
/home/conner/Documents/GitHub/Project-Judas/tests/TerrainAuthoringTests.cpp:40:52: note:   ‘glm::vec<3, float, glm::packed_highp>’ is not derived from ‘const glm::qua<T, Q>’
   40 |   auto close=p.ClosestPoint(worldPoint+worldNormal*2,4);Check(close.hit&&std::abs(close.distance-2)<.005&&glm::length(close.point-worldPoint)<.005,"closest point uses true finite ramp");
      |                                                    ^
/usr/include/glm/detail/type_quat.inl:369:55: note: candidate 84: ‘template<class T, glm::qualifier Q> constexpr glm::vec<3, T, Q> glm::operator*(const vec<3, T, Q>&, const qua<T, Q>&)’
  369 |         GLM_FUNC_QUALIFIER GLM_CONSTEXPR vec<3, T, Q> operator*(vec<3, T, Q> const& v, qua<T, Q> const& q)
      |                                                       ^~~~~~~~
/usr/include/glm/detail/type_quat.inl:369:55: note: template argument deduction/substitution failed:
/home/conner/Documents/GitHub/Project-Judas/tests/TerrainAuthoringTests.cpp:40:52: note:   mismatched types ‘const glm::qua<T, Q>’ and ‘int’
   40 |   auto close=p.ClosestPoint(worldPoint+worldNormal*2,4);Check(close.hit&&std::abs(close.distance-2)<.005&&glm::length(close.point-worldPoint)<.005,"closest point uses true finite ramp");
      |                                                    ^
/usr/include/glm/detail/type_quat.inl:375:55: note: candidate 85: ‘template<class T, glm::qualifier Q> constexpr glm::vec<4, T, Q> glm::operator*(const qua<T, Q>&, const vec<4, T, Q>&)’
  375 |         GLM_FUNC_QUALIFIER GLM_CONSTEXPR vec<4, T, Q> operator*(qua<T, Q> const& q, vec<4, T, Q> const& v)
      |                                                       ^~~~~~~~
/usr/include/glm/detail/type_quat.inl:375:55: note: template argument deduction/substitution failed:
/home/conner/Documents/GitHub/Project-Judas/tests/TerrainAuthoringTests.cpp:40:52: note:   ‘glm::vec<3, float, glm::packed_highp>’ is not derived from ‘const glm::qua<T, Q>’
   40 |   auto close=p.ClosestPoint(worldPoint+worldNormal*2,4);Check(close.hit&&std::abs(close.distance-2)<.005&&glm::length(close.point-worldPoint)<.005,"closest point uses true finite ramp");
      |                                                    ^
/usr/include/glm/detail/type_quat.inl:381:55: note: candidate 86: ‘template<class T, glm::qualifier Q> constexpr glm::vec<4, T, Q> glm::operator*(const vec<4, T, Q>&, const qua<T, Q>&)’
  381 |         GLM_FUNC_QUALIFIER GLM_CONSTEXPR vec<4, T, Q> operator*(vec<4, T, Q> const& v, qua<T, Q> const& q)
      |                                                       ^~~~~~~~
/usr/include/glm/detail/type_quat.inl:381:55: note: template argument deduction/substitution failed:
/home/conner/Documents/GitHub/Project-Judas/tests/TerrainAuthoringTests.cpp:40:52: note:   template argument ‘3’ does not match ‘4’
   40 |   auto close=p.ClosestPoint(worldPoint+worldNormal*2,4);Check(close.hit&&std::abs(close.distance-2)<.005&&glm::length(close.point-worldPoint)<.005,"closest point uses true finite ramp");
      |                                                    ^
/usr/include/glm/detail/type_quat.inl:387:52: note: candidate 87: ‘template<class T, glm::qualifier Q> constexpr glm::qua<T, Q> glm::operator*(const qua<T, Q>&, const T&)’
  387 |         GLM_FUNC_QUALIFIER GLM_CONSTEXPR qua<T, Q> operator*(qua<T, Q> const& q, T const& s)
      |                                                    ^~~~~~~~
/usr/include/glm/detail/type_quat.inl:387:52: note: template argument deduction/substitution failed:
/home/conner/Documents/GitHub/Project-Judas/tests/TerrainAuthoringTests.cpp:40:52: note:   ‘glm::vec<3, float, glm::packed_highp>’ is not derived from ‘const glm::qua<T, Q>’
   40 |   auto close=p.ClosestPoint(worldPoint+worldNormal*2,4);Check(close.hit&&std::abs(close.distance-2)<.005&&glm::length(close.point-worldPoint)<.005,"closest point uses true finite ramp");
      |                                                    ^
/usr/include/glm/detail/type_quat.inl:394:52: note: candidate 88: ‘template<class T, glm::qualifier Q> constexpr glm::qua<T, Q> glm::operator*(const T&, const qua<T, Q>&)’
  394 |         GLM_FUNC_QUALIFIER GLM_CONSTEXPR qua<T, Q> operator*(T const& s, qua<T, Q> const& q)
      |                                                    ^~~~~~~~
/usr/include/glm/detail/type_quat.inl:394:52: note: template argument deduction/substitution failed:
/home/conner/Documents/GitHub/Project-Judas/tests/TerrainAuthoringTests.cpp:40:52: note:   mismatched types ‘const glm::qua<T, Q>’ and ‘int’
   40 |   auto close=p.ClosestPoint(worldPoint+worldNormal*2,4);Check(close.hit&&std::abs(close.distance-2)<.005&&glm::length(close.point-worldPoint)<.005,"closest point uses true finite ramp");
      |                                                    ^
gmake[3]: *** [CMakeFiles/judas_terrain_authoring_tests.dir/build.make:79: CMakeFiles/judas_terrain_authoring_tests.dir/tests/TerrainAuthoringTests.cpp.o] Error 1
gmake[2]: *** [CMakeFiles/Makefile2:9507: CMakeFiles/judas_terrain_authoring_tests.dir/all] Error 2
gmake[1]: *** [CMakeFiles/Makefile2:9514: CMakeFiles/judas_terrain_authoring_tests.dir/rule] Error 2
gmake: *** [Makefile:2984: judas_terrain_authoring_tests] Error 2
