id	path	sample	px	py	pz	intended_x	intended_y	intended_z	expected_x	expected_y	expected_z	observed_x	observed_y	observed_z	tolerance_x	tolerance_y	tolerance_z	magnitude_expected	magnitude_observed
identity_default_q_near	original	0	0	0	0	0	-9.81000000000000000038	-0	0	-9.81000041961669921875	-0	0	-9.81000041961669921875	0	1.12103877145985365674e-44	3.74223245313309881206e-05	1.12103877145985365674e-44	9.81000041961669921875	9.81000041961669921875
identity_default_q_near	original	1	3	4	5	0	-9.81000000000000000038	-0	0	-9.81000041961669921875	-0	0	-9.81000041961669921875	0	1.12103877145985365674e-44	3.74223245313309881206e-05	1.12103877145985365674e-44	9.81000041961669921875	9.81000041961669921875
identity_default_q_near	original	2	-40	6	17	0	-9.81000000000000000038	-0	0	-9.81000041961669921875	-0	0	-9.81000041961669921875	0	1.12103877145985365674e-44	3.74223245313309881206e-05	1.12103877145985365674e-44	9.81000041961669921875	9.81000041961669921875
identity_default_q_near	original	3	120	-80	10	0	-9.81000000000000000038	-0	0	-9.81000041961669921875	-0	0	-9.81000041961669921875	0	1.12103877145985365674e-44	3.74223245313309881206e-05	1.12103877145985365674e-44	9.81000041961669921875	9.81000041961669921875
identity_default_q_near	original	4	-100	100	-99	0	-9.81000000000000000038	-0	0	-9.81000041961669921875	-0	0	-9.81000041961669921875	0	1.12103877145985365674e-44	3.74223245313309881206e-05	1.12103877145985365674e-44	9.81000041961669921875	9.81000041961669921875
identity_default_q_near	original	5	255	-0.125	1	0	-9.81000000000000000038	-0	0	-9.81000041961669921875	-0	0	-9.81000041961669921875	0	1.12103877145985365674e-44	3.74223245313309881206e-05	1.12103877145985365674e-44	9.81000041961669921875	9.81000041961669921875
identity_default_q_near	roundtrip	0	0	0	0	0	-9.81000000000000000038	-0	0	-9.81000041961669921875	-0	0	-9.81000041961669921875	0	1.12103877145985365674e-44	3.74223245313309881206e-05	1.12103877145985365674e-44	9.81000041961669921875	9.81000041961669921875
identity_default_q_near	roundtrip	1	3	4	5	0	-9.81000000000000000038	-0	0	-9.81000041961669921875	-0	0	-9.81000041961669921875	0	1.12103877145985365674e-44	3.74223245313309881206e-05	1.12103877145985365674e-44	9.81000041961669921875	9.81000041961669921875
identity_default_q_near	roundtrip	2	-40	6	17	0	-9.81000000000000000038	-0	0	-9.81000041961669921875	-0	0	-9.81000041961669921875	0	1.12103877145985365674e-44	3.74223245313309881206e-05	1.12103877145985365674e-44	9.81000041961669921875	9.81000041961669921875
identity_default_q_near	roundtrip	3	120	-80	10	0	-9.81000000000000000038	-0	0	-9.81000041961669921875	-0	0	-9.81000041961669921875	0	1.12103877145985365674e-44	3.74223245313309881206e-05	1.12103877145985365674e-44	9.81000041961669921875	9.81000041961669921875
identity_default_q_near	roundtrip	4	-100	100	-99	0	-9.81000000000000000038	-0	0	-9.81000041961669921875	-0	0	-9.81000041961669921875	0	1.12103877145985365674e-44	3.74223245313309881206e-05	1.12103877145985365674e-44	9.81000041961669921875	9.81000041961669921875
identity_default_q_near	roundtrip	5	255	-0.125	1	0	-9.81000000000000000038	-0	0	-9.81000041961669921875	-0	0	-9.81000041961669921875	0	1.12103877145985365674e-44	3.74223245313309881206e-05	1.12103877145985365674e-44	9.81000041961669921875	9.81000041961669921875
identity_default_q_far	original	0	0	0	0	0	-9.81000000000000000038	-0	0	-9.81000041961669921875	-0	0	-9.81000041961669921875	0	1.12103877145985365674e-44	3.74223245313309881206e-05	1.12103877145985365674e-44	9.81000041961669921875	9.81000041961669921875
identity_default_q_far	original	1	3	4	5	0	-9.81000000000000000038	-0	0	-9.81000041961669921875	-0	0	-9.81000041961669921875	0	1.12103877145985365674e-44	3.74223245313309881206e-05	1.12103877145985365674e-44	9.81000041961669921875	9.81000041961669921875
identity_default_q_far	original	2	-40	6	17	0	-9.81000000000000000038	-0	0	-9.81000041961669921875	-0	0	-9.81000041961669921875	0	1.12103877145985365674e-44	3.74223245313309881206e-05	1.12103877145985365674e-44	9.81000041961669921875	9.81000041961669921875
identity_default_q_far	original	3	120	-80	10	0	-9.81000000000000000038	-0	0	-9.81000041961669921875	-0	0	-9.81000041961669921875	0	1.12103877145985365674e-44	3.74223245313309881206e-05	1.12103877145985365674e-44	9.81000041961669921875	9.81000041961669921875
identity_default_q_far	original	4	-100	100	-99	0	-9.81000000000000000038	-0	0	-9.81000041961669921875	-0	0	-9.81000041961669921875	0	1.12103877145985365674e-44	3.74223245313309881206e-05	1.12103877145985365674e-44	9.81000041961669921875	9.81000041961669921875
identity_default_q_far	original	5	255	-0.125	1	0	-9.81000000000000000038	-0	0	-9.81000041961669921875	-0	0	-9.81000041961669921875	0	1.12103877145985365674e-44	3.74223245313309881206e-05	1.12103877145985365674e-44	9.81000041961669921875	9.81000041961669921875
identity_default_q_far	roundtrip	0	0	0	0	0	-9.81000000000000000038	-0	0	-9.81000041961669921875	-0	0	-9.81000041961669921875	0	1.12103877145985365674e-44	3.74223245313309881206e-05	1.12103877145985365674e-44	9.81000041961669921875	9.81000041961669921875
identity_default_q_far	roundtrip	1	3	4	5	0	-9.81000000000000000038	-0	0	-9.81000041961669921875	-0	0	-9.81000041961669921875	0	1.12103877145985365674e-44	3.74223245313309881206e-05	1.12103877145985365674e-44	9.81000041961669921875	9.81000041961669921875
identity_default_q_far	roundtrip	2	-40	6	17	0	-9.81000000000000000038	-0	0	-9.81000041961669921875	-0	0	-9.81000041961669921875	0	1.12103877145985365674e-44	3.74223245313309881206e-05	1.12103877145985365674e-44	9.81000041961669921875	9.81000041961669921875
identity_default_q_far	roundtrip	3	120	-80	10	0	-9.81000000000000000038	-0	0	-9.81000041961669921875	-0	0	-9.81000041961669921875	0	1.12103877145985365674e-44	3.74223245313309881206e-05	1.12103877145985365674e-44	9.81000041961669921875	9.81000041961669921875
identity_default_q_far	roundtrip	4	-100	100	-99	0	-9.81000000000000000038	-0	0	-9.81000041961669921875	-0	0	-9.81000041961669921875	0	1.12103877145985365674e-44	3.74223245313309881206e-05	1.12103877145985365674e-44	9.81000041961669921875	9.81000041961669921875
identity_default_q_far	roundtrip	5	255	-0.125	1	0	-9.81000000000000000038	-0	0	-9.81000041961669921875	-0	0	-9.81000041961669921875	0	1.12103877145985365674e-44	3.74223245313309881206e-05	1.12103877145985365674e-44	9.81000041961669921875	9.81000041961669921875
identity_default_minus_q_near	original	0	0	0	0	0	-9.81000000000000000038	-0	0	-9.81000041961669921875	-0	0	-9.81000041961669921875	0	1.12103877145985365674e-44	3.74223245313309881206e-05	1.12103877145985365674e-44	9.81000041961669921875	9.81000041961669921875
identity_default_minus_q_near	original	1	3	4	5	0	-9.81000000000000000038	-0	0	-9.81000041961669921875	-0	0	-9.81000041961669921875	0	1.12103877145985365674e-44	3.74223245313309881206e-05	1.12103877145985365674e-44	9.81000041961669921875	9.81000041961669921875
identity_default_minus_q_near	original	2	-40	6	17	0	-9.81000000000000000038	-0	0	-9.81000041961669921875	-0	0	-9.81000041961669921875	0	1.12103877145985365674e-44	3.74223245313309881206e-05	1.12103877145985365674e-44	9.81000041961669921875	9.81000041961669921875
identity_default_minus_q_near	original	3	120	-80	10	0	-9.81000000000000000038	-0	0	-9.81000041961669921875	-0	0	-9.81000041961669921875	0	1.12103877145985365674e-44	3.74223245313309881206e-05	1.12103877145985365674e-44	9.81000041961669921875	9.81000041961669921875
identity_default_minus_q_near	original	4	-100	100	-99	0	-9.81000000000000000038	-0	0	-9.81000041961669921875	-0	0	-9.81000041961669921875	0	1.12103877145985365674e-44	3.74223245313309881206e-05	1.12103877145985365674e-44	9.81000041961669921875	9.81000041961669921875
identity_default_minus_q_near	original	5	255	-0.125	1	0	-9.81000000000000000038	-0	0	-9.81000041961669921875	-0	0	-9.81000041961669921875	0	1.12103877145985365674e-44	3.74223245313309881206e-05	1.12103877145985365674e-44	9.81000041961669921875	9.81000041961669921875
identity_default_minus_q_near	roundtrip	0	0	0	0	0	-9.81000000000000000038	-0	0	-9.81000041961669921875	-0	0	-9.81000041961669921875	0	1.12103877145985365674e-44	3.74223245313309881206e-05	1.12103877145985365674e-44	9.81000041961669921875	9.81000041961669921875
identity_default_minus_q_near	roundtrip	1	3	4	5	0	-9.81000000000000000038	-0	0	-9.81000041961669921875	-0	0	-9.81000041961669921875	0	1.12103877145985365674e-44	3.74223245313309881206e-05	1.12103877145985365674e-44	9.81000041961669921875	9.81000041961669921875
identity_default_minus_q_near	roundtrip	2	-40	6	17	0	-9.81000000000000000038	-0	0	-9.81000041961669921875	-0	0	-9.81000041961669921875	0	1.12103877145985365674e-44	3.74223245313309881206e-05	1.12103877145985365674e-44	9.81000041961669921875	9.81000041961669921875
identity_default_minus_q_near	roundtrip	3	120	-80	10	0	-9.81000000000000000038	-0	0	-9.81000041961669921875	-0	0	-9.81000041961669921875	0	1.12103877145985365674e-44	3.74223245313309881206e-05	1.12103877145985365674e-44	9.81000041961669921875	9.81000041961669921875
identity_default_minus_q_near	roundtrip	4	-100	100	-99	0	-9.81000000000000000038	-0	0	-9.81000041961669921875	-0	0	-9.81000041961669921875	0	1.12103877145985365674e-44	3.74223245313309881206e-05	1.12103877145985365674e-44	9.81000041961669921875	9.81000041961669921875
identity_default_minus_q_near	roundtrip	5	255	-0.125	1	0	-9.81000000000000000038	-0	0	-9.81000041961669921875	-0	0	-9.81000041961669921875	0	1.12103877145985365674e-44	3.74223245313309881206e-05	1.12103877145985365674e-44	9.81000041961669921875	9.81000041961669921875
identity_default_minus_q_far	original	0	0	0	0	0	-9.81000000000000000038	-0	0	-9.81000041961669921875	-0	0	-9.81000041961669921875	0	1.12103877145985365674e-44	3.74223245313309881206e-05	1.12103877145985365674e-44	9.81000041961669921875	9.81000041961669921875
identity_default_minus_q_far	original	1	3	4	5	0	-9.81000000000000000038	-0	0	-9.81000041961669921875	-0	0	-9.81000041961669921875	0	1.12103877145985365674e-44	3.74223245313309881206e-05	1.12103877145985365674e-44	9.81000041961669921875	9.81000041961669921875
identity_default_minus_q_far	original	2	-40	6	17	0	-9.81000000000000000038	-0	0	-9.81000041961669921875	-0	0	-9.81000041961669921875	0	1.12103877145985365674e-44	3.74223245313309881206e-05	1.12103877145985365674e-44	9.81000041961669921875	9.81000041961669921875
identity_default_minus_q_far	original	3	120	-80	10	0	-9.81000000000000000038	-0	0	-9.81000041961669921875	-0	0	-9.81000041961669921875	0	1.12103877145985365674e-44	3.74223245313309881206e-05	1.12103877145985365674e-44	9.81000041961669921875	9.81000041961669921875
identity_default_minus_q_far	original	4	-100	100	-99	0	-9.81000000000000000038	-0	0	-9.81000041961669921875	-0	0	-9.81000041961669921875	0	1.12103877145985365674e-44	3.74223245313309881206e-05	1.12103877145985365674e-44	9.81000041961669921875	9.81000041961669921875
identity_default_minus_q_far	original	5	255	-0.125	1	0	-9.81000000000000000038	-0	0	-9.81000041961669921875	-0	0	-9.81000041961669921875	0	1.12103877145985365674e-44	3.74223245313309881206e-05	1.12103877145985365674e-44	9.81000041961669921875	9.81000041961669921875
identity_default_minus_q_far	roundtrip	0	0	0	0	0	-9.81000000000000000038	-0	0	-9.81000041961669921875	-0	0	-9.81000041961669921875	0	1.12103877145985365674e-44	3.74223245313309881206e-05	1.12103877145985365674e-44	9.81000041961669921875	9.81000041961669921875
identity_default_minus_q_far	roundtrip	1	3	4	5	0	-9.81000000000000000038	-0	0	-9.81000041961669921875	-0	0	-9.81000041961669921875	0	1.12103877145985365674e-44	3.74223245313309881206e-05	1.12103877145985365674e-44	9.81000041961669921875	9.81000041961669921875
identity_default_minus_q_far	roundtrip	2	-40	6	17	0	-9.81000000000000000038	-0	0	-9.81000041961669921875	-0	0	-9.81000041961669921875	0	1.12103877145985365674e-44	3.74223245313309881206e-05	1.12103877145985365674e-44	9.81000041961669921875	9.81000041961669921875
identity_default_minus_q_far	roundtrip	3	120	-80	10	0	-9.81000000000000000038	-0	0	-9.81000041961669921875	-0	0	-9.81000041961669921875	0	1.12103877145985365674e-44	3.74223245313309881206e-05	1.12103877145985365674e-44	9.81000041961669921875	9.81000041961669921875
identity_default_minus_q_far	roundtrip	4	-100	100	-99	0	-9.81000000000000000038	-0	0	-9.81000041961669921875	-0	0	-9.81000041961669921875	0	1.12103877145985365674e-44	3.74223245313309881206e-05	1.12103877145985365674e-44	9.81000041961669921875	9.81000041961669921875
identity_default_minus_q_far	roundtrip	5	255	-0.125	1	0	-9.81000000000000000038	-0	0	-9.81000041961669921875	-0	0	-9.81000041961669921875	0	1.12103877145985365674e-44	3.74223245313309881206e-05	1.12103877145985365674e-44	9.81000041961669921875	9.81000041961669921875
identity_previous_q_near	original	0	0	0	0	0	-9.8099994659423828125	-0	0	-9.8099994659423828125	-0	0	-9.8099994659423828125	0	1.12103877145985365674e-44	3.74223208933383031881e-05	1.12103877145985365674e-44	9.8099994659423828125	9.8099994659423828125
identity_previous_q_near	original	1	3	4	5	0	-9.8099994659423828125	-0	0	-9.8099994659423828125	-0	0	-9.8099994659423828125	0	1.12103877145985365674e-44	3.74223208933383031881e-05	1.12103877145985365674e-44	9.8099994659423828125	9.8099994659423828125
identity_previous_q_near	original	2	-40	6	17	0	-9.8099994659423828125	-0	0	-9.8099994659423828125	-0	0	-9.8099994659423828125	0	1.12103877145985365674e-44	3.74223208933383031881e-05	1.12103877145985365674e-44	9.8099994659423828125	9.8099994659423828125
identity_previous_q_near	original	3	120	-80	10	0	-9.8099994659423828125	-0	0	-9.8099994659423828125	-0	0	-9.8099994659423828125	0	1.12103877145985365674e-44	3.74223208933383031881e-05	1.12103877145985365674e-44	9.8099994659423828125	9.8099994659423828125
identity_previous_q_near	original	4	-100	100	-99	0	-9.8099994659423828125	-0	0	-9.8099994659423828125	-0	0	-9.8099994659423828125	0	1.12103877145985365674e-44	3.74223208933383031881e-05	1.12103877145985365674e-44	9.8099994659423828125	9.8099994659423828125
identity_previous_q_near	original	5	255	-0.125	1	0	-9.8099994659423828125	-0	0	-9.8099994659423828125	-0	0	-9.8099994659423828125	0	1.12103877145985365674e-44	3.74223208933383031881e-05	1.12103877145985365674e-44	9.8099994659423828125	9.8099994659423828125
identity_previous_q_near	roundtrip	0	0	0	0	0	-9.8099994659423828125	-0	0	-9.8099994659423828125	-0	0	-9.8099994659423828125	0	1.12103877145985365674e-44	3.74223208933383031881e-05	1.12103877145985365674e-44	9.8099994659423828125	9.8099994659423828125
identity_previous_q_near	roundtrip	1	3	4	5	0	-9.8099994659423828125	-0	0	-9.8099994659423828125	-0	0	-9.8099994659423828125	0	1.12103877145985365674e-44	3.74223208933383031881e-05	1.12103877145985365674e-44	9.8099994659423828125	9.8099994659423828125
identity_previous_q_near	roundtrip	2	-40	6	17	0	-9.8099994659423828125	-0	0	-9.8099994659423828125	-0	0	-9.8099994659423828125	0	1.12103877145985365674e-44	3.74223208933383031881e-05	1.12103877145985365674e-44	9.8099994659423828125	9.8099994659423828125
identity_previous_q_near	roundtrip	3	120	-80	10	0	-9.8099994659423828125	-0	0	-9.8099994659423828125	-0	0	-9.8099994659423828125	0	1.12103877145985365674e-44	3.74223208933383031881e-05	1.12103877145985365674e-44	9.8099994659423828125	9.8099994659423828125
identity_previous_q_near	roundtrip	4	-100	100	-99	0	-9.8099994659423828125	-0	0	-9.8099994659423828125	-0	0	-9.8099994659423828125	0	1.12103877145985365674e-44	3.74223208933383031881e-05	1.12103877145985365674e-44	9.8099994659423828125	9.8099994659423828125
identity_previous_q_near	roundtrip	5	255	-0.125	1	0	-9.8099994659423828125	-0	0	-9.8099994659423828125	-0	0	-9.8099994659423828125	0	1.12103877145985365674e-44	3.74223208933383031881e-05	1.12103877145985365674e-44	9.8099994659423828125	9.8099994659423828125
identity_previous_q_far	original	0	0	0	0	0	-9.8099994659423828125	-0	0	-9.8099994659423828125	-0	0	-9.8099994659423828125	0	1.12103877145985365674e-44	3.74223208933383031881e-05	1.12103877145985365674e-44	9.8099994659423828125	9.8099994659423828125
identity_previous_q_far	original	1	3	4	5	0	-9.8099994659423828125	-0	0	-9.8099994659423828125	-0	0	-9.8099994659423828125	0	1.12103877145985365674e-44	3.74223208933383031881e-05	1.12103877145985365674e-44	9.8099994659423828125	9.8099994659423828125
identity_previous_q_far	original	2	-40	6	17	0	-9.8099994659423828125	-0	0	-9.8099994659423828125	-0	0	-9.8099994659423828125	0	1.12103877145985365674e-44	3.74223208933383031881e-05	1.12103877145985365674e-44	9.8099994659423828125	9.8099994659423828125
identity_previous_q_far	original	3	120	-80	10	0	-9.8099994659423828125	-0	0	-9.8099994659423828125	-0	0	-9.8099994659423828125	0	1.12103877145985365674e-44	3.74223208933383031881e-05	1.12103877145985365674e-44	9.8099994659423828125	9.8099994659423828125
identity_previous_q_far	original	4	-100	100	-99	0	-9.8099994659423828125	-0	0	-9.8099994659423828125	-0	0	-9.8099994659423828125	0	1.12103877145985365674e-44	3.74223208933383031881e-05	1.12103877145985365674e-44	9.8099994659423828125	9.8099994659423828125
identity_previous_q_far	original	5	255	-0.125	1	0	-9.8099994659423828125	-0	0	-9.8099994659423828125	-0	0	-9.8099994659423828125	0	1.12103877145985365674e-44	3.74223208933383031881e-05	1.12103877145985365674e-44	9.8099994659423828125	9.8099994659423828125
identity_previous_q_far	roundtrip	0	0	0	0	0	-9.8099994659423828125	-0	0	-9.8099994659423828125	-0	0	-9.8099994659423828125	0	1.12103877145985365674e-44	3.74223208933383031881e-05	1.12103877145985365674e-44	9.8099994659423828125	9.8099994659423828125
identity_previous_q_far	roundtrip	1	3	4	5	0	-9.8099994659423828125	-0	0	-9.8099994659423828125	-0	0	-9.8099994659423828125	0	1.12103877145985365674e-44	3.74223208933383031881e-05	1.12103877145985365674e-44	9.8099994659423828125	9.8099994659423828125
identity_previous_q_far	roundtrip	2	-40	6	17	0	-9.8099994659423828125	-0	0	-9.8099994659423828125	-0	0	-9.8099994659423828125	0	1.12103877145985365674e-44	3.74223208933383031881e-05	1.12103877145985365674e-44	9.8099994659423828125	9.8099994659423828125
identity_previous_q_far	roundtrip	3	120	-80	10	0	-9.8099994659423828125	-0	0	-9.8099994659423828125	-0	0	-9.8099994659423828125	0	1.12103877145985365674e-44	3.74223208933383031881e-05	1.12103877145985365674e-44	9.8099994659423828125	9.8099994659423828125
identity_previous_q_far	roundtrip	4	-100	100	-99	0	-9.8099994659423828125	-0	0	-9.8099994659423828125	-0	0	-9.8099994659423828125	0	1.12103877145985365674e-44	3.74223208933383031881e-05	1.12103877145985365674e-44	9.8099994659423828125	9.8099994659423828125
identity_previous_q_far	roundtrip	5	255	-0.125	1	0	-9.8099994659423828125	-0	0	-9.8099994659423828125	-0	0	-9.8099994659423828125	0	1.12103877145985365674e-44	3.74223208933383031881e-05	1.12103877145985365674e-44	9.8099994659423828125	9.8099994659423828125
identity_previous_minus_q_near	original	0	0	0	0	0	-9.8099994659423828125	-0	0	-9.8099994659423828125	-0	0	-9.8099994659423828125	0	1.12103877145985365674e-44	3.74223208933383031881e-05	1.12103877145985365674e-44	9.8099994659423828125	9.8099994659423828125
identity_previous_minus_q_near	original	1	3	4	5	0	-9.8099994659423828125	-0	0	-9.8099994659423828125	-0	0	-9.8099994659423828125	0	1.12103877145985365674e-44	3.74223208933383031881e-05	1.12103877145985365674e-44	9.8099994659423828125	9.8099994659423828125
identity_previous_minus_q_near	original	2	-40	6	17	0	-9.8099994659423828125	-0	0	-9.8099994659423828125	-0	0	-9.8099994659423828125	0	1.12103877145985365674e-44	3.74223208933383031881e-05	1.12103877145985365674e-44	9.8099994659423828125	9.8099994659423828125
identity_previous_minus_q_near	original	3	120	-80	10	0	-9.8099994659423828125	-0	0	-9.8099994659423828125	-0	0	-9.8099994659423828125	0	1.12103877145985365674e-44	3.74223208933383031881e-05	1.12103877145985365674e-44	9.8099994659423828125	9.8099994659423828125
identity_previous_minus_q_near	original	4	-100	100	-99	0	-9.8099994659423828125	-0	0	-9.8099994659423828125	-0	0	-9.8099994659423828125	0	1.12103877145985365674e-44	3.74223208933383031881e-05	1.12103877145985365674e-44	9.8099994659423828125	9.8099994659423828125
identity_previous_minus_q_near	original	5	255	-0.125	1	0	-9.8099994659423828125	-0	0	-9.8099994659423828125	-0	0	-9.8099994659423828125	0	1.12103877145985365674e-44	3.74223208933383031881e-05	1.12103877145985365674e-44	9.8099994659423828125	9.8099994659423828125
identity_previous_minus_q_near	roundtrip	0	0	0	0	0	-9.8099994659423828125	-0	0	-9.8099994659423828125	-0	0	-9.8099994659423828125	0	1.12103877145985365674e-44	3.74223208933383031881e-05	1.12103877145985365674e-44	9.8099994659423828125	9.8099994659423828125
identity_previous_minus_q_near	roundtrip	1	3	4	5	0	-9.8099994659423828125	-0	0	-9.8099994659423828125	-0	0	-9.8099994659423828125	0	1.12103877145985365674e-44	3.74223208933383031881e-05	1.12103877145985365674e-44	9.8099994659423828125	9.8099994659423828125
identity_previous_minus_q_near	roundtrip	2	-40	6	17	0	-9.8099994659423828125	-0	0	-9.8099994659423828125	-0	0	-9.8099994659423828125	0	1.12103877145985365674e-44	3.74223208933383031881e-05	1.12103877145985365674e-44	9.8099994659423828125	9.8099994659423828125
identity_previous_minus_q_near	roundtrip	3	120	-80	10	0	-9.8099994659423828125	-0	0	-9.8099994659423828125	-0	0	-9.8099994659423828125	0	1.12103877145985365674e-44	3.74223208933383031881e-05	1.12103877145985365674e-44	9.8099994659423828125	9.8099994659423828125
identity_previous_minus_q_near	roundtrip	4	-100	100	-99	0	-9.8099994659423828125	-0	0	-9.8099994659423828125	-0	0	-9.8099994659423828125	0	1.12103877145985365674e-44	3.74223208933383031881e-05	1.12103877145985365674e-44	9.8099994659423828125	9.8099994659423828125
identity_previous_minus_q_near	roundtrip	5	255	-0.125	1	0	-9.8099994659423828125	-0	0	-9.8099994659423828125	-0	0	-9.8099994659423828125	0	1.12103877145985365674e-44	3.74223208933383031881e-05	1.12103877145985365674e-44	9.8099994659423828125	9.8099994659423828125
identity_previous_minus_q_far	original	0	0	0	0	0	-9.8099994659423828125	-0	0	-9.8099994659423828125	-0	0	-9.8099994659423828125	0	1.12103877145985365674e-44	3.74223208933383031881e-05	1.12103877145985365674e-44	9.8099994659423828125	9.8099994659423828125
identity_previous_minus_q_far	original	1	3	4	5	0	-9.8099994659423828125	-0	0	-9.8099994659423828125	-0	0	-9.8099994659423828125	0	1.12103877145985365674e-44	3.74223208933383031881e-05	1.12103877145985365674e-44	9.8099994659423828125	9.8099994659423828125
identity_previous_minus_q_far	original	2	-40	6	17	0	-9.8099994659423828125	-0	0	-9.8099994659423828125	-0	0	-9.8099994659423828125	0	1.12103877145985365674e-44	3.74223208933383031881e-05	1.12103877145985365674e-44	9.8099994659423828125	9.8099994659423828125
identity_previous_minus_q_far	original	3	120	-80	10	0	-9.8099994659423828125	-0	0	-9.8099994659423828125	-0	0	-9.8099994659423828125	0	1.12103877145985365674e-44	3.74223208933383031881e-05	1.12103877145985365674e-44	9.8099994659423828125	9.8099994659423828125
identity_previous_minus_q_far	original	4	-100	100	-99	0	-9.8099994659423828125	-0	0	-9.8099994659423828125	-0	0	-9.8099994659423828125	0	1.12103877145985365674e-44	3.74223208933383031881e-05	1.12103877145985365674e-44	9.8099994659423828125	9.8099994659423828125
identity_previous_minus_q_far	original	5	255	-0.125	1	0	-9.8099994659423828125	-0	0	-9.8099994659423828125	-0	0	-9.8099994659423828125	0	1.12103877145985365674e-44	3.74223208933383031881e-05	1.12103877145985365674e-44	9.8099994659423828125	9.8099994659423828125
identity_previous_minus_q_far	roundtrip	0	0	0	0	0	-9.8099994659423828125	-0	0	-9.8099994659423828125	-0	0	-9.8099994659423828125	0	1.12103877145985365674e-44	3.74223208933383031881e-05	1.12103877145985365674e-44	9.8099994659423828125	9.8099994659423828125
identity_previous_minus_q_far	roundtrip	1	3	4	5	0	-9.8099994659423828125	-0	0	-9.8099994659423828125	-0	0	-9.8099994659423828125	0	1.12103877145985365674e-44	3.74223208933383031881e-05	1.12103877145985365674e-44	9.8099994659423828125	9.8099994659423828125
identity_previous_minus_q_far	roundtrip	2	-40	6	17	0	-9.8099994659423828125	-0	0	-9.8099994659423828125	-0	0	-9.8099994659423828125	0	1.12103877145985365674e-44	3.74223208933383031881e-05	1.12103877145985365674e-44	9.8099994659423828125	9.8099994659423828125
identity_previous_minus_q_far	roundtrip	3	120	-80	10	0	-9.8099994659423828125	-0	0	-9.8099994659423828125	-0	0	-9.8099994659423828125	0	1.12103877145985365674e-44	3.74223208933383031881e-05	1.12103877145985365674e-44	9.8099994659423828125	9.8099994659423828125
identity_previous_minus_q_far	roundtrip	4	-100	100	-99	0	-9.8099994659423828125	-0	0	-9.8099994659423828125	-0	0	-9.8099994659423828125	0	1.12103877145985365674e-44	3.74223208933383031881e-05	1.12103877145985365674e-44	9.8099994659423828125	9.8099994659423828125
identity_previous_minus_q_far	roundtrip	5	255	-0.125	1	0	-9.8099994659423828125	-0	0	-9.8099994659423828125	-0	0	-9.8099994659423828125	0	1.12103877145985365674e-44	3.74223208933383031881e-05	1.12103877145985365674e-44	9.8099994659423828125	9.8099994659423828125
identity_next_q_near	original	0	0	0	0	0	-9.810001373291015625	-0	0	-9.810001373291015625	-0	0	-9.810001373291015625	0	1.12103877145985365674e-44	3.7422328169323673053e-05	1.12103877145985365674e-44	9.810001373291015625	9.810001373291015625
identity_next_q_near	original	1	3	4	5	0	-9.810001373291015625	-0	0	-9.810001373291015625	-0	0	-9.810001373291015625	0	1.12103877145985365674e-44	3.7422328169323673053e-05	1.12103877145985365674e-44	9.810001373291015625	9.810001373291015625
identity_next_q_near	original	2	-40	6	17	0	-9.810001373291015625	-0	0	-9.810001373291015625	-0	0	-9.810001373291015625	0	1.12103877145985365674e-44	3.7422328169323673053e-05	1.12103877145985365674e-44	9.810001373291015625	9.810001373291015625
identity_next_q_near	original	3	120	-80	10	0	-9.810001373291015625	-0	0	-9.810001373291015625	-0	0	-9.810001373291015625	0	1.12103877145985365674e-44	3.7422328169323673053e-05	1.12103877145985365674e-44	9.810001373291015625	9.810001373291015625
identity_next_q_near	original	4	-100	100	-99	0	-9.810001373291015625	-0	0	-9.810001373291015625	-0	0	-9.810001373291015625	0	1.12103877145985365674e-44	3.7422328169323673053e-05	1.12103877145985365674e-44	9.810001373291015625	9.810001373291015625
identity_next_q_near	original	5	255	-0.125	1	0	-9.810001373291015625	-0	0	-9.810001373291015625	-0	0	-9.810001373291015625	0	1.12103877145985365674e-44	3.7422328169323673053e-05	1.12103877145985365674e-44	9.810001373291015625	9.810001373291015625
identity_next_q_near	roundtrip	0	0	0	0	0	-9.810001373291015625	-0	0	-9.810001373291015625	-0	0	-9.810001373291015625	0	1.12103877145985365674e-44	3.7422328169323673053e-05	1.12103877145985365674e-44	9.810001373291015625	9.810001373291015625
identity_next_q_near	roundtrip	1	3	4	5	0	-9.810001373291015625	-0	0	-9.810001373291015625	-0	0	-9.810001373291015625	0	1.12103877145985365674e-44	3.7422328169323673053e-05	1.12103877145985365674e-44	9.810001373291015625	9.810001373291015625
identity_next_q_near	roundtrip	2	-40	6	17	0	-9.810001373291015625	-0	0	-9.810001373291015625	-0	0	-9.810001373291015625	0	1.12103877145985365674e-44	3.7422328169323673053e-05	1.12103877145985365674e-44	9.810001373291015625	9.810001373291015625
identity_next_q_near	roundtrip	3	120	-80	10	0	-9.810001373291015625	-0	0	-9.810001373291015625	-0	0	-9.810001373291015625	0	1.12103877145985365674e-44	3.7422328169323673053e-05	1.12103877145985365674e-44	9.810001373291015625	9.810001373291015625
identity_next_q_near	roundtrip	4	-100	100	-99	0	-9.810001373291015625	-0	0	-9.810001373291015625	-0	0	-9.810001373291015625	0	1.12103877145985365674e-44	3.7422328169323673053e-05	1.12103877145985365674e-44	9.810001373291015625	9.810001373291015625
identity_next_q_near	roundtrip	5	255	-0.125	1	0	-9.810001373291015625	-0	0	-9.810001373291015625	-0	0	-9.810001373291015625	0	1.12103877145985365674e-44	3.7422328169323673053e-05	1.12103877145985365674e-44	9.810001373291015625	9.810001373291015625
identity_next_q_far	original	0	0	0	0	0	-9.810001373291015625	-0	0	-9.810001373291015625	-0	0	-9.810001373291015625	0	1.12103877145985365674e-44	3.7422328169323673053e-05	1.12103877145985365674e-44	9.810001373291015625	9.810001373291015625
identity_next_q_far	original	1	3	4	5	0	-9.810001373291015625	-0	0	-9.810001373291015625	-0	0	-9.810001373291015625	0	1.12103877145985365674e-44	3.7422328169323673053e-05	1.12103877145985365674e-44	9.810001373291015625	9.810001373291015625
identity_next_q_far	original	2	-40	6	17	0	-9.810001373291015625	-0	0	-9.810001373291015625	-0	0	-9.810001373291015625	0	1.12103877145985365674e-44	3.7422328169323673053e-05	1.12103877145985365674e-44	9.810001373291015625	9.810001373291015625
identity_next_q_far	original	3	120	-80	10	0	-9.810001373291015625	-0	0	-9.810001373291015625	-0	0	-9.810001373291015625	0	1.12103877145985365674e-44	3.7422328169323673053e-05	1.12103877145985365674e-44	9.810001373291015625	9.810001373291015625
identity_next_q_far	original	4	-100	100	-99	0	-9.810001373291015625	-0	0	-9.810001373291015625	-0	0	-9.810001373291015625	0	1.12103877145985365674e-44	3.7422328169323673053e-05	1.12103877145985365674e-44	9.810001373291015625	9.810001373291015625
identity_next_q_far	original	5	255	-0.125	1	0	-9.810001373291015625	-0	0	-9.810001373291015625	-0	0	-9.810001373291015625	0	1.12103877145985365674e-44	3.7422328169323673053e-05	1.12103877145985365674e-44	9.810001373291015625	9.810001373291015625
identity_next_q_far	roundtrip	0	0	0	0	0	-9.810001373291015625	-0	0	-9.810001373291015625	-0	0	-9.810001373291015625	0	1.12103877145985365674e-44	3.7422328169323673053e-05	1.12103877145985365674e-44	9.810001373291015625	9.810001373291015625
identity_next_q_far	roundtrip	1	3	4	5	0	-9.810001373291015625	-0	0	-9.810001373291015625	-0	0	-9.810001373291015625	0	1.12103877145985365674e-44	3.7422328169323673053e-05	1.12103877145985365674e-44	9.810001373291015625	9.810001373291015625
identity_next_q_far	roundtrip	2	-40	6	17	0	-9.810001373291015625	-0	0	-9.810001373291015625	-0	0	-9.810001373291015625	0	1.12103877145985365674e-44	3.7422328169323673053e-05	1.12103877145985365674e-44	9.810001373291015625	9.810001373291015625
identity_next_q_far	roundtrip	3	120	-80	10	0	-9.810001373291015625	-0	0	-9.810001373291015625	-0	0	-9.810001373291015625	0	1.12103877145985365674e-44	3.7422328169323673053e-05	1.12103877145985365674e-44	9.810001373291015625	9.810001373291015625
identity_next_q_far	roundtrip	4	-100	100	-99	0	-9.810001373291015625	-0	0	-9.810001373291015625	-0	0	-9.810001373291015625	0	1.12103877145985365674e-44	3.7422328169323673053e-05	1.12103877145985365674e-44	9.810001373291015625	9.810001373291015625
identity_next_q_far	roundtrip	5	255	-0.125	1	0	-9.810001373291015625	-0	0	-9.810001373291015625	-0	0	-9.810001373291015625	0	1.12103877145985365674e-44	3.7422328169323673053e-05	1.12103877145985365674e-44	9.810001373291015625	9.810001373291015625
identity_next_minus_q_near	original	0	0	0	0	0	-9.810001373291015625	-0	0	-9.810001373291015625	-0	0	-9.810001373291015625	0	1.12103877145985365674e-44	3.7422328169323673053e-05	1.12103877145985365674e-44	9.810001373291015625	9.810001373291015625
identity_next_minus_q_near	original	1	3	4	5	0	-9.810001373291015625	-0	0	-9.810001373291015625	-0	0	-9.810001373291015625	0	1.12103877145985365674e-44	3.7422328169323673053e-05	1.12103877145985365674e-44	9.810001373291015625	9.810001373291015625
identity_next_minus_q_near	original	2	-40	6	17	0	-9.810001373291015625	-0	0	-9.810001373291015625	-0	0	-9.810001373291015625	0	1.12103877145985365674e-44	3.7422328169323673053e-05	1.12103877145985365674e-44	9.810001373291015625	9.810001373291015625
identity_next_minus_q_near	original	3	120	-80	10	0	-9.810001373291015625	-0	0	-9.810001373291015625	-0	0	-9.810001373291015625	0	1.12103877145985365674e-44	3.7422328169323673053e-05	1.12103877145985365674e-44	9.810001373291015625	9.810001373291015625
identity_next_minus_q_near	original	4	-100	100	-99	0	-9.810001373291015625	-0	0	-9.810001373291015625	-0	0	-9.810001373291015625	0	1.12103877145985365674e-44	3.7422328169323673053e-05	1.12103877145985365674e-44	9.810001373291015625	9.810001373291015625
identity_next_minus_q_near	original	5	255	-0.125	1	0	-9.810001373291015625	-0	0	-9.810001373291015625	-0	0	-9.810001373291015625	0	1.12103877145985365674e-44	3.7422328169323673053e-05	1.12103877145985365674e-44	9.810001373291015625	9.810001373291015625
identity_next_minus_q_near	roundtrip	0	0	0	0	0	-9.810001373291015625	-0	0	-9.810001373291015625	-0	0	-9.810001373291015625	0	1.12103877145985365674e-44	3.7422328169323673053e-05	1.12103877145985365674e-44	9.810001373291015625	9.810001373291015625
identity_next_minus_q_near	roundtrip	1	3	4	5	0	-9.810001373291015625	-0	0	-9.810001373291015625	-0	0	-9.810001373291015625	0	1.12103877145985365674e-44	3.7422328169323673053e-05	1.12103877145985365674e-44	9.810001373291015625	9.810001373291015625
identity_next_minus_q_near	roundtrip	2	-40	6	17	0	-9.810001373291015625	-0	0	-9.810001373291015625	-0	0	-9.810001373291015625	0	1.12103877145985365674e-44	3.7422328169323673053e-05	1.12103877145985365674e-44	9.810001373291015625	9.810001373291015625
identity_next_minus_q_near	roundtrip	3	120	-80	10	0	-9.810001373291015625	-0	0	-9.810001373291015625	-0	0	-9.810001373291015625	0	1.12103877145985365674e-44	3.7422328169323673053e-05	1.12103877145985365674e-44	9.810001373291015625	9.810001373291015625
identity_next_minus_q_near	roundtrip	4	-100	100	-99	0	-9.810001373291015625	-0	0	-9.810001373291015625	-0	0	-9.810001373291015625	0	1.12103877145985365674e-44	3.7422328169323673053e-05	1.12103877145985365674e-44	9.810001373291015625	9.810001373291015625
identity_next_minus_q_near	roundtrip	5	255	-0.125	1	0	-9.810001373291015625	-0	0	-9.810001373291015625	-0	0	-9.810001373291015625	0	1.12103877145985365674e-44	3.7422328169323673053e-05	1.12103877145985365674e-44	9.810001373291015625	9.810001373291015625
identity_next_minus_q_far	original	0	0	0	0	0	-9.810001373291015625	-0	0	-9.810001373291015625	-0	0	-9.810001373291015625	0	1.12103877145985365674e-44	3.7422328169323673053e-05	1.12103877145985365674e-44	9.810001373291015625	9.810001373291015625
identity_next_minus_q_far	original	1	3	4	5	0	-9.810001373291015625	-0	0	-9.810001373291015625	-0	0	-9.810001373291015625	0	1.12103877145985365674e-44	3.7422328169323673053e-05	1.12103877145985365674e-44	9.810001373291015625	9.810001373291015625
identity_next_minus_q_far	original	2	-40	6	17	0	-9.810001373291015625	-0	0	-9.810001373291015625	-0	0	-9.810001373291015625	0	1.12103877145985365674e-44	3.7422328169323673053e-05	1.12103877145985365674e-44	9.810001373291015625	9.810001373291015625
identity_next_minus_q_far	original	3	120	-80	10	0	-9.810001373291015625	-0	0	-9.810001373291015625	-0	0	-9.810001373291015625	0	1.12103877145985365674e-44	3.7422328169323673053e-05	1.12103877145985365674e-44	9.810001373291015625	9.810001373291015625
identity_next_minus_q_far	original	4	-100	100	-99	0	-9.810001373291015625	-0	0	-9.810001373291015625	-0	0	-9.810001373291015625	0	1.12103877145985365674e-44	3.7422328169323673053e-05	1.12103877145985365674e-44	9.810001373291015625	9.810001373291015625
identity_next_minus_q_far	original	5	255	-0.125	1	0	-9.810001373291015625	-0	0	-9.810001373291015625	-0	0	-9.810001373291015625	0	1.12103877145985365674e-44	3.7422328169323673053e-05	1.12103877145985365674e-44	9.810001373291015625	9.810001373291015625
identity_next_minus_q_far	roundtrip	0	0	0	0	0	-9.810001373291015625	-0	0	-9.810001373291015625	-0	0	-9.810001373291015625	0	1.12103877145985365674e-44	3.7422328169323673053e-05	1.12103877145985365674e-44	9.810001373291015625	9.810001373291015625
identity_next_minus_q_far	roundtrip	1	3	4	5	0	-9.810001373291015625	-0	0	-9.810001373291015625	-0	0	-9.810001373291015625	0	1.12103877145985365674e-44	3.7422328169323673053e-05	1.12103877145985365674e-44	9.810001373291015625	9.810001373291015625
identity_next_minus_q_far	roundtrip	2	-40	6	17	0	-9.810001373291015625	-0	0	-9.810001373291015625	-0	0	-9.810001373291015625	0	1.12103877145985365674e-44	3.7422328169323673053e-05	1.12103877145985365674e-44	9.810001373291015625	9.810001373291015625
identity_next_minus_q_far	roundtrip	3	120	-80	10	0	-9.810001373291015625	-0	0	-9.810001373291015625	-0	0	-9.810001373291015625	0	1.12103877145985365674e-44	3.7422328169323673053e-05	1.12103877145985365674e-44	9.810001373291015625	9.810001373291015625
identity_next_minus_q_far	roundtrip	4	-100	100	-99	0	-9.810001373291015625	-0	0	-9.810001373291015625	-0	0	-9.810001373291015625	0	1.12103877145985365674e-44	3.7422328169323673053e-05	1.12103877145985365674e-44	9.810001373291015625	9.810001373291015625
identity_next_minus_q_far	roundtrip	5	255	-0.125	1	0	-9.810001373291015625	-0	0	-9.810001373291015625	-0	0	-9.810001373291015625	0	1.12103877145985365674e-44	3.7422328169323673053e-05	1.12103877145985365674e-44	9.810001373291015625	9.810001373291015625
identity_zero_q_near	original	0	0	0	0	0	-0	0	0	-0	0	0	0	0	1.12103877145985365674e-44	1.12103877145985365674e-44	1.12103877145985365674e-44	0	0
identity_zero_q_near	original	1	3	4	5	0	-0	0	0	-0	0	0	0	0	1.12103877145985365674e-44	1.12103877145985365674e-44	1.12103877145985365674e-44	0	0
identity_zero_q_near	original	2	-40	6	17	0	-0	0	0	-0	0	0	0	0	1.12103877145985365674e-44	1.12103877145985365674e-44	1.12103877145985365674e-44	0	0
identity_zero_q_near	original	3	120	-80	10	0	-0	0	0	-0	0	0	0	0	1.12103877145985365674e-44	1.12103877145985365674e-44	1.12103877145985365674e-44	0	0
identity_zero_q_near	original	4	-100	100	-99	0	-0	0	0	-0	0	0	0	0	1.12103877145985365674e-44	1.12103877145985365674e-44	1.12103877145985365674e-44	0	0
identity_zero_q_near	original	5	255	-0.125	1	0	-0	0	0	-0	0	0	0	0	1.12103877145985365674e-44	1.12103877145985365674e-44	1.12103877145985365674e-44	0	0
identity_zero_q_near	roundtrip	0	0	0	0	0	-0	0	0	-0	0	0	0	0	1.12103877145985365674e-44	1.12103877145985365674e-44	1.12103877145985365674e-44	0	0
identity_zero_q_near	roundtrip	1	3	4	5	0	-0	0	0	-0	0	0	0	0	1.12103877145985365674e-44	1.12103877145985365674e-44	1.12103877145985365674e-44	0	0
identity_zero_q_near	roundtrip	2	-40	6	17	0	-0	0	0	-0	0	0	0	0	1.12103877145985365674e-44	1.12103877145985365674e-44	1.12103877145985365674e-44	0	0
identity_zero_q_near	roundtrip	3	120	-80	10	0	-0	0	0	-0	0	0	0	0	1.12103877145985365674e-44	1.12103877145985365674e-44	1.12103877145985365674e-44	0	0
identity_zero_q_near	roundtrip	4	-100	100	-99	0	-0	0	0	-0	0	0	0	0	1.12103877145985365674e-44	1.12103877145985365674e-44	1.12103877145985365674e-44	0	0
identity_zero_q_near	roundtrip	5	255	-0.125	1	0	-0	0	0	-0	0	0	0	0	1.12103877145985365674e-44	1.12103877145985365674e-44	1.12103877145985365674e-44	0	0
identity_zero_q_far	original	0	0	0	0	0	-0	0	0	-0	0	0	0	0	1.12103877145985365674e-44	1.12103877145985365674e-44	1.12103877145985365674e-44	0	0
identity_zero_q_far	original	1	3	4	5	0	-0	0	0	-0	0	0	0	0	1.12103877145985365674e-44	1.12103877145985365674e-44	1.12103877145985365674e-44	0	0
identity_zero_q_far	original	2	-40	6	17	0	-0	0	0	-0	0	0	0	0	1.12103877145985365674e-44	1.12103877145985365674e-44	1.12103877145985365674e-44	0	0
identity_zero_q_far	original	3	120	-80	10	0	-0	0	0	-0	0	0	0	0	1.12103877145985365674e-44	1.12103877145985365674e-44	1.12103877145985365674e-44	0	0
identity_zero_q_far	original	4	-100	100	-99	0	-0	0	0	-0	0	0	0	0	1.12103877145985365674e-44	1.12103877145985365674e-44	1.12103877145985365674e-44	0	0
identity_zero_q_far	original	5	255	-0.125	1	0	-0	0	0	-0	0	0	0	0	1.12103877145985365674e-44	1.12103877145985365674e-44	1.12103877145985365674e-44	0	0
identity_zero_q_far	roundtrip	0	0	0	0	0	-0	0	0	-0	0	0	0	0	1.12103877145985365674e-44	1.12103877145985365674e-44	1.12103877145985365674e-44	0	0
identity_zero_q_far	roundtrip	1	3	4	5	0	-0	0	0	-0	0	0	0	0	1.12103877145985365674e-44	1.12103877145985365674e-44	1.12103877145985365674e-44	0	0
identity_zero_q_far	roundtrip	2	-40	6	17	0	-0	0	0	-0	0	0	0	0	1.12103877145985365674e-44	1.12103877145985365674e-44	1.12103877145985365674e-44	0	0
identity_zero_q_far	roundtrip	3	120	-80	10	0	-0	0	0	-0	0	0	0	0	1.12103877145985365674e-44	1.12103877145985365674e-44	1.12103877145985365674e-44	0	0
identity_zero_q_far	roundtrip	4	-100	100	-99	0	-0	0	0	-0	0	0	0	0	1.12103877145985365674e-44	1.12103877145985365674e-44	1.12103877145985365674e-44	0	0
identity_zero_q_far	roundtrip	5	255	-0.125	1	0	-0	0	0	-0	0	0	0	0	1.12103877145985365674e-44	1.12103877145985365674e-44	1.12103877145985365674e-44	0	0
identity_zero_minus_q_near	original	0	0	0	0	0	-0	0	0	-0	0	0	0	0	1.12103877145985365674e-44	1.12103877145985365674e-44	1.12103877145985365674e-44	0	0
identity_zero_minus_q_near	original	1	3	4	5	0	-0	0	0	-0	0	0	0	0	1.12103877145985365674e-44	1.12103877145985365674e-44	1.12103877145985365674e-44	0	0
identity_zero_minus_q_near	original	2	-40	6	17	0	-0	0	0	-0	0	0	0	0	1.12103877145985365674e-44	1.12103877145985365674e-44	1.12103877145985365674e-44	0	0
identity_zero_minus_q_near	original	3	120	-80	10	0	-0	0	0	-0	0	0	0	0	1.12103877145985365674e-44	1.12103877145985365674e-44	1.12103877145985365674e-44	0	0
identity_zero_minus_q_near	original	4	-100	100	-99	0	-0	0	0	-0	0	0	0	0	1.12103877145985365674e-44	1.12103877145985365674e-44	1.12103877145985365674e-44	0	0
identity_zero_minus_q_near	original	5	255	-0.125	1	0	-0	0	0	-0	0	0	0	0	1.12103877145985365674e-44	1.12103877145985365674e-44	1.12103877145985365674e-44	0	0
identity_zero_minus_q_near	roundtrip	0	0	0	0	0	-0	0	0	-0	0	0	0	0	1.12103877145985365674e-44	1.12103877145985365674e-44	1.12103877145985365674e-44	0	0
identity_zero_minus_q_near	roundtrip	1	3	4	5	0	-0	0	0	-0	0	0	0	0	1.12103877145985365674e-44	1.12103877145985365674e-44	1.12103877145985365674e-44	0	0
identity_zero_minus_q_near	roundtrip	2	-40	6	17	0	-0	0	0	-0	0	0	0	0	1.12103877145985365674e-44	1.12103877145985365674e-44	1.12103877145985365674e-44	0	0
identity_zero_minus_q_near	roundtrip	3	120	-80	10	0	-0	0	0	-0	0	0	0	0	1.12103877145985365674e-44	1.12103877145985365674e-44	1.12103877145985365674e-44	0	0
identity_zero_minus_q_near	roundtrip	4	-100	100	-99	0	-0	0	0	-0	0	0	0	0	1.12103877145985365674e-44	1.12103877145985365674e-44	1.12103877145985365674e-44	0	0
identity_zero_minus_q_near	roundtrip	5	255	-0.125	1	0	-0	0	0	-0	0	0	0	0	1.12103877145985365674e-44	1.12103877145985365674e-44	1.12103877145985365674e-44	0	0
identity_zero_minus_q_far	original	0	0	0	0	0	-0	0	0	-0	0	0	0	0	1.12103877145985365674e-44	1.12103877145985365674e-44	1.12103877145985365674e-44	0	0
identity_zero_minus_q_far	original	1	3	4	5	0	-0	0	0	-0	0	0	0	0	1.12103877145985365674e-44	1.12103877145985365674e-44	1.12103877145985365674e-44	0	0
identity_zero_minus_q_far	original	2	-40	6	17	0	-0	0	0	-0	0	0	0	0	1.12103877145985365674e-44	1.12103877145985365674e-44	1.12103877145985365674e-44	0	0
identity_zero_minus_q_far	original	3	120	-80	10	0	-0	0	0	-0	0	0	0	0	1.12103877145985365674e-44	1.12103877145985365674e-44	1.12103877145985365674e-44	0	0
identity_zero_minus_q_far	original	4	-100	100	-99	0	-0	0	0	-0	0	0	0	0	1.12103877145985365674e-44	1.12103877145985365674e-44	1.12103877145985365674e-44	0	0
identity_zero_minus_q_far	original	5	255	-0.125	1	0	-0	0	0	-0	0	0	0	0	1.12103877145985365674e-44	1.12103877145985365674e-44	1.12103877145985365674e-44	0	0
identity_zero_minus_q_far	roundtrip	0	0	0	0	0	-0	0	0	-0	0	0	0	0	1.12103877145985365674e-44	1.12103877145985365674e-44	1.12103877145985365674e-44	0	0
identity_zero_minus_q_far	roundtrip	1	3	4	5	0	-0	0	0	-0	0	0	0	0	1.12103877145985365674e-44	1.12103877145985365674e-44	1.12103877145985365674e-44	0	0
identity_zero_minus_q_far	roundtrip	2	-40	6	17	0	-0	0	0	-0	0	0	0	0	1.12103877145985365674e-44	1.12103877145985365674e-44	1.12103877145985365674e-44	0	0
identity_zero_minus_q_far	roundtrip	3	120	-80	10	0	-0	0	0	-0	0	0	0	0	1.12103877145985365674e-44	1.12103877145985365674e-44	1.12103877145985365674e-44	0	0
identity_zero_minus_q_far	roundtrip	4	-100	100	-99	0	-0	0	0	-0	0	0	0	0	1.12103877145985365674e-44	1.12103877145985365674e-44	1.12103877145985365674e-44	0	0
identity_zero_minus_q_far	roundtrip	5	255	-0.125	1	0	-0	0	0	-0	0	0	0	0	1.12103877145985365674e-44	1.12103877145985365674e-44	1.12103877145985365674e-44	0	0
identity_quarter_q_near	original	0	0	0	0	0	-0.25	-0	0	-0.25	-0	0	-0.25	0	1.12103877145985365674e-44	9.5367795439893493246e-07	1.12103877145985365674e-44	0.25	0.25
identity_quarter_q_near	original	1	3	4	5	0	-0.25	-0	0	-0.25	-0	0	-0.25	0	1.12103877145985365674e-44	9.5367795439893493246e-07	1.12103877145985365674e-44	0.25	0.25
identity_quarter_q_near	original	2	-40	6	17	0	-0.25	-0	0	-0.25	-0	0	-0.25	0	1.12103877145985365674e-44	9.5367795439893493246e-07	1.12103877145985365674e-44	0.25	0.25
identity_quarter_q_near	original	3	120	-80	10	0	-0.25	-0	0	-0.25	-0	0	-0.25	0	1.12103877145985365674e-44	9.5367795439893493246e-07	1.12103877145985365674e-44	0.25	0.25
identity_quarter_q_near	original	4	-100	100	-99	0	-0.25	-0	0	-0.25	-0	0	-0.25	0	1.12103877145985365674e-44	9.5367795439893493246e-07	1.12103877145985365674e-44	0.25	0.25
identity_quarter_q_near	original	5	255	-0.125	1	0	-0.25	-0	0	-0.25	-0	0	-0.25	0	1.12103877145985365674e-44	9.5367795439893493246e-07	1.12103877145985365674e-44	0.25	0.25
identity_quarter_q_near	roundtrip	0	0	0	0	0	-0.25	-0	0	-0.25	-0	0	-0.25	0	1.12103877145985365674e-44	9.5367795439893493246e-07	1.12103877145985365674e-44	0.25	0.25
identity_quarter_q_near	roundtrip	1	3	4	5	0	-0.25	-0	0	-0.25	-0	0	-0.25	0	1.12103877145985365674e-44	9.5367795439893493246e-07	1.12103877145985365674e-44	0.25	0.25
identity_quarter_q_near	roundtrip	2	-40	6	17	0	-0.25	-0	0	-0.25	-0	0	-0.25	0	1.12103877145985365674e-44	9.5367795439893493246e-07	1.12103877145985365674e-44	0.25	0.25
identity_quarter_q_near	roundtrip	3	120	-80	10	0	-0.25	-0	0	-0.25	-0	0	-0.25	0	1.12103877145985365674e-44	9.5367795439893493246e-07	1.12103877145985365674e-44	0.25	0.25
identity_quarter_q_near	roundtrip	4	-100	100	-99	0	-0.25	-0	0	-0.25	-0	0	-0.25	0	1.12103877145985365674e-44	9.5367795439893493246e-07	1.12103877145985365674e-44	0.25	0.25
identity_quarter_q_near	roundtrip	5	255	-0.125	1	0	-0.25	-0	0	-0.25	-0	0	-0.25	0	1.12103877145985365674e-44	9.5367795439893493246e-07	1.12103877145985365674e-44	0.25	0.25
identity_quarter_q_far	original	0	0	0	0	0	-0.25	-0	0	-0.25	-0	0	-0.25	0	1.12103877145985365674e-44	9.5367795439893493246e-07	1.12103877145985365674e-44	0.25	0.25
identity_quarter_q_far	original	1	3	4	5	0	-0.25	-0	0	-0.25	-0	0	-0.25	0	1.12103877145985365674e-44	9.5367795439893493246e-07	1.12103877145985365674e-44	0.25	0.25
identity_quarter_q_far	original	2	-40	6	17	0	-0.25	-0	0	-0.25	-0	0	-0.25	0	1.12103877145985365674e-44	9.5367795439893493246e-07	1.12103877145985365674e-44	0.25	0.25
identity_quarter_q_far	original	3	120	-80	10	0	-0.25	-0	0	-0.25	-0	0	-0.25	0	1.12103877145985365674e-44	9.5367795439893493246e-07	1.12103877145985365674e-44	0.25	0.25
identity_quarter_q_far	original	4	-100	100	-99	0	-0.25	-0	0	-0.25	-0	0	-0.25	0	1.12103877145985365674e-44	9.5367795439893493246e-07	1.12103877145985365674e-44	0.25	0.25
identity_quarter_q_far	original	5	255	-0.125	1	0	-0.25	-0	0	-0.25	-0	0	-0.25	0	1.12103877145985365674e-44	9.5367795439893493246e-07	1.12103877145985365674e-44	0.25	0.25
identity_quarter_q_far	roundtrip	0	0	0	0	0	-0.25	-0	0	-0.25	-0	0	-0.25	0	1.12103877145985365674e-44	9.5367795439893493246e-07	1.12103877145985365674e-44	0.25	0.25
identity_quarter_q_far	roundtrip	1	3	4	5	0	-0.25	-0	0	-0.25	-0	0	-0.25	0	1.12103877145985365674e-44	9.5367795439893493246e-07	1.12103877145985365674e-44	0.25	0.25
identity_quarter_q_far	roundtrip	2	-40	6	17	0	-0.25	-0	0	-0.25	-0	0	-0.25	0	1.12103877145985365674e-44	9.5367795439893493246e-07	1.12103877145985365674e-44	0.25	0.25
identity_quarter_q_far	roundtrip	3	120	-80	10	0	-0.25	-0	0	-0.25	-0	0	-0.25	0	1.12103877145985365674e-44	9.5367795439893493246e-07	1.12103877145985365674e-44	0.25	0.25
identity_quarter_q_far	roundtrip	4	-100	100	-99	0	-0.25	-0	0	-0.25	-0	0	-0.25	0	1.12103877145985365674e-44	9.5367795439893493246e-07	1.12103877145985365674e-44	0.25	0.25
identity_quarter_q_far	roundtrip	5	255	-0.125	1	0	-0.25	-0	0	-0.25	-0	0	-0.25	0	1.12103877145985365674e-44	9.5367795439893493246e-07	1.12103877145985365674e-44	0.25	0.25
identity_quarter_minus_q_near	original	0	0	0	0	0	-0.25	-0	0	-0.25	-0	0	-0.25	0	1.12103877145985365674e-44	9.5367795439893493246e-07	1.12103877145985365674e-44	0.25	0.25
identity_quarter_minus_q_near	original	1	3	4	5	0	-0.25	-0	0	-0.25	-0	0	-0.25	0	1.12103877145985365674e-44	9.5367795439893493246e-07	1.12103877145985365674e-44	0.25	0.25
identity_quarter_minus_q_near	original	2	-40	6	17	0	-0.25	-0	0	-0.25	-0	0	-0.25	0	1.12103877145985365674e-44	9.5367795439893493246e-07	1.12103877145985365674e-44	0.25	0.25
identity_quarter_minus_q_near	original	3	120	-80	10	0	-0.25	-0	0	-0.25	-0	0	-0.25	0	1.12103877145985365674e-44	9.5367795439893493246e-07	1.12103877145985365674e-44	0.25	0.25
identity_quarter_minus_q_near	original	4	-100	100	-99	0	-0.25	-0	0	-0.25	-0	0	-0.25	0	1.12103877145985365674e-44	9.5367795439893493246e-07	1.12103877145985365674e-44	0.25	0.25
identity_quarter_minus_q_near	original	5	255	-0.125	1	0	-0.25	-0	0	-0.25	-0	0	-0.25	0	1.12103877145985365674e-44	9.5367795439893493246e-07	1.12103877145985365674e-44	0.25	0.25
identity_quarter_minus_q_near	roundtrip	0	0	0	0	0	-0.25	-0	0	-0.25	-0	0	-0.25	0	1.12103877145985365674e-44	9.5367795439893493246e-07	1.12103877145985365674e-44	0.25	0.25
identity_quarter_minus_q_near	roundtrip	1	3	4	5	0	-0.25	-0	0	-0.25	-0	0	-0.25	0	1.12103877145985365674e-44	9.5367795439893493246e-07	1.12103877145985365674e-44	0.25	0.25
identity_quarter_minus_q_near	roundtrip	2	-40	6	17	0	-0.25	-0	0	-0.25	-0	0	-0.25	0	1.12103877145985365674e-44	9.5367795439893493246e-07	1.12103877145985365674e-44	0.25	0.25
identity_quarter_minus_q_near	roundtrip	3	120	-80	10	0	-0.25	-0	0	-0.25	-0	0	-0.25	0	1.12103877145985365674e-44	9.5367795439893493246e-07	1.12103877145985365674e-44	0.25	0.25
identity_quarter_minus_q_near	roundtrip	4	-100	100	-99	0	-0.25	-0	0	-0.25	-0	0	-0.25	0	1.12103877145985365674e-44	9.5367795439893493246e-07	1.12103877145985365674e-44	0.25	0.25
identity_quarter_minus_q_near	roundtrip	5	255	-0.125	1	0	-0.25	-0	0	-0.25	-0	0	-0.25	0	1.12103877145985365674e-44	9.5367795439893493246e-07	1.12103877145985365674e-44	0.25	0.25
identity_quarter_minus_q_far	original	0	0	0	0	0	-0.25	-0	0	-0.25	-0	0	-0.25	0	1.12103877145985365674e-44	9.5367795439893493246e-07	1.12103877145985365674e-44	0.25	0.25
identity_quarter_minus_q_far	original	1	3	4	5	0	-0.25	-0	0	-0.25	-0	0	-0.25	0	1.12103877145985365674e-44	9.5367795439893493246e-07	1.12103877145985365674e-44	0.25	0.25
identity_quarter_minus_q_far	original	2	-40	6	17	0	-0.25	-0	0	-0.25	-0	0	-0.25	0	1.12103877145985365674e-44	9.5367795439893493246e-07	1.12103877145985365674e-44	0.25	0.25
identity_quarter_minus_q_far	original	3	120	-80	10	0	-0.25	-0	0	-0.25	-0	0	-0.25	0	1.12103877145985365674e-44	9.5367795439893493246e-07	1.12103877145985365674e-44	0.25	0.25
identity_quarter_minus_q_far	original	4	-100	100	-99	0	-0.25	-0	0	-0.25	-0	0	-0.25	0	1.12103877145985365674e-44	9.5367795439893493246e-07	1.12103877145985365674e-44	0.25	0.25
identity_quarter_minus_q_far	original	5	255	-0.125	1	0	-0.25	-0	0	-0.25	-0	0	-0.25	0	1.12103877145985365674e-44	9.5367795439893493246e-07	1.12103877145985365674e-44	0.25	0.25
identity_quarter_minus_q_far	roundtrip	0	0	0	0	0	-0.25	-0	0	-0.25	-0	0	-0.25	0	1.12103877145985365674e-44	9.5367795439893493246e-07	1.12103877145985365674e-44	0.25	0.25
identity_quarter_minus_q_far	roundtrip	1	3	4	5	0	-0.25	-0	0	-0.25	-0	0	-0.25	0	1.12103877145985365674e-44	9.5367795439893493246e-07	1.12103877145985365674e-44	0.25	0.25
identity_quarter_minus_q_far	roundtrip	2	-40	6	17	0	-0.25	-0	0	-0.25	-0	0	-0.25	0	1.12103877145985365674e-44	9.5367795439893493246e-07	1.12103877145985365674e-44	0.25	0.25
identity_quarter_minus_q_far	roundtrip	3	120	-80	10	0	-0.25	-0	0	-0.25	-0	0	-0.25	0	1.12103877145985365674e-44	9.5367795439893493246e-07	1.12103877145985365674e-44	0.25	0.25
identity_quarter_minus_q_far	roundtrip	4	-100	100	-99	0	-0.25	-0	0	-0.25	-0	0	-0.25	0	1.12103877145985365674e-44	9.5367795439893493246e-07	1.12103877145985365674e-44	0.25	0.25
identity_quarter_minus_q_far	roundtrip	5	255	-0.125	1	0	-0.25	-0	0	-0.25	-0	0	-0.25	0	1.12103877145985365674e-44	9.5367795439893493246e-07	1.12103877145985365674e-44	0.25	0.25
identity_3_7_q_near	original	0	0	0	0	0	-3.70000000000000000004	-0	0	-3.70000004768371582031	-0	0	-3.70000004768371582031	0	1.12103877145985365674e-44	1.41144339070038712469e-05	1.12103877145985365674e-44	3.70000004768371582031	3.70000004768371582031
identity_3_7_q_near	original	1	3	4	5	0	-3.70000000000000000004	-0	0	-3.70000004768371582031	-0	0	-3.70000004768371582031	0	1.12103877145985365674e-44	1.41144339070038712469e-05	1.12103877145985365674e-44	3.70000004768371582031	3.70000004768371582031
identity_3_7_q_near	original	2	-40	6	17	0	-3.70000000000000000004	-0	0	-3.70000004768371582031	-0	0	-3.70000004768371582031	0	1.12103877145985365674e-44	1.41144339070038712469e-05	1.12103877145985365674e-44	3.70000004768371582031	3.70000004768371582031
identity_3_7_q_near	original	3	120	-80	10	0	-3.70000000000000000004	-0	0	-3.70000004768371582031	-0	0	-3.70000004768371582031	0	1.12103877145985365674e-44	1.41144339070038712469e-05	1.12103877145985365674e-44	3.70000004768371582031	3.70000004768371582031
identity_3_7_q_near	original	4	-100	100	-99	0	-3.70000000000000000004	-0	0	-3.70000004768371582031	-0	0	-3.70000004768371582031	0	1.12103877145985365674e-44	1.41144339070038712469e-05	1.12103877145985365674e-44	3.70000004768371582031	3.70000004768371582031
identity_3_7_q_near	original	5	255	-0.125	1	0	-3.70000000000000000004	-0	0	-3.70000004768371582031	-0	0	-3.70000004768371582031	0	1.12103877145985365674e-44	1.41144339070038712469e-05	1.12103877145985365674e-44	3.70000004768371582031	3.70000004768371582031
identity_3_7_q_near	roundtrip	0	0	0	0	0	-3.70000000000000000004	-0	0	-3.70000004768371582031	-0	0	-3.70000004768371582031	0	1.12103877145985365674e-44	1.41144339070038712469e-05	1.12103877145985365674e-44	3.70000004768371582031	3.70000004768371582031
identity_3_7_q_near	roundtrip	1	3	4	5	0	-3.70000000000000000004	-0	0	-3.70000004768371582031	-0	0	-3.70000004768371582031	0	1.12103877145985365674e-44	1.41144339070038712469e-05	1.12103877145985365674e-44	3.70000004768371582031	3.70000004768371582031
identity_3_7_q_near	roundtrip	2	-40	6	17	0	-3.70000000000000000004	-0	0	-3.70000004768371582031	-0	0	-3.70000004768371582031	0	1.12103877145985365674e-44	1.41144339070038712469e-05	1.12103877145985365674e-44	3.70000004768371582031	3.70000004768371582031
identity_3_7_q_near	roundtrip	3	120	-80	10	0	-3.70000000000000000004	-0	0	-3.70000004768371582031	-0	0	-3.70000004768371582031	0	1.12103877145985365674e-44	1.41144339070038712469e-05	1.12103877145985365674e-44	3.70000004768371582031	3.70000004768371582031
identity_3_7_q_near	roundtrip	4	-100	100	-99	0	-3.70000000000000000004	-0	0	-3.70000004768371582031	-0	0	-3.70000004768371582031	0	1.12103877145985365674e-44	1.41144339070038712469e-05	1.12103877145985365674e-44	3.70000004768371582031	3.70000004768371582031
identity_3_7_q_near	roundtrip	5	255	-0.125	1	0	-3.70000000000000000004	-0	0	-3.70000004768371582031	-0	0	-3.70000004768371582031	0	1.12103877145985365674e-44	1.41144339070038712469e-05	1.12103877145985365674e-44	3.70000004768371582031	3.70000004768371582031
identity_3_7_q_far	original	0	0	0	0	0	-3.70000000000000000004	-0	0	-3.70000004768371582031	-0	0	-3.70000004768371582031	0	1.12103877145985365674e-44	1.41144339070038712469e-05	1.12103877145985365674e-44	3.70000004768371582031	3.70000004768371582031
identity_3_7_q_far	original	1	3	4	5	0	-3.70000000000000000004	-0	0	-3.70000004768371582031	-0	0	-3.70000004768371582031	0	1.12103877145985365674e-44	1.41144339070038712469e-05	1.12103877145985365674e-44	3.70000004768371582031	3.70000004768371582031
identity_3_7_q_far	original	2	-40	6	17	0	-3.70000000000000000004	-0	0	-3.70000004768371582031	-0	0	-3.70000004768371582031	0	1.12103877145985365674e-44	1.41144339070038712469e-05	1.12103877145985365674e-44	3.70000004768371582031	3.70000004768371582031
identity_3_7_q_far	original	3	120	-80	10	0	-3.70000000000000000004	-0	0	-3.70000004768371582031	-0	0	-3.70000004768371582031	0	1.12103877145985365674e-44	1.41144339070038712469e-05	1.12103877145985365674e-44	3.70000004768371582031	3.70000004768371582031
identity_3_7_q_far	original	4	-100	100	-99	0	-3.70000000000000000004	-0	0	-3.70000004768371582031	-0	0	-3.70000004768371582031	0	1.12103877145985365674e-44	1.41144339070038712469e-05	1.12103877145985365674e-44	3.70000004768371582031	3.70000004768371582031
identity_3_7_q_far	original	5	255	-0.125	1	0	-3.70000000000000000004	-0	0	-3.70000004768371582031	-0	0	-3.70000004768371582031	0	1.12103877145985365674e-44	1.41144339070038712469e-05	1.12103877145985365674e-44	3.70000004768371582031	3.70000004768371582031
identity_3_7_q_far	roundtrip	0	0	0	0	0	-3.70000000000000000004	-0	0	-3.70000004768371582031	-0	0	-3.70000004768371582031	0	1.12103877145985365674e-44	1.41144339070038712469e-05	1.12103877145985365674e-44	3.70000004768371582031	3.70000004768371582031
identity_3_7_q_far	roundtrip	1	3	4	5	0	-3.70000000000000000004	-0	0	-3.70000004768371582031	-0	0	-3.70000004768371582031	0	1.12103877145985365674e-44	1.41144339070038712469e-05	1.12103877145985365674e-44	3.70000004768371582031	3.70000004768371582031
identity_3_7_q_far	roundtrip	2	-40	6	17	0	-3.70000000000000000004	-0	0	-3.70000004768371582031	-0	0	-3.70000004768371582031	0	1.12103877145985365674e-44	1.41144339070038712469e-05	1.12103877145985365674e-44	3.70000004768371582031	3.70000004768371582031
identity_3_7_q_far	roundtrip	3	120	-80	10	0	-3.70000000000000000004	-0	0	-3.70000004768371582031	-0	0	-3.70000004768371582031	0	1.12103877145985365674e-44	1.41144339070038712469e-05	1.12103877145985365674e-44	3.70000004768371582031	3.70000004768371582031
identity_3_7_q_far	roundtrip	4	-100	100	-99	0	-3.70000000000000000004	-0	0	-3.70000004768371582031	-0	0	-3.70000004768371582031	0	1.12103877145985365674e-44	1.41144339070038712469e-05	1.12103877145985365674e-44	3.70000004768371582031	3.70000004768371582031
identity_3_7_q_far	roundtrip	5	255	-0.125	1	0	-3.70000000000000000004	-0	0	-3.70000004768371582031	-0	0	-3.70000004768371582031	0	1.12103877145985365674e-44	1.41144339070038712469e-05	1.12103877145985365674e-44	3.70000004768371582031	3.70000004768371582031
identity_3_7_minus_q_near	original	0	0	0	0	0	-3.70000000000000000004	-0	0	-3.70000004768371582031	-0	0	-3.70000004768371582031	0	1.12103877145985365674e-44	1.41144339070038712469e-05	1.12103877145985365674e-44	3.70000004768371582031	3.70000004768371582031
identity_3_7_minus_q_near	original	1	3	4	5	0	-3.70000000000000000004	-0	0	-3.70000004768371582031	-0	0	-3.70000004768371582031	0	1.12103877145985365674e-44	1.41144339070038712469e-05	1.12103877145985365674e-44	3.70000004768371582031	3.70000004768371582031
identity_3_7_minus_q_near	original	2	-40	6	17	0	-3.70000000000000000004	-0	0	-3.70000004768371582031	-0	0	-3.70000004768371582031	0	1.12103877145985365674e-44	1.41144339070038712469e-05	1.12103877145985365674e-44	3.70000004768371582031	3.70000004768371582031
identity_3_7_minus_q_near	original	3	120	-80	10	0	-3.70000000000000000004	-0	0	-3.70000004768371582031	-0	0	-3.70000004768371582031	0	1.12103877145985365674e-44	1.41144339070038712469e-05	1.12103877145985365674e-44	3.70000004768371582031	3.70000004768371582031
identity_3_7_minus_q_near	original	4	-100	100	-99	0	-3.70000000000000000004	-0	0	-3.70000004768371582031	-0	0	-3.70000004768371582031	0	1.12103877145985365674e-44	1.41144339070038712469e-05	1.12103877145985365674e-44	3.70000004768371582031	3.70000004768371582031
identity_3_7_minus_q_near	original	5	255	-0.125	1	0	-3.70000000000000000004	-0	0	-3.70000004768371582031	-0	0	-3.70000004768371582031	0	1.12103877145985365674e-44	1.41144339070038712469e-05	1.12103877145985365674e-44	3.70000004768371582031	3.70000004768371582031
identity_3_7_minus_q_near	roundtrip	0	0	0	0	0	-3.70000000000000000004	-0	0	-3.70000004768371582031	-0	0	-3.70000004768371582031	0	1.12103877145985365674e-44	1.41144339070038712469e-05	1.12103877145985365674e-44	3.70000004768371582031	3.70000004768371582031
identity_3_7_minus_q_near	roundtrip	1	3	4	5	0	-3.70000000000000000004	-0	0	-3.70000004768371582031	-0	0	-3.70000004768371582031	0	1.12103877145985365674e-44	1.41144339070038712469e-05	1.12103877145985365674e-44	3.70000004768371582031	3.70000004768371582031
identity_3_7_minus_q_near	roundtrip	2	-40	6	17	0	-3.70000000000000000004	-0	0	-3.70000004768371582031	-0	0	-3.70000004768371582031	0	1.12103877145985365674e-44	1.41144339070038712469e-05	1.12103877145985365674e-44	3.70000004768371582031	3.70000004768371582031
identity_3_7_minus_q_near	roundtrip	3	120	-80	10	0	-3.70000000000000000004	-0	0	-3.70000004768371582031	-0	0	-3.70000004768371582031	0	1.12103877145985365674e-44	1.41144339070038712469e-05	1.12103877145985365674e-44	3.70000004768371582031	3.70000004768371582031
identity_3_7_minus_q_near	roundtrip	4	-100	100	-99	0	-3.70000000000000000004	-0	0	-3.70000004768371582031	-0	0	-3.70000004768371582031	0	1.12103877145985365674e-44	1.41144339070038712469e-05	1.12103877145985365674e-44	3.70000004768371582031	3.70000004768371582031
identity_3_7_minus_q_near	roundtrip	5	255	-0.125	1	0	-3.70000000000000000004	-0	0	-3.70000004768371582031	-0	0	-3.70000004768371582031	0	1.12103877145985365674e-44	1.41144339070038712469e-05	1.12103877145985365674e-44	3.70000004768371582031	3.70000004768371582031
identity_3_7_minus_q_far	original	0	0	0	0	0	-3.70000000000000000004	-0	0	-3.70000004768371582031	-0	0	-3.70000004768371582031	0	1.12103877145985365674e-44	1.41144339070038712469e-05	1.12103877145985365674e-44	3.70000004768371582031	3.70000004768371582031
identity_3_7_minus_q_far	original	1	3	4	5	0	-3.70000000000000000004	-0	0	-3.70000004768371582031	-0	0	-3.70000004768371582031	0	1.12103877145985365674e-44	1.41144339070038712469e-05	1.12103877145985365674e-44	3.70000004768371582031	3.70000004768371582031
identity_3_7_minus_q_far	original	2	-40	6	17	0	-3.70000000000000000004	-0	0	-3.70000004768371582031	-0	0	-3.70000004768371582031	0	1.12103877145985365674e-44	1.41144339070038712469e-05	1.12103877145985365674e-44	3.70000004768371582031	3.70000004768371582031
identity_3_7_minus_q_far	original	3	120	-80	10	0	-3.70000000000000000004	-0	0	-3.70000004768371582031	-0	0	-3.70000004768371582031	0	1.12103877145985365674e-44	1.41144339070038712469e-05	1.12103877145985365674e-44	3.70000004768371582031	3.70000004768371582031
identity_3_7_minus_q_far	original	4	-100	100	-99	0	-3.70000000000000000004	-0	0	-3.70000004768371582031	-0	0	-3.70000004768371582031	0	1.12103877145985365674e-44	1.41144339070038712469e-05	1.12103877145985365674e-44	3.70000004768371582031	3.70000004768371582031
identity_3_7_minus_q_far	original	5	255	-0.125	1	0	-3.70000000000000000004	-0	0	-3.70000004768371582031	-0	0	-3.70000004768371582031	0	1.12103877145985365674e-44	1.41144339070038712469e-05	1.12103877145985365674e-44	3.70000004768371582031	3.70000004768371582031
identity_3_7_minus_q_far	roundtrip	0	0	0	0	0	-3.70000000000000000004	-0	0	-3.70000004768371582031	-0	0	-3.70000004768371582031	0	1.12103877145985365674e-44	1.41144339070038712469e-05	1.12103877145985365674e-44	3.70000004768371582031	3.70000004768371582031
identity_3_7_minus_q_far	roundtrip	1	3	4	5	0	-3.70000000000000000004	-0	0	-3.70000004768371582031	-0	0	-3.70000004768371582031	0	1.12103877145985365674e-44	1.41144339070038712469e-05	1.12103877145985365674e-44	3.70000004768371582031	3.70000004768371582031
identity_3_7_minus_q_far	roundtrip	2	-40	6	17	0	-3.70000000000000000004	-0	0	-3.70000004768371582031	-0	0	-3.70000004768371582031	0	1.12103877145985365674e-44	1.41144339070038712469e-05	1.12103877145985365674e-44	3.70000004768371582031	3.70000004768371582031
identity_3_7_minus_q_far	roundtrip	3	120	-80	10	0	-3.70000000000000000004	-0	0	-3.70000004768371582031	-0	0	-3.70000004768371582031	0	1.12103877145985365674e-44	1.41144339070038712469e-05	1.12103877145985365674e-44	3.70000004768371582031	3.70000004768371582031
identity_3_7_minus_q_far	roundtrip	4	-100	100	-99	0	-3.70000000000000000004	-0	0	-3.70000004768371582031	-0	0	-3.70000004768371582031	0	1.12103877145985365674e-44	1.41144339070038712469e-05	1.12103877145985365674e-44	3.70000004768371582031	3.70000004768371582031
identity_3_7_minus_q_far	roundtrip	5	255	-0.125	1	0	-3.70000000000000000004	-0	0	-3.70000004768371582031	-0	0	-3.70000004768371582031	0	1.12103877145985365674e-44	1.41144339070038712469e-05	1.12103877145985365674e-44	3.70000004768371582031	3.70000004768371582031
identity_17_25_q_near	original	0	0	0	0	0	-17.25	-0	0	-17.25	-0	0	-17.25	0	1.12103877145985365674e-44	6.58037788535265103398e-05	1.12103877145985365674e-44	17.25	17.25
identity_17_25_q_near	original	1	3	4	5	0	-17.25	-0	0	-17.25	-0	0	-17.25	0	1.12103877145985365674e-44	6.58037788535265103398e-05	1.12103877145985365674e-44	17.25	17.25
identity_17_25_q_near	original	2	-40	6	17	0	-17.25	-0	0	-17.25	-0	0	-17.25	0	1.12103877145985365674e-44	6.58037788535265103398e-05	1.12103877145985365674e-44	17.25	17.25
identity_17_25_q_near	original	3	120	-80	10	0	-17.25	-0	0	-17.25	-0	0	-17.25	0	1.12103877145985365674e-44	6.58037788535265103398e-05	1.12103877145985365674e-44	17.25	17.25
identity_17_25_q_near	original	4	-100	100	-99	0	-17.25	-0	0	-17.25	-0	0	-17.25	0	1.12103877145985365674e-44	6.58037788535265103398e-05	1.12103877145985365674e-44	17.25	17.25
identity_17_25_q_near	original	5	255	-0.125	1	0	-17.25	-0	0	-17.25	-0	0	-17.25	0	1.12103877145985365674e-44	6.58037788535265103398e-05	1.12103877145985365674e-44	17.25	17.25
identity_17_25_q_near	roundtrip	0	0	0	0	0	-17.25	-0	0	-17.25	-0	0	-17.25	0	1.12103877145985365674e-44	6.58037788535265103398e-05	1.12103877145985365674e-44	17.25	17.25
identity_17_25_q_near	roundtrip	1	3	4	5	0	-17.25	-0	0	-17.25	-0	0	-17.25	0	1.12103877145985365674e-44	6.58037788535265103398e-05	1.12103877145985365674e-44	17.25	17.25
identity_17_25_q_near	roundtrip	2	-40	6	17	0	-17.25	-0	0	-17.25	-0	0	-17.25	0	1.12103877145985365674e-44	6.58037788535265103398e-05	1.12103877145985365674e-44	17.25	17.25
identity_17_25_q_near	roundtrip	3	120	-80	10	0	-17.25	-0	0	-17.25	-0	0	-17.25	0	1.12103877145985365674e-44	6.58037788535265103398e-05	1.12103877145985365674e-44	17.25	17.25
identity_17_25_q_near	roundtrip	4	-100	100	-99	0	-17.25	-0	0	-17.25	-0	0	-17.25	0	1.12103877145985365674e-44	6.58037788535265103398e-05	1.12103877145985365674e-44	17.25	17.25
identity_17_25_q_near	roundtrip	5	255	-0.125	1	0	-17.25	-0	0	-17.25	-0	0	-17.25	0	1.12103877145985365674e-44	6.58037788535265103398e-05	1.12103877145985365674e-44	17.25	17.25
identity_17_25_q_far	original	0	0	0	0	0	-17.25	-0	0	-17.25	-0	0	-17.25	0	1.12103877145985365674e-44	6.58037788535265103398e-05	1.12103877145985365674e-44	17.25	17.25
identity_17_25_q_far	original	1	3	4	5	0	-17.25	-0	0	-17.25	-0	0	-17.25	0	1.12103877145985365674e-44	6.58037788535265103398e-05	1.12103877145985365674e-44	17.25	17.25
identity_17_25_q_far	original	2	-40	6	17	0	-17.25	-0	0	-17.25	-0	0	-17.25	0	1.12103877145985365674e-44	6.58037788535265103398e-05	1.12103877145985365674e-44	17.25	17.25
identity_17_25_q_far	original	3	120	-80	10	0	-17.25	-0	0	-17.25	-0	0	-17.25	0	1.12103877145985365674e-44	6.58037788535265103398e-05	1.12103877145985365674e-44	17.25	17.25
identity_17_25_q_far	original	4	-100	100	-99	0	-17.25	-0	0	-17.25	-0	0	-17.25	0	1.12103877145985365674e-44	6.58037788535265103398e-05	1.12103877145985365674e-44	17.25	17.25
identity_17_25_q_far	original	5	255	-0.125	1	0	-17.25	-0	0	-17.25	-0	0	-17.25	0	1.12103877145985365674e-44	6.58037788535265103398e-05	1.12103877145985365674e-44	17.25	17.25
identity_17_25_q_far	roundtrip	0	0	0	0	0	-17.25	-0	0	-17.25	-0	0	-17.25	0	1.12103877145985365674e-44	6.58037788535265103398e-05	1.12103877145985365674e-44	17.25	17.25
identity_17_25_q_far	roundtrip	1	3	4	5	0	-17.25	-0	0	-17.25	-0	0	-17.25	0	1.12103877145985365674e-44	6.58037788535265103398e-05	1.12103877145985365674e-44	17.25	17.25
identity_17_25_q_far	roundtrip	2	-40	6	17	0	-17.25	-0	0	-17.25	-0	0	-17.25	0	1.12103877145985365674e-44	6.58037788535265103398e-05	1.12103877145985365674e-44	17.25	17.25
identity_17_25_q_far	roundtrip	3	120	-80	10	0	-17.25	-0	0	-17.25	-0	0	-17.25	0	1.12103877145985365674e-44	6.58037788535265103398e-05	1.12103877145985365674e-44	17.25	17.25
identity_17_25_q_far	roundtrip	4	-100	100	-99	0	-17.25	-0	0	-17.25	-0	0	-17.25	0	1.12103877145985365674e-44	6.58037788535265103398e-05	1.12103877145985365674e-44	17.25	17.25
identity_17_25_q_far	roundtrip	5	255	-0.125	1	0	-17.25	-0	0	-17.25	-0	0	-17.25	0	1.12103877145985365674e-44	6.58037788535265103398e-05	1.12103877145985365674e-44	17.25	17.25
identity_17_25_minus_q_near	original	0	0	0	0	0	-17.25	-0	0	-17.25	-0	0	-17.25	0	1.12103877145985365674e-44	6.58037788535265103398e-05	1.12103877145985365674e-44	17.25	17.25
identity_17_25_minus_q_near	original	1	3	4	5	0	-17.25	-0	0	-17.25	-0	0	-17.25	0	1.12103877145985365674e-44	6.58037788535265103398e-05	1.12103877145985365674e-44	17.25	17.25
identity_17_25_minus_q_near	original	2	-40	6	17	0	-17.25	-0	0	-17.25	-0	0	-17.25	0	1.12103877145985365674e-44	6.58037788535265103398e-05	1.12103877145985365674e-44	17.25	17.25
identity_17_25_minus_q_near	original	3	120	-80	10	0	-17.25	-0	0	-17.25	-0	0	-17.25	0	1.12103877145985365674e-44	6.58037788535265103398e-05	1.12103877145985365674e-44	17.25	17.25
identity_17_25_minus_q_near	original	4	-100	100	-99	0	-17.25	-0	0	-17.25	-0	0	-17.25	0	1.12103877145985365674e-44	6.58037788535265103398e-05	1.12103877145985365674e-44	17.25	17.25
identity_17_25_minus_q_near	original	5	255	-0.125	1	0	-17.25	-0	0	-17.25	-0	0	-17.25	0	1.12103877145985365674e-44	6.58037788535265103398e-05	1.12103877145985365674e-44	17.25	17.25
identity_17_25_minus_q_near	roundtrip	0	0	0	0	0	-17.25	-0	0	-17.25	-0	0	-17.25	0	1.12103877145985365674e-44	6.58037788535265103398e-05	1.12103877145985365674e-44	17.25	17.25
identity_17_25_minus_q_near	roundtrip	1	3	4	5	0	-17.25	-0	0	-17.25	-0	0	-17.25	0	1.12103877145985365674e-44	6.58037788535265103398e-05	1.12103877145985365674e-44	17.25	17.25
identity_17_25_minus_q_near	roundtrip	2	-40	6	17	0	-17.25	-0	0	-17.25	-0	0	-17.25	0	1.12103877145985365674e-44	6.58037788535265103398e-05	1.12103877145985365674e-44	17.25	17.25
identity_17_25_minus_q_near	roundtrip	3	120	-80	10	0	-17.25	-0	0	-17.25	-0	0	-17.25	0	1.12103877145985365674e-44	6.58037788535265103398e-05	1.12103877145985365674e-44	17.25	17.25
identity_17_25_minus_q_near	roundtrip	4	-100	100	-99	0	-17.25	-0	0	-17.25	-0	0	-17.25	0	1.12103877145985365674e-44	6.58037788535265103398e-05	1.12103877145985365674e-44	17.25	17.25
identity_17_25_minus_q_near	roundtrip	5	255	-0.125	1	0	-17.25	-0	0	-17.25	-0	0	-17.25	0	1.12103877145985365674e-44	6.58037788535265103398e-05	1.12103877145985365674e-44	17.25	17.25
identity_17_25_minus_q_far	original	0	0	0	0	0	-17.25	-0	0	-17.25	-0	0	-17.25	0	1.12103877145985365674e-44	6.58037788535265103398e-05	1.12103877145985365674e-44	17.25	17.25
identity_17_25_minus_q_far	original	1	3	4	5	0	-17.25	-0	0	-17.25	-0	0	-17.25	0	1.12103877145985365674e-44	6.58037788535265103398e-05	1.12103877145985365674e-44	17.25	17.25
identity_17_25_minus_q_far	original	2	-40	6	17	0	-17.25	-0	0	-17.25	-0	0	-17.25	0	1.12103877145985365674e-44	6.58037788535265103398e-05	1.12103877145985365674e-44	17.25	17.25
identity_17_25_minus_q_far	original	3	120	-80	10	0	-17.25	-0	0	-17.25	-0	0	-17.25	0	1.12103877145985365674e-44	6.58037788535265103398e-05	1.12103877145985365674e-44	17.25	17.25
identity_17_25_minus_q_far	original	4	-100	100	-99	0	-17.25	-0	0	-17.25	-0	0	-17.25	0	1.12103877145985365674e-44	6.58037788535265103398e-05	1.12103877145985365674e-44	17.25	17.25
identity_17_25_minus_q_far	original	5	255	-0.125	1	0	-17.25	-0	0	-17.25	-0	0	-17.25	0	1.12103877145985365674e-44	6.58037788535265103398e-05	1.12103877145985365674e-44	17.25	17.25
identity_17_25_minus_q_far	roundtrip	0	0	0	0	0	-17.25	-0	0	-17.25	-0	0	-17.25	0	1.12103877145985365674e-44	6.58037788535265103398e-05	1.12103877145985365674e-44	17.25	17.25
identity_17_25_minus_q_far	roundtrip	1	3	4	5	0	-17.25	-0	0	-17.25	-0	0	-17.25	0	1.12103877145985365674e-44	6.58037788535265103398e-05	1.12103877145985365674e-44	17.25	17.25
identity_17_25_minus_q_far	roundtrip	2	-40	6	17	0	-17.25	-0	0	-17.25	-0	0	-17.25	0	1.12103877145985365674e-44	6.58037788535265103398e-05	1.12103877145985365674e-44	17.25	17.25
identity_17_25_minus_q_far	roundtrip	3	120	-80	10	0	-17.25	-0	0	-17.25	-0	0	-17.25	0	1.12103877145985365674e-44	6.58037788535265103398e-05	1.12103877145985365674e-44	17.25	17.25
identity_17_25_minus_q_far	roundtrip	4	-100	100	-99	0	-17.25	-0	0	-17.25	-0	0	-17.25	0	1.12103877145985365674e-44	6.58037788535265103398e-05	1.12103877145985365674e-44	17.25	17.25
identity_17_25_minus_q_far	roundtrip	5	255	-0.125	1	0	-17.25	-0	0	-17.25	-0	0	-17.25	0	1.12103877145985365674e-44	6.58037788535265103398e-05	1.12103877145985365674e-44	17.25	17.25
z_positive_half_default_q_near	original	0	0	0	0	4.90499999999979534316e-06	-9.80999999999877375038	-0	4.90500019742410799916e-06	-9.81000041961547296875	-0	4.90500042360508814454e-06	-9.81000041961669921875	0	1.87111622184231812375e-11	3.74223245313356659096e-05	1.12103877145985365674e-44	9.81000041961669921875	9.81000041961792546875
z_positive_half_default_q_near	original	1	3	4	5	4.90499999999979534316e-06	-9.80999999999877375038	-0	4.90500019742410799916e-06	-9.81000041961547296875	-0	4.90500042360508814454e-06	-9.81000041961669921875	0	1.87111622184231812375e-11	3.74223245313356659096e-05	1.12103877145985365674e-44	9.81000041961669921875	9.81000041961792546875
z_positive_half_default_q_near	original	2	-40	6	17	4.90499999999979534316e-06	-9.80999999999877375038	-0	4.90500019742410799916e-06	-9.81000041961547296875	-0	4.90500042360508814454e-06	-9.81000041961669921875	0	1.87111622184231812375e-11	3.74223245313356659096e-05	1.12103877145985365674e-44	9.81000041961669921875	9.81000041961792546875
z_positive_half_default_q_near	original	3	120	-80	10	4.90499999999979534316e-06	-9.80999999999877375038	-0	4.90500019742410799916e-06	-9.81000041961547296875	-0	4.90500042360508814454e-06	-9.81000041961669921875	0	1.87111622184231812375e-11	3.74223245313356659096e-05	1.12103877145985365674e-44	9.81000041961669921875	9.81000041961792546875
z_positive_half_default_q_near	original	4	-100	100	-99	4.90499999999979534316e-06	-9.80999999999877375038	-0	4.90500019742410799916e-06	-9.81000041961547296875	-0	4.90500042360508814454e-06	-9.81000041961669921875	0	1.87111622184231812375e-11	3.74223245313356659096e-05	1.12103877145985365674e-44	9.81000041961669921875	9.81000041961792546875
z_positive_half_default_q_near	original	5	255	-0.125	1	4.90499999999979534316e-06	-9.80999999999877375038	-0	4.90500019742410799916e-06	-9.81000041961547296875	-0	4.90500042360508814454e-06	-9.81000041961669921875	0	1.87111622184231812375e-11	3.74223245313356659096e-05	1.12103877145985365674e-44	9.81000041961669921875	9.81000041961792546875
z_positive_half_default_q_near	roundtrip	0	0	0	0	4.90499999999979534316e-06	-9.80999999999877375038	-0	4.90500019742410799916e-06	-9.81000041961547296875	-0	4.90500042360508814454e-06	-9.81000041961669921875	0	1.87111622184231812375e-11	3.74223245313356659096e-05	1.12103877145985365674e-44	9.81000041961669921875	9.81000041961792546875
z_positive_half_default_q_near	roundtrip	1	3	4	5	4.90499999999979534316e-06	-9.80999999999877375038	-0	4.90500019742410799916e-06	-9.81000041961547296875	-0	4.90500042360508814454e-06	-9.81000041961669921875	0	1.87111622184231812375e-11	3.74223245313356659096e-05	1.12103877145985365674e-44	9.81000041961669921875	9.81000041961792546875
z_positive_half_default_q_near	roundtrip	2	-40	6	17	4.90499999999979534316e-06	-9.80999999999877375038	-0	4.90500019742410799916e-06	-9.81000041961547296875	-0	4.90500042360508814454e-06	-9.81000041961669921875	0	1.87111622184231812375e-11	3.74223245313356659096e-05	1.12103877145985365674e-44	9.81000041961669921875	9.81000041961792546875
z_positive_half_default_q_near	roundtrip	3	120	-80	10	4.90499999999979534316e-06	-9.80999999999877375038	-0	4.90500019742410799916e-06	-9.81000041961547296875	-0	4.90500042360508814454e-06	-9.81000041961669921875	0	1.87111622184231812375e-11	3.74223245313356659096e-05	1.12103877145985365674e-44	9.81000041961669921875	9.81000041961792546875
z_positive_half_default_q_near	roundtrip	4	-100	100	-99	4.90499999999979534316e-06	-9.80999999999877375038	-0	4.90500019742410799916e-06	-9.81000041961547296875	-0	4.90500042360508814454e-06	-9.81000041961669921875	0	1.87111622184231812375e-11	3.74223245313356659096e-05	1.12103877145985365674e-44	9.81000041961669921875	9.81000041961792546875
z_positive_half_default_q_near	roundtrip	5	255	-0.125	1	4.90499999999979534316e-06	-9.80999999999877375038	-0	4.90500019742410799916e-06	-9.81000041961547296875	-0	4.90500042360508814454e-06	-9.81000041961669921875	0	1.87111622184231812375e-11	3.74223245313356659096e-05	1.12103877145985365674e-44	9.81000041961669921875	9.81000041961792546875
z_positive_half_default_q_far	original	0	0	0	0	4.90499999999979534316e-06	-9.80999999999877375038	-0	4.90500019742410799916e-06	-9.81000041961547296875	-0	4.90500042360508814454e-06	-9.81000041961669921875	0	1.87111622184231812375e-11	3.74223245313356659096e-05	1.12103877145985365674e-44	9.81000041961669921875	9.81000041961792546875
z_positive_half_default_q_far	original	1	3	4	5	4.90499999999979534316e-06	-9.80999999999877375038	-0	4.90500019742410799916e-06	-9.81000041961547296875	-0	4.90500042360508814454e-06	-9.81000041961669921875	0	1.87111622184231812375e-11	3.74223245313356659096e-05	1.12103877145985365674e-44	9.81000041961669921875	9.81000041961792546875
z_positive_half_default_q_far	original	2	-40	6	17	4.90499999999979534316e-06	-9.80999999999877375038	-0	4.90500019742410799916e-06	-9.81000041961547296875	-0	4.90500042360508814454e-06	-9.81000041961669921875	0	1.87111622184231812375e-11	3.74223245313356659096e-05	1.12103877145985365674e-44	9.81000041961669921875	9.81000041961792546875
z_positive_half_default_q_far	original	3	120	-80	10	4.90499999999979534316e-06	-9.80999999999877375038	-0	4.90500019742410799916e-06	-9.81000041961547296875	-0	4.90500042360508814454e-06	-9.81000041961669921875	0	1.87111622184231812375e-11	3.74223245313356659096e-05	1.12103877145985365674e-44	9.81000041961669921875	9.81000041961792546875
z_positive_half_default_q_far	original	4	-100	100	-99	4.90499999999979534316e-06	-9.80999999999877375038	-0	4.90500019742410799916e-06	-9.81000041961547296875	-0	4.90500042360508814454e-06	-9.81000041961669921875	0	1.87111622184231812375e-11	3.74223245313356659096e-05	1.12103877145985365674e-44	9.81000041961669921875	9.81000041961792546875
z_positive_half_default_q_far	original	5	255	-0.125	1	4.90499999999979534316e-06	-9.80999999999877375038	-0	4.90500019742410799916e-06	-9.81000041961547296875	-0	4.90500042360508814454e-06	-9.81000041961669921875	0	1.87111622184231812375e-11	3.74223245313356659096e-05	1.12103877145985365674e-44	9.81000041961669921875	9.81000041961792546875
z_positive_half_default_q_far	roundtrip	0	0	0	0	4.90499999999979534316e-06	-9.80999999999877375038	-0	4.90500019742410799916e-06	-9.81000041961547296875	-0	4.90500042360508814454e-06	-9.81000041961669921875	0	1.87111622184231812375e-11	3.74223245313356659096e-05	1.12103877145985365674e-44	9.81000041961669921875	9.81000041961792546875
z_positive_half_default_q_far	roundtrip	1	3	4	5	4.90499999999979534316e-06	-9.80999999999877375038	-0	4.90500019742410799916e-06	-9.81000041961547296875	-0	4.90500042360508814454e-06	-9.81000041961669921875	0	1.87111622184231812375e-11	3.74223245313356659096e-05	1.12103877145985365674e-44	9.81000041961669921875	9.81000041961792546875
z_positive_half_default_q_far	roundtrip	2	-40	6	17	4.90499999999979534316e-06	-9.80999999999877375038	-0	4.90500019742410799916e-06	-9.81000041961547296875	-0	4.90500042360508814454e-06	-9.81000041961669921875	0	1.87111622184231812375e-11	3.74223245313356659096e-05	1.12103877145985365674e-44	9.81000041961669921875	9.81000041961792546875
z_positive_half_default_q_far	roundtrip	3	120	-80	10	4.90499999999979534316e-06	-9.80999999999877375038	-0	4.90500019742410799916e-06	-9.81000041961547296875	-0	4.90500042360508814454e-06	-9.81000041961669921875	0	1.87111622184231812375e-11	3.74223245313356659096e-05	1.12103877145985365674e-44	9.81000041961669921875	9.81000041961792546875
z_positive_half_default_q_far	roundtrip	4	-100	100	-99	4.90499999999979534316e-06	-9.80999999999877375038	-0	4.90500019742410799916e-06	-9.81000041961547296875	-0	4.90500042360508814454e-06	-9.81000041961669921875	0	1.87111622184231812375e-11	3.74223245313356659096e-05	1.12103877145985365674e-44	9.81000041961669921875	9.81000041961792546875
z_positive_half_default_q_far	roundtrip	5	255	-0.125	1	4.90499999999979534316e-06	-9.80999999999877375038	-0	4.90500019742410799916e-06	-9.81000041961547296875	-0	4.90500042360508814454e-06	-9.81000041961669921875	0	1.87111622184231812375e-11	3.74223245313356659096e-05	1.12103877145985365674e-44	9.81000041961669921875	9.81000041961792546875
z_positive_half_default_minus_q_near	original	0	0	0	0	4.90499999999979534316e-06	-9.80999999999877375038	-0	4.90500019742410799916e-06	-9.81000041961547296875	-0	4.90500042360508814454e-06	-9.81000041961669921875	0	1.87111622184231812375e-11	3.74223245313356659096e-05	1.12103877145985365674e-44	9.81000041961669921875	9.81000041961792546875
z_positive_half_default_minus_q_near	original	1	3	4	5	4.90499999999979534316e-06	-9.80999999999877375038	-0	4.90500019742410799916e-06	-9.81000041961547296875	-0	4.90500042360508814454e-06	-9.81000041961669921875	0	1.87111622184231812375e-11	3.74223245313356659096e-05	1.12103877145985365674e-44	9.81000041961669921875	9.81000041961792546875
z_positive_half_default_minus_q_near	original	2	-40	6	17	4.90499999999979534316e-06	-9.80999999999877375038	-0	4.90500019742410799916e-06	-9.81000041961547296875	-0	4.90500042360508814454e-06	-9.81000041961669921875	0	1.87111622184231812375e-11	3.74223245313356659096e-05	1.12103877145985365674e-44	9.81000041961669921875	9.81000041961792546875
z_positive_half_default_minus_q_near	original	3	120	-80	10	4.90499999999979534316e-06	-9.80999999999877375038	-0	4.90500019742410799916e-06	-9.81000041961547296875	-0	4.90500042360508814454e-06	-9.81000041961669921875	0	1.87111622184231812375e-11	3.74223245313356659096e-05	1.12103877145985365674e-44	9.81000041961669921875	9.81000041961792546875
z_positive_half_default_minus_q_near	original	4	-100	100	-99	4.90499999999979534316e-06	-9.80999999999877375038	-0	4.90500019742410799916e-06	-9.81000041961547296875	-0	4.90500042360508814454e-06	-9.81000041961669921875	0	1.87111622184231812375e-11	3.74223245313356659096e-05	1.12103877145985365674e-44	9.81000041961669921875	9.81000041961792546875
z_positive_half_default_minus_q_near	original	5	255	-0.125	1	4.90499999999979534316e-06	-9.80999999999877375038	-0	4.90500019742410799916e-06	-9.81000041961547296875	-0	4.90500042360508814454e-06	-9.81000041961669921875	0	1.87111622184231812375e-11	3.74223245313356659096e-05	1.12103877145985365674e-44	9.81000041961669921875	9.81000041961792546875
z_positive_half_default_minus_q_near	roundtrip	0	0	0	0	4.90499999999979534316e-06	-9.80999999999877375038	-0	4.90500019742410799916e-06	-9.81000041961547296875	-0	4.90500042360508814454e-06	-9.81000041961669921875	0	1.87111622184231812375e-11	3.74223245313356659096e-05	1.12103877145985365674e-44	9.81000041961669921875	9.81000041961792546875
z_positive_half_default_minus_q_near	roundtrip	1	3	4	5	4.90499999999979534316e-06	-9.80999999999877375038	-0	4.90500019742410799916e-06	-9.81000041961547296875	-0	4.90500042360508814454e-06	-9.81000041961669921875	0	1.87111622184231812375e-11	3.74223245313356659096e-05	1.12103877145985365674e-44	9.81000041961669921875	9.81000041961792546875
z_positive_half_default_minus_q_near	roundtrip	2	-40	6	17	4.90499999999979534316e-06	-9.80999999999877375038	-0	4.90500019742410799916e-06	-9.81000041961547296875	-0	4.90500042360508814454e-06	-9.81000041961669921875	0	1.87111622184231812375e-11	3.74223245313356659096e-05	1.12103877145985365674e-44	9.81000041961669921875	9.81000041961792546875
z_positive_half_default_minus_q_near	roundtrip	3	120	-80	10	4.90499999999979534316e-06	-9.80999999999877375038	-0	4.90500019742410799916e-06	-9.81000041961547296875	-0	4.90500042360508814454e-06	-9.81000041961669921875	0	1.87111622184231812375e-11	3.74223245313356659096e-05	1.12103877145985365674e-44	9.81000041961669921875	9.81000041961792546875
z_positive_half_default_minus_q_near	roundtrip	4	-100	100	-99	4.90499999999979534316e-06	-9.80999999999877375038	-0	4.90500019742410799916e-06	-9.81000041961547296875	-0	4.90500042360508814454e-06	-9.81000041961669921875	0	1.87111622184231812375e-11	3.74223245313356659096e-05	1.12103877145985365674e-44	9.81000041961669921875	9.81000041961792546875
z_positive_half_default_minus_q_near	roundtrip	5	255	-0.125	1	4.90499999999979534316e-06	-9.80999999999877375038	-0	4.90500019742410799916e-06	-9.81000041961547296875	-0	4.90500042360508814454e-06	-9.81000041961669921875	0	1.87111622184231812375e-11	3.74223245313356659096e-05	1.12103877145985365674e-44	9.81000041961669921875	9.81000041961792546875
z_positive_half_default_minus_q_far	original	0	0	0	0	4.90499999999979534316e-06	-9.80999999999877375038	-0	4.90500019742410799916e-06	-9.81000041961547296875	-0	4.90500042360508814454e-06	-9.81000041961669921875	0	1.87111622184231812375e-11	3.74223245313356659096e-05	1.12103877145985365674e-44	9.81000041961669921875	9.81000041961792546875
z_positive_half_default_minus_q_far	original	1	3	4	5	4.90499999999979534316e-06	-9.80999999999877375038	-0	4.90500019742410799916e-06	-9.81000041961547296875	-0	4.90500042360508814454e-06	-9.81000041961669921875	0	1.87111622184231812375e-11	3.74223245313356659096e-05	1.12103877145985365674e-44	9.81000041961669921875	9.81000041961792546875
z_positive_half_default_minus_q_far	original	2	-40	6	17	4.90499999999979534316e-06	-9.80999999999877375038	-0	4.90500019742410799916e-06	-9.81000041961547296875	-0	4.90500042360508814454e-06	-9.81000041961669921875	0	1.87111622184231812375e-11	3.74223245313356659096e-05	1.12103877145985365674e-44	9.81000041961669921875	9.81000041961792546875
z_positive_half_default_minus_q_far	original	3	120	-80	10	4.90499999999979534316e-06	-9.80999999999877375038	-0	4.90500019742410799916e-06	-9.81000041961547296875	-0	4.90500042360508814454e-06	-9.81000041961669921875	0	1.87111622184231812375e-11	3.74223245313356659096e-05	1.12103877145985365674e-44	9.81000041961669921875	9.81000041961792546875
z_positive_half_default_minus_q_far	original	4	-100	100	-99	4.90499999999979534316e-06	-9.80999999999877375038	-0	4.90500019742410799916e-06	-9.81000041961547296875	-0	4.90500042360508814454e-06	-9.81000041961669921875	0	1.87111622184231812375e-11	3.74223245313356659096e-05	1.12103877145985365674e-44	9.81000041961669921875	9.81000041961792546875
z_positive_half_default_minus_q_far	original	5	255	-0.125	1	4.90499999999979534316e-06	-9.80999999999877375038	-0	4.90500019742410799916e-06	-9.81000041961547296875	-0	4.90500042360508814454e-06	-9.81000041961669921875	0	1.87111622184231812375e-11	3.74223245313356659096e-05	1.12103877145985365674e-44	9.81000041961669921875	9.81000041961792546875
z_positive_half_default_minus_q_far	roundtrip	0	0	0	0	4.90499999999979534316e-06	-9.80999999999877375038	-0	4.90500019742410799916e-06	-9.81000041961547296875	-0	4.90500042360508814454e-06	-9.81000041961669921875	0	1.87111622184231812375e-11	3.74223245313356659096e-05	1.12103877145985365674e-44	9.81000041961669921875	9.81000041961792546875
z_positive_half_default_minus_q_far	roundtrip	1	3	4	5	4.90499999999979534316e-06	-9.80999999999877375038	-0	4.90500019742410799916e-06	-9.81000041961547296875	-0	4.90500042360508814454e-06	-9.81000041961669921875	0	1.87111622184231812375e-11	3.74223245313356659096e-05	1.12103877145985365674e-44	9.81000041961669921875	9.81000041961792546875
z_positive_half_default_minus_q_far	roundtrip	2	-40	6	17	4.90499999999979534316e-06	-9.80999999999877375038	-0	4.90500019742410799916e-06	-9.81000041961547296875	-0	4.90500042360508814454e-06	-9.81000041961669921875	0	1.87111622184231812375e-11	3.74223245313356659096e-05	1.12103877145985365674e-44	9.81000041961669921875	9.81000041961792546875
z_positive_half_default_minus_q_far	roundtrip	3	120	-80	10	4.90499999999979534316e-06	-9.80999999999877375038	-0	4.90500019742410799916e-06	-9.81000041961547296875	-0	4.90500042360508814454e-06	-9.81000041961669921875	0	1.87111622184231812375e-11	3.74223245313356659096e-05	1.12103877145985365674e-44	9.81000041961669921875	9.81000041961792546875
z_positive_half_default_minus_q_far	roundtrip	4	-100	100	-99	4.90499999999979534316e-06	-9.80999999999877375038	-0	4.90500019742410799916e-06	-9.81000041961547296875	-0	4.90500042360508814454e-06	-9.81000041961669921875	0	1.87111622184231812375e-11	3.74223245313356659096e-05	1.12103877145985365674e-44	9.81000041961669921875	9.81000041961792546875
z_positive_half_default_minus_q_far	roundtrip	5	255	-0.125	1	4.90499999999979534316e-06	-9.80999999999877375038	-0	4.90500019742410799916e-06	-9.81000041961547296875	-0	4.90500042360508814454e-06	-9.81000041961669921875	0	1.87111622184231812375e-11	3.74223245313356659096e-05	1.12103877145985365674e-44	9.81000041961669921875	9.81000041961792546875
z_negative_half_default_q_near	original	0	0	0	0	-4.90499999999979534316e-06	-9.80999999999877375038	-0	-4.90500019742410799916e-06	-9.81000041961547296875	-0	-4.90500042360508814454e-06	-9.81000041961669921875	0	1.87111622184231812375e-11	3.74223245313356659096e-05	1.12103877145985365674e-44	9.81000041961669921875	9.81000041961792546875
z_negative_half_default_q_near	original	1	3	4	5	-4.90499999999979534316e-06	-9.80999999999877375038	-0	-4.90500019742410799916e-06	-9.81000041961547296875	-0	-4.90500042360508814454e-06	-9.81000041961669921875	0	1.87111622184231812375e-11	3.74223245313356659096e-05	1.12103877145985365674e-44	9.81000041961669921875	9.81000041961792546875
z_negative_half_default_q_near	original	2	-40	6	17	-4.90499999999979534316e-06	-9.80999999999877375038	-0	-4.90500019742410799916e-06	-9.81000041961547296875	-0	-4.90500042360508814454e-06	-9.81000041961669921875	0	1.87111622184231812375e-11	3.74223245313356659096e-05	1.12103877145985365674e-44	9.81000041961669921875	9.81000041961792546875
z_negative_half_default_q_near	original	3	120	-80	10	-4.90499999999979534316e-06	-9.80999999999877375038	-0	-4.90500019742410799916e-06	-9.81000041961547296875	-0	-4.90500042360508814454e-06	-9.81000041961669921875	0	1.87111622184231812375e-11	3.74223245313356659096e-05	1.12103877145985365674e-44	9.81000041961669921875	9.81000041961792546875
z_negative_half_default_q_near	original	4	-100	100	-99	-4.90499999999979534316e-06	-9.80999999999877375038	-0	-4.90500019742410799916e-06	-9.81000041961547296875	-0	-4.90500042360508814454e-06	-9.81000041961669921875	0	1.87111622184231812375e-11	3.74223245313356659096e-05	1.12103877145985365674e-44	9.81000041961669921875	9.81000041961792546875
z_negative_half_default_q_near	original	5	255	-0.125	1	-4.90499999999979534316e-06	-9.80999999999877375038	-0	-4.90500019742410799916e-06	-9.81000041961547296875	-0	-4.90500042360508814454e-06	-9.81000041961669921875	0	1.87111622184231812375e-11	3.74223245313356659096e-05	1.12103877145985365674e-44	9.81000041961669921875	9.81000041961792546875
z_negative_half_default_q_near	roundtrip	0	0	0	0	-4.90499999999979534316e-06	-9.80999999999877375038	-0	-4.90500019742410799916e-06	-9.81000041961547296875	-0	-4.90500042360508814454e-06	-9.81000041961669921875	0	1.87111622184231812375e-11	3.74223245313356659096e-05	1.12103877145985365674e-44	9.81000041961669921875	9.81000041961792546875
z_negative_half_default_q_near	roundtrip	1	3	4	5	-4.90499999999979534316e-06	-9.80999999999877375038	-0	-4.90500019742410799916e-06	-9.81000041961547296875	-0	-4.90500042360508814454e-06	-9.81000041961669921875	0	1.87111622184231812375e-11	3.74223245313356659096e-05	1.12103877145985365674e-44	9.81000041961669921875	9.81000041961792546875
z_negative_half_default_q_near	roundtrip	2	-40	6	17	-4.90499999999979534316e-06	-9.80999999999877375038	-0	-4.90500019742410799916e-06	-9.81000041961547296875	-0	-4.90500042360508814454e-06	-9.81000041961669921875	0	1.87111622184231812375e-11	3.74223245313356659096e-05	1.12103877145985365674e-44	9.81000041961669921875	9.81000041961792546875
z_negative_half_default_q_near	roundtrip	3	120	-80	10	-4.90499999999979534316e-06	-9.80999999999877375038	-0	-4.90500019742410799916e-06	-9.81000041961547296875	-0	-4.90500042360508814454e-06	-9.81000041961669921875	0	1.87111622184231812375e-11	3.74223245313356659096e-05	1.12103877145985365674e-44	9.81000041961669921875	9.81000041961792546875
z_negative_half_default_q_near	roundtrip	4	-100	100	-99	-4.90499999999979534316e-06	-9.80999999999877375038	-0	-4.90500019742410799916e-06	-9.81000041961547296875	-0	-4.90500042360508814454e-06	-9.81000041961669921875	0	1.87111622184231812375e-11	3.74223245313356659096e-05	1.12103877145985365674e-44	9.81000041961669921875	9.81000041961792546875
z_negative_half_default_q_near	roundtrip	5	255	-0.125	1	-4.90499999999979534316e-06	-9.80999999999877375038	-0	-4.90500019742410799916e-06	-9.81000041961547296875	-0	-4.90500042360508814454e-06	-9.81000041961669921875	0	1.87111622184231812375e-11	3.74223245313356659096e-05	1.12103877145985365674e-44	9.81000041961669921875	9.81000041961792546875
z_negative_half_default_q_far	original	0	0	0	0	-4.90499999999979534316e-06	-9.80999999999877375038	-0	-4.90500019742410799916e-06	-9.81000041961547296875	-0	-4.90500042360508814454e-06	-9.81000041961669921875	0	1.87111622184231812375e-11	3.74223245313356659096e-05	1.12103877145985365674e-44	9.81000041961669921875	9.81000041961792546875
z_negative_half_default_q_far	original	1	3	4	5	-4.90499999999979534316e-06	-9.80999999999877375038	-0	-4.90500019742410799916e-06	-9.81000041961547296875	-0	-4.90500042360508814454e-06	-9.81000041961669921875	0	1.87111622184231812375e-11	3.74223245313356659096e-05	1.12103877145985365674e-44	9.81000041961669921875	9.81000041961792546875
z_negative_half_default_q_far	original	2	-40	6	17	-4.90499999999979534316e-06	-9.80999999999877375038	-0	-4.90500019742410799916e-06	-9.81000041961547296875	-0	-4.90500042360508814454e-06	-9.81000041961669921875	0	1.87111622184231812375e-11	3.74223245313356659096e-05	1.12103877145985365674e-44	9.81000041961669921875	9.81000041961792546875
z_negative_half_default_q_far	original	3	120	-80	10	-4.90499999999979534316e-06	-9.80999999999877375038	-0	-4.90500019742410799916e-06	-9.81000041961547296875	-0	-4.90500042360508814454e-06	-9.81000041961669921875	0	1.87111622184231812375e-11	3.74223245313356659096e-05	1.12103877145985365674e-44	9.81000041961669921875	9.81000041961792546875
z_negative_half_default_q_far	original	4	-100	100	-99	-4.90499999999979534316e-06	-9.80999999999877375038	-0	-4.90500019742410799916e-06	-9.81000041961547296875	-0	-4.90500042360508814454e-06	-9.81000041961669921875	0	1.87111622184231812375e-11	3.74223245313356659096e-05	1.12103877145985365674e-44	9.81000041961669921875	9.81000041961792546875
z_negative_half_default_q_far	original	5	255	-0.125	1	-4.90499999999979534316e-06	-9.80999999999877375038	-0	-4.90500019742410799916e-06	-9.81000041961547296875	-0	-4.90500042360508814454e-06	-9.81000041961669921875	0	1.87111622184231812375e-11	3.74223245313356659096e-05	1.12103877145985365674e-44	9.81000041961669921875	9.81000041961792546875
z_negative_half_default_q_far	roundtrip	0	0	0	0	-4.90499999999979534316e-06	-9.80999999999877375038	-0	-4.90500019742410799916e-06	-9.81000041961547296875	-0	-4.90500042360508814454e-06	-9.81000041961669921875	0	1.87111622184231812375e-11	3.74223245313356659096e-05	1.12103877145985365674e-44	9.81000041961669921875	9.81000041961792546875
z_negative_half_default_q_far	roundtrip	1	3	4	5	-4.90499999999979534316e-06	-9.80999999999877375038	-0	-4.90500019742410799916e-06	-9.81000041961547296875	-0	-4.90500042360508814454e-06	-9.81000041961669921875	0	1.87111622184231812375e-11	3.74223245313356659096e-05	1.12103877145985365674e-44	9.81000041961669921875	9.81000041961792546875
z_negative_half_default_q_far	roundtrip	2	-40	6	17	-4.90499999999979534316e-06	-9.80999999999877375038	-0	-4.90500019742410799916e-06	-9.81000041961547296875	-0	-4.90500042360508814454e-06	-9.81000041961669921875	0	1.87111622184231812375e-11	3.74223245313356659096e-05	1.12103877145985365674e-44	9.81000041961669921875	9.81000041961792546875
z_negative_half_default_q_far	roundtrip	3	120	-80	10	-4.90499999999979534316e-06	-9.80999999999877375038	-0	-4.90500019742410799916e-06	-9.81000041961547296875	-0	-4.90500042360508814454e-06	-9.81000041961669921875	0	1.87111622184231812375e-11	3.74223245313356659096e-05	1.12103877145985365674e-44	9.81000041961669921875	9.81000041961792546875
z_negative_half_default_q_far	roundtrip	4	-100	100	-99	-4.90499999999979534316e-06	-9.80999999999877375038	-0	-4.90500019742410799916e-06	-9.81000041961547296875	-0	-4.90500042360508814454e-06	-9.81000041961669921875	0	1.87111622184231812375e-11	3.74223245313356659096e-05	1.12103877145985365674e-44	9.81000041961669921875	9.81000041961792546875
z_negative_half_default_q_far	roundtrip	5	255	-0.125	1	-4.90499999999979534316e-06	-9.80999999999877375038	-0	-4.90500019742410799916e-06	-9.81000041961547296875	-0	-4.90500042360508814454e-06	-9.81000041961669921875	0	1.87111622184231812375e-11	3.74223245313356659096e-05	1.12103877145985365674e-44	9.81000041961669921875	9.81000041961792546875
z_negative_half_default_minus_q_near	original	0	0	0	0	-4.90499999999979534316e-06	-9.80999999999877375038	-0	-4.90500019742410799916e-06	-9.81000041961547296875	-0	-4.90500042360508814454e-06	-9.81000041961669921875	0	1.87111622184231812375e-11	3.74223245313356659096e-05	1.12103877145985365674e-44	9.81000041961669921875	9.81000041961792546875
z_negative_half_default_minus_q_near	original	1	3	4	5	-4.90499999999979534316e-06	-9.80999999999877375038	-0	-4.90500019742410799916e-06	-9.81000041961547296875	-0	-4.90500042360508814454e-06	-9.81000041961669921875	0	1.87111622184231812375e-11	3.74223245313356659096e-05	1.12103877145985365674e-44	9.81000041961669921875	9.81000041961792546875
z_negative_half_default_minus_q_near	original	2	-40	6	17	-4.90499999999979534316e-06	-9.80999999999877375038	-0	-4.90500019742410799916e-06	-9.81000041961547296875	-0	-4.90500042360508814454e-06	-9.81000041961669921875	0	1.87111622184231812375e-11	3.74223245313356659096e-05	1.12103877145985365674e-44	9.81000041961669921875	9.81000041961792546875
z_negative_half_default_minus_q_near	original	3	120	-80	10	-4.90499999999979534316e-06	-9.80999999999877375038	-0	-4.90500019742410799916e-06	-9.81000041961547296875	-0	-4.90500042360508814454e-06	-9.81000041961669921875	0	1.87111622184231812375e-11	3.74223245313356659096e-05	1.12103877145985365674e-44	9.81000041961669921875	9.81000041961792546875
z_negative_half_default_minus_q_near	original	4	-100	100	-99	-4.90499999999979534316e-06	-9.80999999999877375038	-0	-4.90500019742410799916e-06	-9.81000041961547296875	-0	-4.90500042360508814454e-06	-9.81000041961669921875	0	1.87111622184231812375e-11	3.74223245313356659096e-05	1.12103877145985365674e-44	9.81000041961669921875	9.81000041961792546875
z_negative_half_default_minus_q_near	original	5	255	-0.125	1	-4.90499999999979534316e-06	-9.80999999999877375038	-0	-4.90500019742410799916e-06	-9.81000041961547296875	-0	-4.90500042360508814454e-06	-9.81000041961669921875	0	1.87111622184231812375e-11	3.74223245313356659096e-05	1.12103877145985365674e-44	9.81000041961669921875	9.81000041961792546875
z_negative_half_default_minus_q_near	roundtrip	0	0	0	0	-4.90499999999979534316e-06	-9.80999999999877375038	-0	-4.90500019742410799916e-06	-9.81000041961547296875	-0	-4.90500042360508814454e-06	-9.81000041961669921875	0	1.87111622184231812375e-11	3.74223245313356659096e-05	1.12103877145985365674e-44	9.81000041961669921875	9.81000041961792546875
z_negative_half_default_minus_q_near	roundtrip	1	3	4	5	-4.90499999999979534316e-06	-9.80999999999877375038	-0	-4.90500019742410799916e-06	-9.81000041961547296875	-0	-4.90500042360508814454e-06	-9.81000041961669921875	0	1.87111622184231812375e-11	3.74223245313356659096e-05	1.12103877145985365674e-44	9.81000041961669921875	9.81000041961792546875
z_negative_half_default_minus_q_near	roundtrip	2	-40	6	17	-4.90499999999979534316e-06	-9.80999999999877375038	-0	-4.90500019742410799916e-06	-9.81000041961547296875	-0	-4.90500042360508814454e-06	-9.81000041961669921875	0	1.87111622184231812375e-11	3.74223245313356659096e-05	1.12103877145985365674e-44	9.81000041961669921875	9.81000041961792546875
z_negative_half_default_minus_q_near	roundtrip	3	120	-80	10	-4.90499999999979534316e-06	-9.80999999999877375038	-0	-4.90500019742410799916e-06	-9.81000041961547296875	-0	-4.90500042360508814454e-06	-9.81000041961669921875	0	1.87111622184231812375e-11	3.74223245313356659096e-05	1.12103877145985365674e-44	9.81000041961669921875	9.81000041961792546875
z_negative_half_default_minus_q_near	roundtrip	4	-100	100	-99	-4.90499999999979534316e-06	-9.80999999999877375038	-0	-4.90500019742410799916e-06	-9.81000041961547296875	-0	-4.90500042360508814454e-06	-9.81000041961669921875	0	1.87111622184231812375e-11	3.74223245313356659096e-05	1.12103877145985365674e-44	9.81000041961669921875	9.81000041961792546875
z_negative_half_default_minus_q_near	roundtrip	5	255	-0.125	1	-4.90499999999979534316e-06	-9.80999999999877375038	-0	-4.90500019742410799916e-06	-9.81000041961547296875	-0	-4.90500042360508814454e-06	-9.81000041961669921875	0	1.87111622184231812375e-11	3.74223245313356659096e-05	1.12103877145985365674e-44	9.81000041961669921875	9.81000041961792546875
z_negative_half_default_minus_q_far	original	0	0	0	0	-4.90499999999979534316e-06	-9.80999999999877375038	-0	-4.90500019742410799916e-06	-9.81000041961547296875	-0	-4.90500042360508814454e-06	-9.81000041961669921875	0	1.87111622184231812375e-11	3.74223245313356659096e-05	1.12103877145985365674e-44	9.81000041961669921875	9.81000041961792546875
z_negative_half_default_minus_q_far	original	1	3	4	5	-4.90499999999979534316e-06	-9.80999999999877375038	-0	-4.90500019742410799916e-06	-9.81000041961547296875	-0	-4.90500042360508814454e-06	-9.81000041961669921875	0	1.87111622184231812375e-11	3.74223245313356659096e-05	1.12103877145985365674e-44	9.81000041961669921875	9.81000041961792546875
z_negative_half_default_minus_q_far	original	2	-40	6	17	-4.90499999999979534316e-06	-9.80999999999877375038	-0	-4.90500019742410799916e-06	-9.81000041961547296875	-0	-4.90500042360508814454e-06	-9.81000041961669921875	0	1.87111622184231812375e-11	3.74223245313356659096e-05	1.12103877145985365674e-44	9.81000041961669921875	9.81000041961792546875
z_negative_half_default_minus_q_far	original	3	120	-80	10	-4.90499999999979534316e-06	-9.80999999999877375038	-0	-4.90500019742410799916e-06	-9.81000041961547296875	-0	-4.90500042360508814454e-06	-9.81000041961669921875	0	1.87111622184231812375e-11	3.74223245313356659096e-05	1.12103877145985365674e-44	9.81000041961669921875	9.81000041961792546875
z_negative_half_default_minus_q_far	original	4	-100	100	-99	-4.90499999999979534316e-06	-9.80999999999877375038	-0	-4.90500019742410799916e-06	-9.81000041961547296875	-0	-4.90500042360508814454e-06	-9.81000041961669921875	0	1.87111622184231812375e-11	3.74223245313356659096e-05	1.12103877145985365674e-44	9.81000041961669921875	9.81000041961792546875
z_negative_half_default_minus_q_far	original	5	255	-0.125	1	-4.90499999999979534316e-06	-9.80999999999877375038	-0	-4.90500019742410799916e-06	-9.81000041961547296875	-0	-4.90500042360508814454e-06	-9.81000041961669921875	0	1.87111622184231812375e-11	3.74223245313356659096e-05	1.12103877145985365674e-44	9.81000041961669921875	9.81000041961792546875
z_negative_half_default_minus_q_far	roundtrip	0	0	0	0	-4.90499999999979534316e-06	-9.80999999999877375038	-0	-4.90500019742410799916e-06	-9.81000041961547296875	-0	-4.90500042360508814454e-06	-9.81000041961669921875	0	1.87111622184231812375e-11	3.74223245313356659096e-05	1.12103877145985365674e-44	9.81000041961669921875	9.81000041961792546875
z_negative_half_default_minus_q_far	roundtrip	1	3	4	5	-4.90499999999979534316e-06	-9.80999999999877375038	-0	-4.90500019742410799916e-06	-9.81000041961547296875	-0	-4.90500042360508814454e-06	-9.81000041961669921875	0	1.87111622184231812375e-11	3.74223245313356659096e-05	1.12103877145985365674e-44	9.81000041961669921875	9.81000041961792546875
z_negative_half_default_minus_q_far	roundtrip	2	-40	6	17	-4.90499999999979534316e-06	-9.80999999999877375038	-0	-4.90500019742410799916e-06	-9.81000041961547296875	-0	-4.90500042360508814454e-06	-9.81000041961669921875	0	1.87111622184231812375e-11	3.74223245313356659096e-05	1.12103877145985365674e-44	9.81000041961669921875	9.81000041961792546875
z_negative_half_default_minus_q_far	roundtrip	3	120	-80	10	-4.90499999999979534316e-06	-9.80999999999877375038	-0	-4.90500019742410799916e-06	-9.81000041961547296875	-0	-4.90500042360508814454e-06	-9.81000041961669921875	0	1.87111622184231812375e-11	3.74223245313356659096e-05	1.12103877145985365674e-44	9.81000041961669921875	9.81000041961792546875
z_negative_half_default_minus_q_far	roundtrip	4	-100	100	-99	-4.90499999999979534316e-06	-9.80999999999877375038	-0	-4.90500019742410799916e-06	-9.81000041961547296875	-0	-4.90500042360508814454e-06	-9.81000041961669921875	0	1.87111622184231812375e-11	3.74223245313356659096e-05	1.12103877145985365674e-44	9.81000041961669921875	9.81000041961792546875
z_negative_half_default_minus_q_far	roundtrip	5	255	-0.125	1	-4.90499999999979534316e-06	-9.80999999999877375038	-0	-4.90500019742410799916e-06	-9.81000041961547296875	-0	-4.90500042360508814454e-06	-9.81000041961669921875	0	1.87111622184231812375e-11	3.74223245313356659096e-05	1.12103877145985365674e-44	9.81000041961669921875	9.81000041961792546875
z_positive_below_default_q_near	original	0	0	0	0	9.80018999999837154304e-06	-9.80999999999510480502	-0	9.80019049817145223957e-06	-9.81000041961180402339	-0	9.80019012786215171218e-06	-9.81000041961669921875	0	3.73849025080641185888e-11	3.74223245313496618784e-05	1.12103877145985365674e-44	9.81000041961669921875	9.81000041962159441324
z_positive_below_default_q_near	original	1	3	4	5	9.80018999999837154304e-06	-9.80999999999510480502	-0	9.80019049817145223957e-06	-9.81000041961180402339	-0	9.80019012786215171218e-06	-9.81000041961669921875	0	3.73849025080641185888e-11	3.74223245313496618784e-05	1.12103877145985365674e-44	9.81000041961669921875	9.81000041962159441324
z_positive_below_default_q_near	original	2	-40	6	17	9.80018999999837154304e-06	-9.80999999999510480502	-0	9.80019049817145223957e-06	-9.81000041961180402339	-0	9.80019012786215171218e-06	-9.81000041961669921875	0	3.73849025080641185888e-11	3.74223245313496618784e-05	1.12103877145985365674e-44	9.81000041961669921875	9.81000041962159441324
z_positive_below_default_q_near	original	3	120	-80	10	9.80018999999837154304e-06	-9.80999999999510480502	-0	9.80019049817145223957e-06	-9.81000041961180402339	-0	9.80019012786215171218e-06	-9.81000041961669921875	0	3.73849025080641185888e-11	3.74223245313496618784e-05	1.12103877145985365674e-44	9.81000041961669921875	9.81000041962159441324
z_positive_below_default_q_near	original	4	-100	100	-99	9.80018999999837154304e-06	-9.80999999999510480502	-0	9.80019049817145223957e-06	-9.81000041961180402339	-0	9.80019012786215171218e-06	-9.81000041961669921875	0	3.73849025080641185888e-11	3.74223245313496618784e-05	1.12103877145985365674e-44	9.81000041961669921875	9.81000041962159441324
z_positive_below_default_q_near	original	5	255	-0.125	1	9.80018999999837154304e-06	-9.80999999999510480502	-0	9.80019049817145223957e-06	-9.81000041961180402339	-0	9.80019012786215171218e-06	-9.81000041961669921875	0	3.73849025080641185888e-11	3.74223245313496618784e-05	1.12103877145985365674e-44	9.81000041961669921875	9.81000041962159441324
z_positive_below_default_q_near	roundtrip	0	0	0	0	9.80018999999837154304e-06	-9.80999999999510480502	-0	9.80019049817145223957e-06	-9.81000041961180402339	-0	9.80019012786215171218e-06	-9.81000041961669921875	0	3.73849025080641185888e-11	3.74223245313496618784e-05	1.12103877145985365674e-44	9.81000041961669921875	9.81000041962159441324
z_positive_below_default_q_near	roundtrip	1	3	4	5	9.80018999999837154304e-06	-9.80999999999510480502	-0	9.80019049817145223957e-06	-9.81000041961180402339	-0	9.80019012786215171218e-06	-9.81000041961669921875	0	3.73849025080641185888e-11	3.74223245313496618784e-05	1.12103877145985365674e-44	9.81000041961669921875	9.81000041962159441324
z_positive_below_default_q_near	roundtrip	2	-40	6	17	9.80018999999837154304e-06	-9.80999999999510480502	-0	9.80019049817145223957e-06	-9.81000041961180402339	-0	9.80019012786215171218e-06	-9.81000041961669921875	0	3.73849025080641185888e-11	3.74223245313496618784e-05	1.12103877145985365674e-44	9.81000041961669921875	9.81000041962159441324
z_positive_below_default_q_near	roundtrip	3	120	-80	10	9.80018999999837154304e-06	-9.80999999999510480502	-0	9.80019049817145223957e-06	-9.81000041961180402339	-0	9.80019012786215171218e-06	-9.81000041961669921875	0	3.73849025080641185888e-11	3.74223245313496618784e-05	1.12103877145985365674e-44	9.81000041961669921875	9.81000041962159441324
z_positive_below_default_q_near	roundtrip	4	-100	100	-99	9.80018999999837154304e-06	-9.80999999999510480502	-0	9.80019049817145223957e-06	-9.81000041961180402339	-0	9.80019012786215171218e-06	-9.81000041961669921875	0	3.73849025080641185888e-11	3.74223245313496618784e-05	1.12103877145985365674e-44	9.81000041961669921875	9.81000041962159441324
z_positive_below_default_q_near	roundtrip	5	255	-0.125	1	9.80018999999837154304e-06	-9.80999999999510480502	-0	9.80019049817145223957e-06	-9.81000041961180402339	-0	9.80019012786215171218e-06	-9.81000041961669921875	0	3.73849025080641185888e-11	3.74223245313496618784e-05	1.12103877145985365674e-44	9.81000041961669921875	9.81000041962159441324
z_positive_below_default_q_far	original	0	0	0	0	9.80018999999837154304e-06	-9.80999999999510480502	-0	9.80019049817145223957e-06	-9.81000041961180402339	-0	9.80019012786215171218e-06	-9.81000041961669921875	0	3.73849025080641185888e-11	3.74223245313496618784e-05	1.12103877145985365674e-44	9.81000041961669921875	9.81000041962159441324
z_positive_below_default_q_far	original	1	3	4	5	9.80018999999837154304e-06	-9.80999999999510480502	-0	9.80019049817145223957e-06	-9.81000041961180402339	-0	9.80019012786215171218e-06	-9.81000041961669921875	0	3.73849025080641185888e-11	3.74223245313496618784e-05	1.12103877145985365674e-44	9.81000041961669921875	9.81000041962159441324
z_positive_below_default_q_far	original	2	-40	6	17	9.80018999999837154304e-06	-9.80999999999510480502	-0	9.80019049817145223957e-06	-9.81000041961180402339	-0	9.80019012786215171218e-06	-9.81000041961669921875	0	3.73849025080641185888e-11	3.74223245313496618784e-05	1.12103877145985365674e-44	9.81000041961669921875	9.81000041962159441324
z_positive_below_default_q_far	original	3	120	-80	10	9.80018999999837154304e-06	-9.80999999999510480502	-0	9.80019049817145223957e-06	-9.81000041961180402339	-0	9.80019012786215171218e-06	-9.81000041961669921875	0	3.73849025080641185888e-11	3.74223245313496618784e-05	1.12103877145985365674e-44	9.81000041961669921875	9.81000041962159441324
z_positive_below_default_q_far	original	4	-100	100	-99	9.80018999999837154304e-06	-9.80999999999510480502	-0	9.80019049817145223957e-06	-9.81000041961180402339	-0	9.80019012786215171218e-06	-9.81000041961669921875	0	3.73849025080641185888e-11	3.74223245313496618784e-05	1.12103877145985365674e-44	9.81000041961669921875	9.81000041962159441324
z_positive_below_default_q_far	original	5	255	-0.125	1	9.80018999999837154304e-06	-9.80999999999510480502	-0	9.80019049817145223957e-06	-9.81000041961180402339	-0	9.80019012786215171218e-06	-9.81000041961669921875	0	3.73849025080641185888e-11	3.74223245313496618784e-05	1.12103877145985365674e-44	9.81000041961669921875	9.81000041962159441324
z_positive_below_default_q_far	roundtrip	0	0	0	0	9.80018999999837154304e-06	-9.80999999999510480502	-0	9.80019049817145223957e-06	-9.81000041961180402339	-0	9.80019012786215171218e-06	-9.81000041961669921875	0	3.73849025080641185888e-11	3.74223245313496618784e-05	1.12103877145985365674e-44	9.81000041961669921875	9.81000041962159441324
z_positive_below_default_q_far	roundtrip	1	3	4	5	9.80018999999837154304e-06	-9.80999999999510480502	-0	9.80019049817145223957e-06	-9.81000041961180402339	-0	9.80019012786215171218e-06	-9.81000041961669921875	0	3.73849025080641185888e-11	3.74223245313496618784e-05	1.12103877145985365674e-44	9.81000041961669921875	9.81000041962159441324
z_positive_below_default_q_far	roundtrip	2	-40	6	17	9.80018999999837154304e-06	-9.80999999999510480502	-0	9.80019049817145223957e-06	-9.81000041961180402339	-0	9.80019012786215171218e-06	-9.81000041961669921875	0	3.73849025080641185888e-11	3.74223245313496618784e-05	1.12103877145985365674e-44	9.81000041961669921875	9.81000041962159441324
z_positive_below_default_q_far	roundtrip	3	120	-80	10	9.80018999999837154304e-06	-9.80999999999510480502	-0	9.80019049817145223957e-06	-9.81000041961180402339	-0	9.80019012786215171218e-06	-9.81000041961669921875	0	3.73849025080641185888e-11	3.74223245313496618784e-05	1.12103877145985365674e-44	9.81000041961669921875	9.81000041962159441324
z_positive_below_default_q_far	roundtrip	4	-100	100	-99	9.80018999999837154304e-06	-9.80999999999510480502	-0	9.80019049817145223957e-06	-9.81000041961180402339	-0	9.80019012786215171218e-06	-9.81000041961669921875	0	3.73849025080641185888e-11	3.74223245313496618784e-05	1.12103877145985365674e-44	9.81000041961669921875	9.81000041962159441324
z_positive_below_default_q_far	roundtrip	5	255	-0.125	1	9.80018999999837154304e-06	-9.80999999999510480502	-0	9.80019049817145223957e-06	-9.81000041961180402339	-0	9.80019012786215171218e-06	-9.81000041961669921875	0	3.73849025080641185888e-11	3.74223245313496618784e-05	1.12103877145985365674e-44	9.81000041961669921875	9.81000041962159441324
z_positive_below_default_minus_q_near	original	0	0	0	0	9.80018999999837154304e-06	-9.80999999999510480502	-0	9.80019049817145223957e-06	-9.81000041961180402339	-0	9.80019012786215171218e-06	-9.81000041961669921875	0	3.73849025080641185888e-11	3.74223245313496618784e-05	1.12103877145985365674e-44	9.81000041961669921875	9.81000041962159441324
z_positive_below_default_minus_q_near	original	1	3	4	5	9.80018999999837154304e-06	-9.80999999999510480502	-0	9.80019049817145223957e-06	-9.81000041961180402339	-0	9.80019012786215171218e-06	-9.81000041961669921875	0	3.73849025080641185888e-11	3.74223245313496618784e-05	1.12103877145985365674e-44	9.81000041961669921875	9.81000041962159441324
z_positive_below_default_minus_q_near	original	2	-40	6	17	9.80018999999837154304e-06	-9.80999999999510480502	-0	9.80019049817145223957e-06	-9.81000041961180402339	-0	9.80019012786215171218e-06	-9.81000041961669921875	0	3.73849025080641185888e-11	3.74223245313496618784e-05	1.12103877145985365674e-44	9.81000041961669921875	9.81000041962159441324
z_positive_below_default_minus_q_near	original	3	120	-80	10	9.80018999999837154304e-06	-9.80999999999510480502	-0	9.80019049817145223957e-06	-9.81000041961180402339	-0	9.80019012786215171218e-06	-9.81000041961669921875	0	3.73849025080641185888e-11	3.74223245313496618784e-05	1.12103877145985365674e-44	9.81000041961669921875	9.81000041962159441324
z_positive_below_default_minus_q_near	original	4	-100	100	-99	9.80018999999837154304e-06	-9.80999999999510480502	-0	9.80019049817145223957e-06	-9.81000041961180402339	-0	9.80019012786215171218e-06	-9.81000041961669921875	0	3.73849025080641185888e-11	3.74223245313496618784e-05	1.12103877145985365674e-44	9.81000041961669921875	9.81000041962159441324
z_positive_below_default_minus_q_near	original	5	255	-0.125	1	9.80018999999837154304e-06	-9.80999999999510480502	-0	9.80019049817145223957e-06	-9.81000041961180402339	-0	9.80019012786215171218e-06	-9.81000041961669921875	0	3.73849025080641185888e-11	3.74223245313496618784e-05	1.12103877145985365674e-44	9.81000041961669921875	9.81000041962159441324
z_positive_below_default_minus_q_near	roundtrip	0	0	0	0	9.80018999999837154304e-06	-9.80999999999510480502	-0	9.80019049817145223957e-06	-9.81000041961180402339	-0	9.80019012786215171218e-06	-9.81000041961669921875	0	3.73849025080641185888e-11	3.74223245313496618784e-05	1.12103877145985365674e-44	9.81000041961669921875	9.81000041962159441324
z_positive_below_default_minus_q_near	roundtrip	1	3	4	5	9.80018999999837154304e-06	-9.80999999999510480502	-0	9.80019049817145223957e-06	-9.81000041961180402339	-0	9.80019012786215171218e-06	-9.81000041961669921875	0	3.73849025080641185888e-11	3.74223245313496618784e-05	1.12103877145985365674e-44	9.81000041961669921875	9.81000041962159441324
z_positive_below_default_minus_q_near	roundtrip	2	-40	6	17	9.80018999999837154304e-06	-9.80999999999510480502	-0	9.80019049817145223957e-06	-9.81000041961180402339	-0	9.80019012786215171218e-06	-9.81000041961669921875	0	3.73849025080641185888e-11	3.74223245313496618784e-05	1.12103877145985365674e-44	9.81000041961669921875	9.81000041962159441324
z_positive_below_default_minus_q_near	roundtrip	3	120	-80	10	9.80018999999837154304e-06	-9.80999999999510480502	-0	9.80019049817145223957e-06	-9.81000041961180402339	-0	9.80019012786215171218e-06	-9.81000041961669921875	0	3.73849025080641185888e-11	3.74223245313496618784e-05	1.12103877145985365674e-44	9.81000041961669921875	9.81000041962159441324
z_positive_below_default_minus_q_near	roundtrip	4	-100	100	-99	9.80018999999837154304e-06	-9.80999999999510480502	-0	9.80019049817145223957e-06	-9.81000041961180402339	-0	9.80019012786215171218e-06	-9.81000041961669921875	0	3.73849025080641185888e-11	3.74223245313496618784e-05	1.12103877145985365674e-44	9.81000041961669921875	9.81000041962159441324
z_positive_below_default_minus_q_near	roundtrip	5	255	-0.125	1	9.80018999999837154304e-06	-9.80999999999510480502	-0	9.80019049817145223957e-06	-9.81000041961180402339	-0	9.80019012786215171218e-06	-9.81000041961669921875	0	3.73849025080641185888e-11	3.74223245313496618784e-05	1.12103877145985365674e-44	9.81000041961669921875	9.81000041962159441324
z_positive_below_default_minus_q_far	original	0	0	0	0	9.80018999999837154304e-06	-9.80999999999510480502	-0	9.80019049817145223957e-06	-9.81000041961180402339	-0	9.80019012786215171218e-06	-9.81000041961669921875	0	3.73849025080641185888e-11	3.74223245313496618784e-05	1.12103877145985365674e-44	9.81000041961669921875	9.81000041962159441324
z_positive_below_default_minus_q_far	original	1	3	4	5	9.80018999999837154304e-06	-9.80999999999510480502	-0	9.80019049817145223957e-06	-9.81000041961180402339	-0	9.80019012786215171218e-06	-9.81000041961669921875	0	3.73849025080641185888e-11	3.74223245313496618784e-05	1.12103877145985365674e-44	9.81000041961669921875	9.81000041962159441324
z_positive_below_default_minus_q_far	original	2	-40	6	17	9.80018999999837154304e-06	-9.80999999999510480502	-0	9.80019049817145223957e-06	-9.81000041961180402339	-0	9.80019012786215171218e-06	-9.81000041961669921875	0	3.73849025080641185888e-11	3.74223245313496618784e-05	1.12103877145985365674e-44	9.81000041961669921875	9.81000041962159441324
z_positive_below_default_minus_q_far	original	3	120	-80	10	9.80018999999837154304e-06	-9.80999999999510480502	-0	9.80019049817145223957e-06	-9.81000041961180402339	-0	9.80019012786215171218e-06	-9.81000041961669921875	0	3.73849025080641185888e-11	3.74223245313496618784e-05	1.12103877145985365674e-44	9.81000041961669921875	9.81000041962159441324
z_positive_below_default_minus_q_far	original	4	-100	100	-99	9.80018999999837154304e-06	-9.80999999999510480502	-0	9.80019049817145223957e-06	-9.81000041961180402339	-0	9.80019012786215171218e-06	-9.81000041961669921875	0	3.73849025080641185888e-11	3.74223245313496618784e-05	1.12103877145985365674e-44	9.81000041961669921875	9.81000041962159441324
z_positive_below_default_minus_q_far	original	5	255	-0.125	1	9.80018999999837154304e-06	-9.80999999999510480502	-0	9.80019049817145223957e-06	-9.81000041961180402339	-0	9.80019012786215171218e-06	-9.81000041961669921875	0	3.73849025080641185888e-11	3.74223245313496618784e-05	1.12103877145985365674e-44	9.81000041961669921875	9.81000041962159441324
z_positive_below_default_minus_q_far	roundtrip	0	0	0	0	9.80018999999837154304e-06	-9.80999999999510480502	-0	9.80019049817145223957e-06	-9.81000041961180402339	-0	9.80019012786215171218e-06	-9.81000041961669921875	0	3.73849025080641185888e-11	3.74223245313496618784e-05	1.12103877145985365674e-44	9.81000041961669921875	9.81000041962159441324
z_positive_below_default_minus_q_far	roundtrip	1	3	4	5	9.80018999999837154304e-06	-9.80999999999510480502	-0	9.80019049817145223957e-06	-9.81000041961180402339	-0	9.80019012786215171218e-06	-9.81000041961669921875	0	3.73849025080641185888e-11	3.74223245313496618784e-05	1.12103877145985365674e-44	9.81000041961669921875	9.81000041962159441324
z_positive_below_default_minus_q_far	roundtrip	2	-40	6	17	9.80018999999837154304e-06	-9.80999999999510480502	-0	9.80019049817145223957e-06	-9.81000041961180402339	-0	9.80019012786215171218e-06	-9.81000041961669921875	0	3.73849025080641185888e-11	3.74223245313496618784e-05	1.12103877145985365674e-44	9.81000041961669921875	9.81000041962159441324
z_positive_below_default_minus_q_far	roundtrip	3	120	-80	10	9.80018999999837154304e-06	-9.80999999999510480502	-0	9.80019049817145223957e-06	-9.81000041961180402339	-0	9.80019012786215171218e-06	-9.81000041961669921875	0	3.73849025080641185888e-11	3.74223245313496618784e-05	1.12103877145985365674e-44	9.81000041961669921875	9.81000041962159441324
z_positive_below_default_minus_q_far	roundtrip	4	-100	100	-99	9.80018999999837154304e-06	-9.80999999999510480502	-0	9.80019049817145223957e-06	-9.81000041961180402339	-0	9.80019012786215171218e-06	-9.81000041961669921875	0	3.73849025080641185888e-11	3.74223245313496618784e-05	1.12103877145985365674e-44	9.81000041961669921875	9.81000041962159441324
z_positive_below_default_minus_q_far	roundtrip	5	255	-0.125	1	9.80018999999837154304e-06	-9.80999999999510480502	-0	9.80019049817145223957e-06	-9.81000041961180402339	-0	9.80019012786215171218e-06	-9.81000041961669921875	0	3.73849025080641185888e-11	3.74223245313496618784e-05	1.12103877145985365674e-44	9.81000041961669921875	9.81000041962159441324
z_negative_below_default_q_near	original	0	0	0	0	-9.80018999999837154304e-06	-9.80999999999510480502	-0	-9.80019049817145223957e-06	-9.81000041961180402339	-0	-9.80019012786215171218e-06	-9.81000041961669921875	0	3.73849025080641185888e-11	3.74223245313496618784e-05	1.12103877145985365674e-44	9.81000041961669921875	9.81000041962159441324
z_negative_below_default_q_near	original	1	3	4	5	-9.80018999999837154304e-06	-9.80999999999510480502	-0	-9.80019049817145223957e-06	-9.81000041961180402339	-0	-9.80019012786215171218e-06	-9.81000041961669921875	0	3.73849025080641185888e-11	3.74223245313496618784e-05	1.12103877145985365674e-44	9.81000041961669921875	9.81000041962159441324
z_negative_below_default_q_near	original	2	-40	6	17	-9.80018999999837154304e-06	-9.80999999999510480502	-0	-9.80019049817145223957e-06	-9.81000041961180402339	-0	-9.80019012786215171218e-06	-9.81000041961669921875	0	3.73849025080641185888e-11	3.74223245313496618784e-05	1.12103877145985365674e-44	9.81000041961669921875	9.81000041962159441324
z_negative_below_default_q_near	original	3	120	-80	10	-9.80018999999837154304e-06	-9.80999999999510480502	-0	-9.80019049817145223957e-06	-9.81000041961180402339	-0	-9.80019012786215171218e-06	-9.81000041961669921875	0	3.73849025080641185888e-11	3.74223245313496618784e-05	1.12103877145985365674e-44	9.81000041961669921875	9.81000041962159441324
z_negative_below_default_q_near	original	4	-100	100	-99	-9.80018999999837154304e-06	-9.80999999999510480502	-0	-9.80019049817145223957e-06	-9.81000041961180402339	-0	-9.80019012786215171218e-06	-9.81000041961669921875	0	3.73849025080641185888e-11	3.74223245313496618784e-05	1.12103877145985365674e-44	9.81000041961669921875	9.81000041962159441324
z_negative_below_default_q_near	original	5	255	-0.125	1	-9.80018999999837154304e-06	-9.80999999999510480502	-0	-9.80019049817145223957e-06	-9.81000041961180402339	-0	-9.80019012786215171218e-06	-9.81000041961669921875	0	3.73849025080641185888e-11	3.74223245313496618784e-05	1.12103877145985365674e-44	9.81000041961669921875	9.81000041962159441324
z_negative_below_default_q_near	roundtrip	0	0	0	0	-9.80018999999837154304e-06	-9.80999999999510480502	-0	-9.80019049817145223957e-06	-9.81000041961180402339	-0	-9.80019012786215171218e-06	-9.81000041961669921875	0	3.73849025080641185888e-11	3.74223245313496618784e-05	1.12103877145985365674e-44	9.81000041961669921875	9.81000041962159441324
z_negative_below_default_q_near	roundtrip	1	3	4	5	-9.80018999999837154304e-06	-9.80999999999510480502	-0	-9.80019049817145223957e-06	-9.81000041961180402339	-0	-9.80019012786215171218e-06	-9.81000041961669921875	0	3.73849025080641185888e-11	3.74223245313496618784e-05	1.12103877145985365674e-44	9.81000041961669921875	9.81000041962159441324
z_negative_below_default_q_near	roundtrip	2	-40	6	17	-9.80018999999837154304e-06	-9.80999999999510480502	-0	-9.80019049817145223957e-06	-9.81000041961180402339	-0	-9.80019012786215171218e-06	-9.81000041961669921875	0	3.73849025080641185888e-11	3.74223245313496618784e-05	1.12103877145985365674e-44	9.81000041961669921875	9.81000041962159441324
z_negative_below_default_q_near	roundtrip	3	120	-80	10	-9.80018999999837154304e-06	-9.80999999999510480502	-0	-9.80019049817145223957e-06	-9.81000041961180402339	-0	-9.80019012786215171218e-06	-9.81000041961669921875	0	3.73849025080641185888e-11	3.74223245313496618784e-05	1.12103877145985365674e-44	9.81000041961669921875	9.81000041962159441324
z_negative_below_default_q_near	roundtrip	4	-100	100	-99	-9.80018999999837154304e-06	-9.80999999999510480502	-0	-9.80019049817145223957e-06	-9.81000041961180402339	-0	-9.80019012786215171218e-06	-9.81000041961669921875	0	3.73849025080641185888e-11	3.74223245313496618784e-05	1.12103877145985365674e-44	9.81000041961669921875	9.81000041962159441324
z_negative_below_default_q_near	roundtrip	5	255	-0.125	1	-9.80018999999837154304e-06	-9.80999999999510480502	-0	-9.80019049817145223957e-06	-9.81000041961180402339	-0	-9.80019012786215171218e-06	-9.81000041961669921875	0	3.73849025080641185888e-11	3.74223245313496618784e-05	1.12103877145985365674e-44	9.81000041961669921875	9.81000041962159441324
z_negative_below_default_q_far	original	0	0	0	0	-9.80018999999837154304e-06	-9.80999999999510480502	-0	-9.80019049817145223957e-06	-9.81000041961180402339	-0	-9.80019012786215171218e-06	-9.81000041961669921875	0	3.73849025080641185888e-11	3.74223245313496618784e-05	1.12103877145985365674e-44	9.81000041961669921875	9.81000041962159441324
z_negative_below_default_q_far	original	1	3	4	5	-9.80018999999837154304e-06	-9.80999999999510480502	-0	-9.80019049817145223957e-06	-9.81000041961180402339	-0	-9.80019012786215171218e-06	-9.81000041961669921875	0	3.73849025080641185888e-11	3.74223245313496618784e-05	1.12103877145985365674e-44	9.81000041961669921875	9.81000041962159441324
z_negative_below_default_q_far	original	2	-40	6	17	-9.80018999999837154304e-06	-9.80999999999510480502	-0	-9.80019049817145223957e-06	-9.81000041961180402339	-0	-9.80019012786215171218e-06	-9.81000041961669921875	0	3.73849025080641185888e-11	3.74223245313496618784e-05	1.12103877145985365674e-44	9.81000041961669921875	9.81000041962159441324
z_negative_below_default_q_far	original	3	120	-80	10	-9.80018999999837154304e-06	-9.80999999999510480502	-0	-9.80019049817145223957e-06	-9.81000041961180402339	-0	-9.80019012786215171218e-06	-9.81000041961669921875	0	3.73849025080641185888e-11	3.74223245313496618784e-05	1.12103877145985365674e-44	9.81000041961669921875	9.81000041962159441324
z_negative_below_default_q_far	original	4	-100	100	-99	-9.80018999999837154304e-06	-9.80999999999510480502	-0	-9.80019049817145223957e-06	-9.81000041961180402339	-0	-9.80019012786215171218e-06	-9.81000041961669921875	0	3.73849025080641185888e-11	3.74223245313496618784e-05	1.12103877145985365674e-44	9.81000041961669921875	9.81000041962159441324
z_negative_below_default_q_far	original	5	255	-0.125	1	-9.80018999999837154304e-06	-9.80999999999510480502	-0	-9.80019049817145223957e-06	-9.81000041961180402339	-0	-9.80019012786215171218e-06	-9.81000041961669921875	0	3.73849025080641185888e-11	3.74223245313496618784e-05	1.12103877145985365674e-44	9.81000041961669921875	9.81000041962159441324
z_negative_below_default_q_far	roundtrip	0	0	0	0	-9.80018999999837154304e-06	-9.80999999999510480502	-0	-9.80019049817145223957e-06	-9.81000041961180402339	-0	-9.80019012786215171218e-06	-9.81000041961669921875	0	3.73849025080641185888e-11	3.74223245313496618784e-05	1.12103877145985365674e-44	9.81000041961669921875	9.81000041962159441324
z_negative_below_default_q_far	roundtrip	1	3	4	5	-9.80018999999837154304e-06	-9.80999999999510480502	-0	-9.80019049817145223957e-06	-9.81000041961180402339	-0	-9.80019012786215171218e-06	-9.81000041961669921875	0	3.73849025080641185888e-11	3.74223245313496618784e-05	1.12103877145985365674e-44	9.81000041961669921875	9.81000041962159441324
z_negative_below_default_q_far	roundtrip	2	-40	6	17	-9.80018999999837154304e-06	-9.80999999999510480502	-0	-9.80019049817145223957e-06	-9.81000041961180402339	-0	-9.80019012786215171218e-06	-9.81000041961669921875	0	3.73849025080641185888e-11	3.74223245313496618784e-05	1.12103877145985365674e-44	9.81000041961669921875	9.81000041962159441324
z_negative_below_default_q_far	roundtrip	3	120	-80	10	-9.80018999999837154304e-06	-9.80999999999510480502	-0	-9.80019049817145223957e-06	-9.81000041961180402339	-0	-9.80019012786215171218e-06	-9.81000041961669921875	0	3.73849025080641185888e-11	3.74223245313496618784e-05	1.12103877145985365674e-44	9.81000041961669921875	9.81000041962159441324
z_negative_below_default_q_far	roundtrip	4	-100	100	-99	-9.80018999999837154304e-06	-9.80999999999510480502	-0	-9.80019049817145223957e-06	-9.81000041961180402339	-0	-9.80019012786215171218e-06	-9.81000041961669921875	0	3.73849025080641185888e-11	3.74223245313496618784e-05	1.12103877145985365674e-44	9.81000041961669921875	9.81000041962159441324
z_negative_below_default_q_far	roundtrip	5	255	-0.125	1	-9.80018999999837154304e-06	-9.80999999999510480502	-0	-9.80019049817145223957e-06	-9.81000041961180402339	-0	-9.80019012786215171218e-06	-9.81000041961669921875	0	3.73849025080641185888e-11	3.74223245313496618784e-05	1.12103877145985365674e-44	9.81000041961669921875	9.81000041962159441324
z_negative_below_default_minus_q_near	original	0	0	0	0	-9.80018999999837154304e-06	-9.80999999999510480502	-0	-9.80019049817145223957e-06	-9.81000041961180402339	-0	-9.80019012786215171218e-06	-9.81000041961669921875	0	3.73849025080641185888e-11	3.74223245313496618784e-05	1.12103877145985365674e-44	9.81000041961669921875	9.81000041962159441324
z_negative_below_default_minus_q_near	original	1	3	4	5	-9.80018999999837154304e-06	-9.80999999999510480502	-0	-9.80019049817145223957e-06	-9.81000041961180402339	-0	-9.80019012786215171218e-06	-9.81000041961669921875	0	3.73849025080641185888e-11	3.74223245313496618784e-05	1.12103877145985365674e-44	9.81000041961669921875	9.81000041962159441324
z_negative_below_default_minus_q_near	original	2	-40	6	17	-9.80018999999837154304e-06	-9.80999999999510480502	-0	-9.80019049817145223957e-06	-9.81000041961180402339	-0	-9.80019012786215171218e-06	-9.81000041961669921875	0	3.73849025080641185888e-11	3.74223245313496618784e-05	1.12103877145985365674e-44	9.81000041961669921875	9.81000041962159441324
z_negative_below_default_minus_q_near	original	3	120	-80	10	-9.80018999999837154304e-06	-9.80999999999510480502	-0	-9.80019049817145223957e-06	-9.81000041961180402339	-0	-9.80019012786215171218e-06	-9.81000041961669921875	0	3.73849025080641185888e-11	3.74223245313496618784e-05	1.12103877145985365674e-44	9.81000041961669921875	9.81000041962159441324
z_negative_below_default_minus_q_near	original	4	-100	100	-99	-9.80018999999837154304e-06	-9.80999999999510480502	-0	-9.80019049817145223957e-06	-9.81000041961180402339	-0	-9.80019012786215171218e-06	-9.81000041961669921875	0	3.73849025080641185888e-11	3.74223245313496618784e-05	1.12103877145985365674e-44	9.81000041961669921875	9.81000041962159441324
z_negative_below_default_minus_q_near	original	5	255	-0.125	1	-9.80018999999837154304e-06	-9.80999999999510480502	-0	-9.80019049817145223957e-06	-9.81000041961180402339	-0	-9.80019012786215171218e-06	-9.81000041961669921875	0	3.73849025080641185888e-11	3.74223245313496618784e-05	1.12103877145985365674e-44	9.81000041961669921875	9.81000041962159441324
z_negative_below_default_minus_q_near	roundtrip	0	0	0	0	-9.80018999999837154304e-06	-9.80999999999510480502	-0	-9.80019049817145223957e-06	-9.81000041961180402339	-0	-9.80019012786215171218e-06	-9.81000041961669921875	0	3.73849025080641185888e-11	3.74223245313496618784e-05	1.12103877145985365674e-44	9.81000041961669921875	9.81000041962159441324
z_negative_below_default_minus_q_near	roundtrip	1	3	4	5	-9.80018999999837154304e-06	-9.80999999999510480502	-0	-9.80019049817145223957e-06	-9.81000041961180402339	-0	-9.80019012786215171218e-06	-9.81000041961669921875	0	3.73849025080641185888e-11	3.74223245313496618784e-05	1.12103877145985365674e-44	9.81000041961669921875	9.81000041962159441324
z_negative_below_default_minus_q_near	roundtrip	2	-40	6	17	-9.80018999999837154304e-06	-9.80999999999510480502	-0	-9.80019049817145223957e-06	-9.81000041961180402339	-0	-9.80019012786215171218e-06	-9.81000041961669921875	0	3.73849025080641185888e-11	3.74223245313496618784e-05	1.12103877145985365674e-44	9.81000041961669921875	9.81000041962159441324
z_negative_below_default_minus_q_near	roundtrip	3	120	-80	10	-9.80018999999837154304e-06	-9.80999999999510480502	-0	-9.80019049817145223957e-06	-9.81000041961180402339	-0	-9.80019012786215171218e-06	-9.81000041961669921875	0	3.73849025080641185888e-11	3.74223245313496618784e-05	1.12103877145985365674e-44	9.81000041961669921875	9.81000041962159441324
z_negative_below_default_minus_q_near	roundtrip	4	-100	100	-99	-9.80018999999837154304e-06	-9.80999999999510480502	-0	-9.80019049817145223957e-06	-9.81000041961180402339	-0	-9.80019012786215171218e-06	-9.81000041961669921875	0	3.73849025080641185888e-11	3.74223245313496618784e-05	1.12103877145985365674e-44	9.81000041961669921875	9.81000041962159441324
z_negative_below_default_minus_q_near	roundtrip	5	255	-0.125	1	-9.80018999999837154304e-06	-9.80999999999510480502	-0	-9.80019049817145223957e-06	-9.81000041961180402339	-0	-9.80019012786215171218e-06	-9.81000041961669921875	0	3.73849025080641185888e-11	3.74223245313496618784e-05	1.12103877145985365674e-44	9.81000041961669921875	9.81000041962159441324
z_negative_below_default_minus_q_far	original	0	0	0	0	-9.80018999999837154304e-06	-9.80999999999510480502	-0	-9.80019049817145223957e-06	-9.81000041961180402339	-0	-9.80019012786215171218e-06	-9.81000041961669921875	0	3.73849025080641185888e-11	3.74223245313496618784e-05	1.12103877145985365674e-44	9.81000041961669921875	9.81000041962159441324
z_negative_below_default_minus_q_far	original	1	3	4	5	-9.80018999999837154304e-06	-9.80999999999510480502	-0	-9.80019049817145223957e-06	-9.81000041961180402339	-0	-9.80019012786215171218e-06	-9.81000041961669921875	0	3.73849025080641185888e-11	3.74223245313496618784e-05	1.12103877145985365674e-44	9.81000041961669921875	9.81000041962159441324
z_negative_below_default_minus_q_far	original	2	-40	6	17	-9.80018999999837154304e-06	-9.80999999999510480502	-0	-9.80019049817145223957e-06	-9.81000041961180402339	-0	-9.80019012786215171218e-06	-9.81000041961669921875	0	3.73849025080641185888e-11	3.74223245313496618784e-05	1.12103877145985365674e-44	9.81000041961669921875	9.81000041962159441324
z_negative_below_default_minus_q_far	original	3	120	-80	10	-9.80018999999837154304e-06	-9.80999999999510480502	-0	-9.80019049817145223957e-06	-9.81000041961180402339	-0	-9.80019012786215171218e-06	-9.81000041961669921875	0	3.73849025080641185888e-11	3.74223245313496618784e-05	1.12103877145985365674e-44	9.81000041961669921875	9.81000041962159441324
z_negative_below_default_minus_q_far	original	4	-100	100	-99	-9.80018999999837154304e-06	-9.80999999999510480502	-0	-9.80019049817145223957e-06	-9.81000041961180402339	-0	-9.80019012786215171218e-06	-9.81000041961669921875	0	3.73849025080641185888e-11	3.74223245313496618784e-05	1.12103877145985365674e-44	9.81000041961669921875	9.81000041962159441324
z_negative_below_default_minus_q_far	original	5	255	-0.125	1	-9.80018999999837154304e-06	-9.80999999999510480502	-0	-9.80019049817145223957e-06	-9.81000041961180402339	-0	-9.80019012786215171218e-06	-9.81000041961669921875	0	3.73849025080641185888e-11	3.74223245313496618784e-05	1.12103877145985365674e-44	9.81000041961669921875	9.81000041962159441324
z_negative_below_default_minus_q_far	roundtrip	0	0	0	0	-9.80018999999837154304e-06	-9.80999999999510480502	-0	-9.80019049817145223957e-06	-9.81000041961180402339	-0	-9.80019012786215171218e-06	-9.81000041961669921875	0	3.73849025080641185888e-11	3.74223245313496618784e-05	1.12103877145985365674e-44	9.81000041961669921875	9.81000041962159441324
z_negative_below_default_minus_q_far	roundtrip	1	3	4	5	-9.80018999999837154304e-06	-9.80999999999510480502	-0	-9.80019049817145223957e-06	-9.81000041961180402339	-0	-9.80019012786215171218e-06	-9.81000041961669921875	0	3.73849025080641185888e-11	3.74223245313496618784e-05	1.12103877145985365674e-44	9.81000041961669921875	9.81000041962159441324
z_negative_below_default_minus_q_far	roundtrip	2	-40	6	17	-9.80018999999837154304e-06	-9.80999999999510480502	-0	-9.80019049817145223957e-06	-9.81000041961180402339	-0	-9.80019012786215171218e-06	-9.81000041961669921875	0	3.73849025080641185888e-11	3.74223245313496618784e-05	1.12103877145985365674e-44	9.81000041961669921875	9.81000041962159441324
z_negative_below_default_minus_q_far	roundtrip	3	120	-80	10	-9.80018999999837154304e-06	-9.80999999999510480502	-0	-9.80019049817145223957e-06	-9.81000041961180402339	-0	-9.80019012786215171218e-06	-9.81000041961669921875	0	3.73849025080641185888e-11	3.74223245313496618784e-05	1.12103877145985365674e-44	9.81000041961669921875	9.81000041962159441324
z_negative_below_default_minus_q_far	roundtrip	4	-100	100	-99	-9.80018999999837154304e-06	-9.80999999999510480502	-0	-9.80019049817145223957e-06	-9.81000041961180402339	-0	-9.80019012786215171218e-06	-9.81000041961669921875	0	3.73849025080641185888e-11	3.74223245313496618784e-05	1.12103877145985365674e-44	9.81000041961669921875	9.81000041962159441324
z_negative_below_default_minus_q_far	roundtrip	5	255	-0.125	1	-9.80018999999837154304e-06	-9.80999999999510480502	-0	-9.80019049817145223957e-06	-9.81000041961180402339	-0	-9.80019012786215171218e-06	-9.81000041961669921875	0	3.73849025080641185888e-11	3.74223245313496618784e-05	1.12103877145985365674e-44	9.81000041961669921875	9.81000041962159441324
z_positive_above_default_q_near	original	0	0	0	0	9.81980999999836095645e-06	-9.8099999999950851853	-0	9.81981029152130099287e-06	-9.81000041961178440367	-0	9.81981065706349909306e-06	-9.81000041961669921875	0	3.74597463656145729358e-11	3.74223245313497367217e-05	1.12103877145985365674e-44	9.81000041961669921875	9.81000041962161403383
z_positive_above_default_q_near	original	1	3	4	5	9.81980999999836095645e-06	-9.8099999999950851853	-0	9.81981029152130099287e-06	-9.81000041961178440367	-0	9.81981065706349909306e-06	-9.81000041961669921875	0	3.74597463656145729358e-11	3.74223245313497367217e-05	1.12103877145985365674e-44	9.81000041961669921875	9.81000041962161403383
z_positive_above_default_q_near	original	2	-40	6	17	9.81980999999836095645e-06	-9.8099999999950851853	-0	9.81981029152130099287e-06	-9.81000041961178440367	-0	9.81981065706349909306e-06	-9.81000041961669921875	0	3.74597463656145729358e-11	3.74223245313497367217e-05	1.12103877145985365674e-44	9.81000041961669921875	9.81000041962161403383
z_positive_above_default_q_near	original	3	120	-80	10	9.81980999999836095645e-06	-9.8099999999950851853	-0	9.81981029152130099287e-06	-9.81000041961178440367	-0	9.81981065706349909306e-06	-9.81000041961669921875	0	3.74597463656145729358e-11	3.74223245313497367217e-05	1.12103877145985365674e-44	9.81000041961669921875	9.81000041962161403383
z_positive_above_default_q_near	original	4	-100	100	-99	9.81980999999836095645e-06	-9.8099999999950851853	-0	9.81981029152130099287e-06	-9.81000041961178440367	-0	9.81981065706349909306e-06	-9.81000041961669921875	0	3.74597463656145729358e-11	3.74223245313497367217e-05	1.12103877145985365674e-44	9.81000041961669921875	9.81000041962161403383
z_positive_above_default_q_near	original	5	255	-0.125	1	9.81980999999836095645e-06	-9.8099999999950851853	-0	9.81981029152130099287e-06	-9.81000041961178440367	-0	9.81981065706349909306e-06	-9.81000041961669921875	0	3.74597463656145729358e-11	3.74223245313497367217e-05	1.12103877145985365674e-44	9.81000041961669921875	9.81000041962161403383
z_positive_above_default_q_near	roundtrip	0	0	0	0	9.81980999999836095645e-06	-9.8099999999950851853	-0	9.81981029152130099287e-06	-9.81000041961178440367	-0	9.81981065706349909306e-06	-9.81000041961669921875	0	3.74597463656145729358e-11	3.74223245313497367217e-05	1.12103877145985365674e-44	9.81000041961669921875	9.81000041962161403383
z_positive_above_default_q_near	roundtrip	1	3	4	5	9.81980999999836095645e-06	-9.8099999999950851853	-0	9.81981029152130099287e-06	-9.81000041961178440367	-0	9.81981065706349909306e-06	-9.81000041961669921875	0	3.74597463656145729358e-11	3.74223245313497367217e-05	1.12103877145985365674e-44	9.81000041961669921875	9.81000041962161403383
z_positive_above_default_q_near	roundtrip	2	-40	6	17	9.81980999999836095645e-06	-9.8099999999950851853	-0	9.81981029152130099287e-06	-9.81000041961178440367	-0	9.81981065706349909306e-06	-9.81000041961669921875	0	3.74597463656145729358e-11	3.74223245313497367217e-05	1.12103877145985365674e-44	9.81000041961669921875	9.81000041962161403383
z_positive_above_default_q_near	roundtrip	3	120	-80	10	9.81980999999836095645e-06	-9.8099999999950851853	-0	9.81981029152130099287e-06	-9.81000041961178440367	-0	9.81981065706349909306e-06	-9.81000041961669921875	0	3.74597463656145729358e-11	3.74223245313497367217e-05	1.12103877145985365674e-44	9.81000041961669921875	9.81000041962161403383
z_positive_above_default_q_near	roundtrip	4	-100	100	-99	9.81980999999836095645e-06	-9.8099999999950851853	-0	9.81981029152130099287e-06	-9.81000041961178440367	-0	9.81981065706349909306e-06	-9.81000041961669921875	0	3.74597463656145729358e-11	3.74223245313497367217e-05	1.12103877145985365674e-44	9.81000041961669921875	9.81000041962161403383
z_positive_above_default_q_near	roundtrip	5	255	-0.125	1	9.81980999999836095645e-06	-9.8099999999950851853	-0	9.81981029152130099287e-06	-9.81000041961178440367	-0	9.81981065706349909306e-06	-9.81000041961669921875	0	3.74597463656145729358e-11	3.74223245313497367217e-05	1.12103877145985365674e-44	9.81000041961669921875	9.81000041962161403383
z_positive_above_default_q_far	original	0	0	0	0	9.81980999999836095645e-06	-9.8099999999950851853	-0	9.81981029152130099287e-06	-9.81000041961178440367	-0	9.81981065706349909306e-06	-9.81000041961669921875	0	3.74597463656145729358e-11	3.74223245313497367217e-05	1.12103877145985365674e-44	9.81000041961669921875	9.81000041962161403383
z_positive_above_default_q_far	original	1	3	4	5	9.81980999999836095645e-06	-9.8099999999950851853	-0	9.81981029152130099287e-06	-9.81000041961178440367	-0	9.81981065706349909306e-06	-9.81000041961669921875	0	3.74597463656145729358e-11	3.74223245313497367217e-05	1.12103877145985365674e-44	9.81000041961669921875	9.81000041962161403383
z_positive_above_default_q_far	original	2	-40	6	17	9.81980999999836095645e-06	-9.8099999999950851853	-0	9.81981029152130099287e-06	-9.81000041961178440367	-0	9.81981065706349909306e-06	-9.81000041961669921875	0	3.74597463656145729358e-11	3.74223245313497367217e-05	1.12103877145985365674e-44	9.81000041961669921875	9.81000041962161403383
z_positive_above_default_q_far	original	3	120	-80	10	9.81980999999836095645e-06	-9.8099999999950851853	-0	9.81981029152130099287e-06	-9.81000041961178440367	-0	9.81981065706349909306e-06	-9.81000041961669921875	0	3.74597463656145729358e-11	3.74223245313497367217e-05	1.12103877145985365674e-44	9.81000041961669921875	9.81000041962161403383
z_positive_above_default_q_far	original	4	-100	100	-99	9.81980999999836095645e-06	-9.8099999999950851853	-0	9.81981029152130099287e-06	-9.81000041961178440367	-0	9.81981065706349909306e-06	-9.81000041961669921875	0	3.74597463656145729358e-11	3.74223245313497367217e-05	1.12103877145985365674e-44	9.81000041961669921875	9.81000041962161403383
z_positive_above_default_q_far	original	5	255	-0.125	1	9.81980999999836095645e-06	-9.8099999999950851853	-0	9.81981029152130099287e-06	-9.81000041961178440367	-0	9.81981065706349909306e-06	-9.81000041961669921875	0	3.74597463656145729358e-11	3.74223245313497367217e-05	1.12103877145985365674e-44	9.81000041961669921875	9.81000041962161403383
z_positive_above_default_q_far	roundtrip	0	0	0	0	9.81980999999836095645e-06	-9.8099999999950851853	-0	9.81981029152130099287e-06	-9.81000041961178440367	-0	9.81981065706349909306e-06	-9.81000041961669921875	0	3.74597463656145729358e-11	3.74223245313497367217e-05	1.12103877145985365674e-44	9.81000041961669921875	9.81000041962161403383
z_positive_above_default_q_far	roundtrip	1	3	4	5	9.81980999999836095645e-06	-9.8099999999950851853	-0	9.81981029152130099287e-06	-9.81000041961178440367	-0	9.81981065706349909306e-06	-9.81000041961669921875	0	3.74597463656145729358e-11	3.74223245313497367217e-05	1.12103877145985365674e-44	9.81000041961669921875	9.81000041962161403383
z_positive_above_default_q_far	roundtrip	2	-40	6	17	9.81980999999836095645e-06	-9.8099999999950851853	-0	9.81981029152130099287e-06	-9.81000041961178440367	-0	9.81981065706349909306e-06	-9.81000041961669921875	0	3.74597463656145729358e-11	3.74223245313497367217e-05	1.12103877145985365674e-44	9.81000041961669921875	9.81000041962161403383
z_positive_above_default_q_far	roundtrip	3	120	-80	10	9.81980999999836095645e-06	-9.8099999999950851853	-0	9.81981029152130099287e-06	-9.81000041961178440367	-0	9.81981065706349909306e-06	-9.81000041961669921875	0	3.74597463656145729358e-11	3.74223245313497367217e-05	1.12103877145985365674e-44	9.81000041961669921875	9.81000041962161403383
z_positive_above_default_q_far	roundtrip	4	-100	100	-99	9.81980999999836095645e-06	-9.8099999999950851853	-0	9.81981029152130099287e-06	-9.81000041961178440367	-0	9.81981065706349909306e-06	-9.81000041961669921875	0	3.74597463656145729358e-11	3.74223245313497367217e-05	1.12103877145985365674e-44	9.81000041961669921875	9.81000041962161403383
z_positive_above_default_q_far	roundtrip	5	255	-0.125	1	9.81980999999836095645e-06	-9.8099999999950851853	-0	9.81981029152130099287e-06	-9.81000041961178440367	-0	9.81981065706349909306e-06	-9.81000041961669921875	0	3.74597463656145729358e-11	3.74223245313497367217e-05	1.12103877145985365674e-44	9.81000041961669921875	9.81000041962161403383
z_positive_above_default_minus_q_near	original	0	0	0	0	9.81980999999836095645e-06	-9.8099999999950851853	-0	9.81981029152130099287e-06	-9.81000041961178440367	-0	9.81981065706349909306e-06	-9.81000041961669921875	0	3.74597463656145729358e-11	3.74223245313497367217e-05	1.12103877145985365674e-44	9.81000041961669921875	9.81000041962161403383
z_positive_above_default_minus_q_near	original	1	3	4	5	9.81980999999836095645e-06	-9.8099999999950851853	-0	9.81981029152130099287e-06	-9.81000041961178440367	-0	9.81981065706349909306e-06	-9.81000041961669921875	0	3.74597463656145729358e-11	3.74223245313497367217e-05	1.12103877145985365674e-44	9.81000041961669921875	9.81000041962161403383
z_positive_above_default_minus_q_near	original	2	-40	6	17	9.81980999999836095645e-06	-9.8099999999950851853	-0	9.81981029152130099287e-06	-9.81000041961178440367	-0	9.81981065706349909306e-06	-9.81000041961669921875	0	3.74597463656145729358e-11	3.74223245313497367217e-05	1.12103877145985365674e-44	9.81000041961669921875	9.81000041962161403383
z_positive_above_default_minus_q_near	original	3	120	-80	10	9.81980999999836095645e-06	-9.8099999999950851853	-0	9.81981029152130099287e-06	-9.81000041961178440367	-0	9.81981065706349909306e-06	-9.81000041961669921875	0	3.74597463656145729358e-11	3.74223245313497367217e-05	1.12103877145985365674e-44	9.81000041961669921875	9.81000041962161403383
z_positive_above_default_minus_q_near	original	4	-100	100	-99	9.81980999999836095645e-06	-9.8099999999950851853	-0	9.81981029152130099287e-06	-9.81000041961178440367	-0	9.81981065706349909306e-06	-9.81000041961669921875	0	3.74597463656145729358e-11	3.74223245313497367217e-05	1.12103877145985365674e-44	9.81000041961669921875	9.81000041962161403383
z_positive_above_default_minus_q_near	original	5	255	-0.125	1	9.81980999999836095645e-06	-9.8099999999950851853	-0	9.81981029152130099287e-06	-9.81000041961178440367	-0	9.81981065706349909306e-06	-9.81000041961669921875	0	3.74597463656145729358e-11	3.74223245313497367217e-05	1.12103877145985365674e-44	9.81000041961669921875	9.81000041962161403383
z_positive_above_default_minus_q_near	roundtrip	0	0	0	0	9.81980999999836095645e-06	-9.8099999999950851853	-0	9.81981029152130099287e-06	-9.81000041961178440367	-0	9.81981065706349909306e-06	-9.81000041961669921875	0	3.74597463656145729358e-11	3.74223245313497367217e-05	1.12103877145985365674e-44	9.81000041961669921875	9.81000041962161403383
z_positive_above_default_minus_q_near	roundtrip	1	3	4	5	9.81980999999836095645e-06	-9.8099999999950851853	-0	9.81981029152130099287e-06	-9.81000041961178440367	-0	9.81981065706349909306e-06	-9.81000041961669921875	0	3.74597463656145729358e-11	3.74223245313497367217e-05	1.12103877145985365674e-44	9.81000041961669921875	9.81000041962161403383
z_positive_above_default_minus_q_near	roundtrip	2	-40	6	17	9.81980999999836095645e-06	-9.8099999999950851853	-0	9.81981029152130099287e-06	-9.81000041961178440367	-0	9.81981065706349909306e-06	-9.81000041961669921875	0	3.74597463656145729358e-11	3.74223245313497367217e-05	1.12103877145985365674e-44	9.81000041961669921875	9.81000041962161403383
z_positive_above_default_minus_q_near	roundtrip	3	120	-80	10	9.81980999999836095645e-06	-9.8099999999950851853	-0	9.81981029152130099287e-06	-9.81000041961178440367	-0	9.81981065706349909306e-06	-9.81000041961669921875	0	3.74597463656145729358e-11	3.74223245313497367217e-05	1.12103877145985365674e-44	9.81000041961669921875	9.81000041962161403383
z_positive_above_default_minus_q_near	roundtrip	4	-100	100	-99	9.81980999999836095645e-06	-9.8099999999950851853	-0	9.81981029152130099287e-06	-9.81000041961178440367	-0	9.81981065706349909306e-06	-9.81000041961669921875	0	3.74597463656145729358e-11	3.74223245313497367217e-05	1.12103877145985365674e-44	9.81000041961669921875	9.81000041962161403383
z_positive_above_default_minus_q_near	roundtrip	5	255	-0.125	1	9.81980999999836095645e-06	-9.8099999999950851853	-0	9.81981029152130099287e-06	-9.81000041961178440367	-0	9.81981065706349909306e-06	-9.81000041961669921875	0	3.74597463656145729358e-11	3.74223245313497367217e-05	1.12103877145985365674e-44	9.81000041961669921875	9.81000041962161403383
z_positive_above_default_minus_q_far	original	0	0	0	0	9.81980999999836095645e-06	-9.8099999999950851853	-0	9.81981029152130099287e-06	-9.81000041961178440367	-0	9.81981065706349909306e-06	-9.81000041961669921875	0	3.74597463656145729358e-11	3.74223245313497367217e-05	1.12103877145985365674e-44	9.81000041961669921875	9.81000041962161403383
z_positive_above_default_minus_q_far	original	1	3	4	5	9.81980999999836095645e-06	-9.8099999999950851853	-0	9.81981029152130099287e-06	-9.81000041961178440367	-0	9.81981065706349909306e-06	-9.81000041961669921875	0	3.74597463656145729358e-11	3.74223245313497367217e-05	1.12103877145985365674e-44	9.81000041961669921875	9.81000041962161403383
z_positive_above_default_minus_q_far	original	2	-40	6	17	9.81980999999836095645e-06	-9.8099999999950851853	-0	9.81981029152130099287e-06	-9.81000041961178440367	-0	9.81981065706349909306e-06	-9.81000041961669921875	0	3.74597463656145729358e-11	3.74223245313497367217e-05	1.12103877145985365674e-44	9.81000041961669921875	9.81000041962161403383
z_positive_above_default_minus_q_far	original	3	120	-80	10	9.81980999999836095645e-06	-9.8099999999950851853	-0	9.81981029152130099287e-06	-9.81000041961178440367	-0	9.81981065706349909306e-06	-9.81000041961669921875	0	3.74597463656145729358e-11	3.74223245313497367217e-05	1.12103877145985365674e-44	9.81000041961669921875	9.81000041962161403383
z_positive_above_default_minus_q_far	original	4	-100	100	-99	9.81980999999836095645e-06	-9.8099999999950851853	-0	9.81981029152130099287e-06	-9.81000041961178440367	-0	9.81981065706349909306e-06	-9.81000041961669921875	0	3.74597463656145729358e-11	3.74223245313497367217e-05	1.12103877145985365674e-44	9.81000041961669921875	9.81000041962161403383
z_positive_above_default_minus_q_far	original	5	255	-0.125	1	9.81980999999836095645e-06	-9.8099999999950851853	-0	9.81981029152130099287e-06	-9.81000041961178440367	-0	9.81981065706349909306e-06	-9.81000041961669921875	0	3.74597463656145729358e-11	3.74223245313497367217e-05	1.12103877145985365674e-44	9.81000041961669921875	9.81000041962161403383
z_positive_above_default_minus_q_far	roundtrip	0	0	0	0	9.81980999999836095645e-06	-9.8099999999950851853	-0	9.81981029152130099287e-06	-9.81000041961178440367	-0	9.81981065706349909306e-06	-9.81000041961669921875	0	3.74597463656145729358e-11	3.74223245313497367217e-05	1.12103877145985365674e-44	9.81000041961669921875	9.81000041962161403383
z_positive_above_default_minus_q_far	roundtrip	1	3	4	5	9.81980999999836095645e-06	-9.8099999999950851853	-0	9.81981029152130099287e-06	-9.81000041961178440367	-0	9.81981065706349909306e-06	-9.81000041961669921875	0	3.74597463656145729358e-11	3.74223245313497367217e-05	1.12103877145985365674e-44	9.81000041961669921875	9.81000041962161403383
z_positive_above_default_minus_q_far	roundtrip	2	-40	6	17	9.81980999999836095645e-06	-9.8099999999950851853	-0	9.81981029152130099287e-06	-9.81000041961178440367	-0	9.81981065706349909306e-06	-9.81000041961669921875	0	3.74597463656145729358e-11	3.74223245313497367217e-05	1.12103877145985365674e-44	9.81000041961669921875	9.81000041962161403383
z_positive_above_default_minus_q_far	roundtrip	3	120	-80	10	9.81980999999836095645e-06	-9.8099999999950851853	-0	9.81981029152130099287e-06	-9.81000041961178440367	-0	9.81981065706349909306e-06	-9.81000041961669921875	0	3.74597463656145729358e-11	3.74223245313497367217e-05	1.12103877145985365674e-44	9.81000041961669921875	9.81000041962161403383
z_positive_above_default_minus_q_far	roundtrip	4	-100	100	-99	9.81980999999836095645e-06	-9.8099999999950851853	-0	9.81981029152130099287e-06	-9.81000041961178440367	-0	9.81981065706349909306e-06	-9.81000041961669921875	0	3.74597463656145729358e-11	3.74223245313497367217e-05	1.12103877145985365674e-44	9.81000041961669921875	9.81000041962161403383
z_positive_above_default_minus_q_far	roundtrip	5	255	-0.125	1	9.81980999999836095645e-06	-9.8099999999950851853	-0	9.81981029152130099287e-06	-9.81000041961178440367	-0	9.81981065706349909306e-06	-9.81000041961669921875	0	3.74597463656145729358e-11	3.74223245313497367217e-05	1.12103877145985365674e-44	9.81000041961669921875	9.81000041962161403383
z_negative_above_default_q_near	original	0	0	0	0	-9.81980999999836095645e-06	-9.8099999999950851853	-0	-9.81981029152130099287e-06	-9.81000041961178440367	-0	-9.81981065706349909306e-06	-9.81000041961669921875	0	3.74597463656145729358e-11	3.74223245313497367217e-05	1.12103877145985365674e-44	9.81000041961669921875	9.81000041962161403383
z_negative_above_default_q_near	original	1	3	4	5	-9.81980999999836095645e-06	-9.8099999999950851853	-0	-9.81981029152130099287e-06	-9.81000041961178440367	-0	-9.81981065706349909306e-06	-9.81000041961669921875	0	3.74597463656145729358e-11	3.74223245313497367217e-05	1.12103877145985365674e-44	9.81000041961669921875	9.81000041962161403383
z_negative_above_default_q_near	original	2	-40	6	17	-9.81980999999836095645e-06	-9.8099999999950851853	-0	-9.81981029152130099287e-06	-9.81000041961178440367	-0	-9.81981065706349909306e-06	-9.81000041961669921875	0	3.74597463656145729358e-11	3.74223245313497367217e-05	1.12103877145985365674e-44	9.81000041961669921875	9.81000041962161403383
z_negative_above_default_q_near	original	3	120	-80	10	-9.81980999999836095645e-06	-9.8099999999950851853	-0	-9.81981029152130099287e-06	-9.81000041961178440367	-0	-9.81981065706349909306e-06	-9.81000041961669921875	0	3.74597463656145729358e-11	3.74223245313497367217e-05	1.12103877145985365674e-44	9.81000041961669921875	9.81000041962161403383
z_negative_above_default_q_near	original	4	-100	100	-99	-9.81980999999836095645e-06	-9.8099999999950851853	-0	-9.81981029152130099287e-06	-9.81000041961178440367	-0	-9.81981065706349909306e-06	-9.81000041961669921875	0	3.74597463656145729358e-11	3.74223245313497367217e-05	1.12103877145985365674e-44	9.81000041961669921875	9.81000041962161403383
z_negative_above_default_q_near	original	5	255	-0.125	1	-9.81980999999836095645e-06	-9.8099999999950851853	-0	-9.81981029152130099287e-06	-9.81000041961178440367	-0	-9.81981065706349909306e-06	-9.81000041961669921875	0	3.74597463656145729358e-11	3.74223245313497367217e-05	1.12103877145985365674e-44	9.81000041961669921875	9.81000041962161403383
z_negative_above_default_q_near	roundtrip	0	0	0	0	-9.81980999999836095645e-06	-9.8099999999950851853	-0	-9.81981029152130099287e-06	-9.81000041961178440367	-0	-9.81981065706349909306e-06	-9.81000041961669921875	0	3.74597463656145729358e-11	3.74223245313497367217e-05	1.12103877145985365674e-44	9.81000041961669921875	9.81000041962161403383
z_negative_above_default_q_near	roundtrip	1	3	4	5	-9.81980999999836095645e-06	-9.8099999999950851853	-0	-9.81981029152130099287e-06	-9.81000041961178440367	-0	-9.81981065706349909306e-06	-9.81000041961669921875	0	3.74597463656145729358e-11	3.74223245313497367217e-05	1.12103877145985365674e-44	9.81000041961669921875	9.81000041962161403383
z_negative_above_default_q_near	roundtrip	2	-40	6	17	-9.81980999999836095645e-06	-9.8099999999950851853	-0	-9.81981029152130099287e-06	-9.81000041961178440367	-0	-9.81981065706349909306e-06	-9.81000041961669921875	0	3.74597463656145729358e-11	3.74223245313497367217e-05	1.12103877145985365674e-44	9.81000041961669921875	9.81000041962161403383
z_negative_above_default_q_near	roundtrip	3	120	-80	10	-9.81980999999836095645e-06	-9.8099999999950851853	-0	-9.81981029152130099287e-06	-9.81000041961178440367	-0	-9.81981065706349909306e-06	-9.81000041961669921875	0	3.74597463656145729358e-11	3.74223245313497367217e-05	1.12103877145985365674e-44	9.81000041961669921875	9.81000041962161403383
z_negative_above_default_q_near	roundtrip	4	-100	100	-99	-9.81980999999836095645e-06	-9.8099999999950851853	-0	-9.81981029152130099287e-06	-9.81000041961178440367	-0	-9.81981065706349909306e-06	-9.81000041961669921875	0	3.74597463656145729358e-11	3.74223245313497367217e-05	1.12103877145985365674e-44	9.81000041961669921875	9.81000041962161403383
z_negative_above_default_q_near	roundtrip	5	255	-0.125	1	-9.81980999999836095645e-06	-9.8099999999950851853	-0	-9.81981029152130099287e-06	-9.81000041961178440367	-0	-9.81981065706349909306e-06	-9.81000041961669921875	0	3.74597463656145729358e-11	3.74223245313497367217e-05	1.12103877145985365674e-44	9.81000041961669921875	9.81000041962161403383
z_negative_above_default_q_far	original	0	0	0	0	-9.81980999999836095645e-06	-9.8099999999950851853	-0	-9.81981029152130099287e-06	-9.81000041961178440367	-0	-9.81981065706349909306e-06	-9.81000041961669921875	0	3.74597463656145729358e-11	3.74223245313497367217e-05	1.12103877145985365674e-44	9.81000041961669921875	9.81000041962161403383
z_negative_above_default_q_far	original	1	3	4	5	-9.81980999999836095645e-06	-9.8099999999950851853	-0	-9.81981029152130099287e-06	-9.81000041961178440367	-0	-9.81981065706349909306e-06	-9.81000041961669921875	0	3.74597463656145729358e-11	3.74223245313497367217e-05	1.12103877145985365674e-44	9.81000041961669921875	9.81000041962161403383
z_negative_above_default_q_far	original	2	-40	6	17	-9.81980999999836095645e-06	-9.8099999999950851853	-0	-9.81981029152130099287e-06	-9.81000041961178440367	-0	-9.81981065706349909306e-06	-9.81000041961669921875	0	3.74597463656145729358e-11	3.74223245313497367217e-05	1.12103877145985365674e-44	9.81000041961669921875	9.81000041962161403383
z_negative_above_default_q_far	original	3	120	-80	10	-9.81980999999836095645e-06	-9.8099999999950851853	-0	-9.81981029152130099287e-06	-9.81000041961178440367	-0	-9.81981065706349909306e-06	-9.81000041961669921875	0	3.74597463656145729358e-11	3.74223245313497367217e-05	1.12103877145985365674e-44	9.81000041961669921875	9.81000041962161403383
z_negative_above_default_q_far	original	4	-100	100	-99	-9.81980999999836095645e-06	-9.8099999999950851853	-0	-9.81981029152130099287e-06	-9.81000041961178440367	-0	-9.81981065706349909306e-06	-9.81000041961669921875	0	3.74597463656145729358e-11	3.74223245313497367217e-05	1.12103877145985365674e-44	9.81000041961669921875	9.81000041962161403383
z_negative_above_default_q_far	original	5	255	-0.125	1	-9.81980999999836095645e-06	-9.8099999999950851853	-0	-9.81981029152130099287e-06	-9.81000041961178440367	-0	-9.81981065706349909306e-06	-9.81000041961669921875	0	3.74597463656145729358e-11	3.74223245313497367217e-05	1.12103877145985365674e-44	9.81000041961669921875	9.81000041962161403383
z_negative_above_default_q_far	roundtrip	0	0	0	0	-9.81980999999836095645e-06	-9.8099999999950851853	-0	-9.81981029152130099287e-06	-9.81000041961178440367	-0	-9.81981065706349909306e-06	-9.81000041961669921875	0	3.74597463656145729358e-11	3.74223245313497367217e-05	1.12103877145985365674e-44	9.81000041961669921875	9.81000041962161403383
z_negative_above_default_q_far	roundtrip	1	3	4	5	-9.81980999999836095645e-06	-9.8099999999950851853	-0	-9.81981029152130099287e-06	-9.81000041961178440367	-0	-9.81981065706349909306e-06	-9.81000041961669921875	0	3.74597463656145729358e-11	3.74223245313497367217e-05	1.12103877145985365674e-44	9.81000041961669921875	9.81000041962161403383
z_negative_above_default_q_far	roundtrip	2	-40	6	17	-9.81980999999836095645e-06	-9.8099999999950851853	-0	-9.81981029152130099287e-06	-9.81000041961178440367	-0	-9.81981065706349909306e-06	-9.81000041961669921875	0	3.74597463656145729358e-11	3.74223245313497367217e-05	1.12103877145985365674e-44	9.81000041961669921875	9.81000041962161403383
z_negative_above_default_q_far	roundtrip	3	120	-80	10	-9.81980999999836095645e-06	-9.8099999999950851853	-0	-9.81981029152130099287e-06	-9.81000041961178440367	-0	-9.81981065706349909306e-06	-9.81000041961669921875	0	3.74597463656145729358e-11	3.74223245313497367217e-05	1.12103877145985365674e-44	9.81000041961669921875	9.81000041962161403383
z_negative_above_default_q_far	roundtrip	4	-100	100	-99	-9.81980999999836095645e-06	-9.8099999999950851853	-0	-9.81981029152130099287e-06	-9.81000041961178440367	-0	-9.81981065706349909306e-06	-9.81000041961669921875	0	3.74597463656145729358e-11	3.74223245313497367217e-05	1.12103877145985365674e-44	9.81000041961669921875	9.81000041962161403383
z_negative_above_default_q_far	roundtrip	5	255	-0.125	1	-9.81980999999836095645e-06	-9.8099999999950851853	-0	-9.81981029152130099287e-06	-9.81000041961178440367	-0	-9.81981065706349909306e-06	-9.81000041961669921875	0	3.74597463656145729358e-11	3.74223245313497367217e-05	1.12103877145985365674e-44	9.81000041961669921875	9.81000041962161403383
z_negative_above_default_minus_q_near	original	0	0	0	0	-9.81980999999836095645e-06	-9.8099999999950851853	-0	-9.81981029152130099287e-06	-9.81000041961178440367	-0	-9.81981065706349909306e-06	-9.81000041961669921875	0	3.74597463656145729358e-11	3.74223245313497367217e-05	1.12103877145985365674e-44	9.81000041961669921875	9.81000041962161403383
z_negative_above_default_minus_q_near	original	1	3	4	5	-9.81980999999836095645e-06	-9.8099999999950851853	-0	-9.81981029152130099287e-06	-9.81000041961178440367	-0	-9.81981065706349909306e-06	-9.81000041961669921875	0	3.74597463656145729358e-11	3.74223245313497367217e-05	1.12103877145985365674e-44	9.81000041961669921875	9.81000041962161403383
z_negative_above_default_minus_q_near	original	2	-40	6	17	-9.81980999999836095645e-06	-9.8099999999950851853	-0	-9.81981029152130099287e-06	-9.81000041961178440367	-0	-9.81981065706349909306e-06	-9.81000041961669921875	0	3.74597463656145729358e-11	3.74223245313497367217e-05	1.12103877145985365674e-44	9.81000041961669921875	9.81000041962161403383
z_negative_above_default_minus_q_near	original	3	120	-80	10	-9.81980999999836095645e-06	-9.8099999999950851853	-0	-9.81981029152130099287e-06	-9.81000041961178440367	-0	-9.81981065706349909306e-06	-9.81000041961669921875	0	3.74597463656145729358e-11	3.74223245313497367217e-05	1.12103877145985365674e-44	9.81000041961669921875	9.81000041962161403383
z_negative_above_default_minus_q_near	original	4	-100	100	-99	-9.81980999999836095645e-06	-9.8099999999950851853	-0	-9.81981029152130099287e-06	-9.81000041961178440367	-0	-9.81981065706349909306e-06	-9.81000041961669921875	0	3.74597463656145729358e-11	3.74223245313497367217e-05	1.12103877145985365674e-44	9.81000041961669921875	9.81000041962161403383
z_negative_above_default_minus_q_near	original	5	255	-0.125	1	-9.81980999999836095645e-06	-9.8099999999950851853	-0	-9.81981029152130099287e-06	-9.81000041961178440367	-0	-9.81981065706349909306e-06	-9.81000041961669921875	0	3.74597463656145729358e-11	3.74223245313497367217e-05	1.12103877145985365674e-44	9.81000041961669921875	9.81000041962161403383
z_negative_above_default_minus_q_near	roundtrip	0	0	0	0	-9.81980999999836095645e-06	-9.8099999999950851853	-0	-9.81981029152130099287e-06	-9.81000041961178440367	-0	-9.81981065706349909306e-06	-9.81000041961669921875	0	3.74597463656145729358e-11	3.74223245313497367217e-05	1.12103877145985365674e-44	9.81000041961669921875	9.81000041962161403383
z_negative_above_default_minus_q_near	roundtrip	1	3	4	5	-9.81980999999836095645e-06	-9.8099999999950851853	-0	-9.81981029152130099287e-06	-9.81000041961178440367	-0	-9.81981065706349909306e-06	-9.81000041961669921875	0	3.74597463656145729358e-11	3.74223245313497367217e-05	1.12103877145985365674e-44	9.81000041961669921875	9.81000041962161403383
z_negative_above_default_minus_q_near	roundtrip	2	-40	6	17	-9.81980999999836095645e-06	-9.8099999999950851853	-0	-9.81981029152130099287e-06	-9.81000041961178440367	-0	-9.81981065706349909306e-06	-9.81000041961669921875	0	3.74597463656145729358e-11	3.74223245313497367217e-05	1.12103877145985365674e-44	9.81000041961669921875	9.81000041962161403383
z_negative_above_default_minus_q_near	roundtrip	3	120	-80	10	-9.81980999999836095645e-06	-9.8099999999950851853	-0	-9.81981029152130099287e-06	-9.81000041961178440367	-0	-9.81981065706349909306e-06	-9.81000041961669921875	0	3.74597463656145729358e-11	3.74223245313497367217e-05	1.12103877145985365674e-44	9.81000041961669921875	9.81000041962161403383
z_negative_above_default_minus_q_near	roundtrip	4	-100	100	-99	-9.81980999999836095645e-06	-9.8099999999950851853	-0	-9.81981029152130099287e-06	-9.81000041961178440367	-0	-9.81981065706349909306e-06	-9.81000041961669921875	0	3.74597463656145729358e-11	3.74223245313497367217e-05	1.12103877145985365674e-44	9.81000041961669921875	9.81000041962161403383
z_negative_above_default_minus_q_near	roundtrip	5	255	-0.125	1	-9.81980999999836095645e-06	-9.8099999999950851853	-0	-9.81981029152130099287e-06	-9.81000041961178440367	-0	-9.81981065706349909306e-06	-9.81000041961669921875	0	3.74597463656145729358e-11	3.74223245313497367217e-05	1.12103877145985365674e-44	9.81000041961669921875	9.81000041962161403383
z_negative_above_default_minus_q_far	original	0	0	0	0	-9.81980999999836095645e-06	-9.8099999999950851853	-0	-9.81981029152130099287e-06	-9.81000041961178440367	-0	-9.81981065706349909306e-06	-9.81000041961669921875	0	3.74597463656145729358e-11	3.74223245313497367217e-05	1.12103877145985365674e-44	9.81000041961669921875	9.81000041962161403383
z_negative_above_default_minus_q_far	original	1	3	4	5	-9.81980999999836095645e-06	-9.8099999999950851853	-0	-9.81981029152130099287e-06	-9.81000041961178440367	-0	-9.81981065706349909306e-06	-9.81000041961669921875	0	3.74597463656145729358e-11	3.74223245313497367217e-05	1.12103877145985365674e-44	9.81000041961669921875	9.81000041962161403383
z_negative_above_default_minus_q_far	original	2	-40	6	17	-9.81980999999836095645e-06	-9.8099999999950851853	-0	-9.81981029152130099287e-06	-9.81000041961178440367	-0	-9.81981065706349909306e-06	-9.81000041961669921875	0	3.74597463656145729358e-11	3.74223245313497367217e-05	1.12103877145985365674e-44	9.81000041961669921875	9.81000041962161403383
z_negative_above_default_minus_q_far	original	3	120	-80	10	-9.81980999999836095645e-06	-9.8099999999950851853	-0	-9.81981029152130099287e-06	-9.81000041961178440367	-0	-9.81981065706349909306e-06	-9.81000041961669921875	0	3.74597463656145729358e-11	3.74223245313497367217e-05	1.12103877145985365674e-44	9.81000041961669921875	9.81000041962161403383
z_negative_above_default_minus_q_far	original	4	-100	100	-99	-9.81980999999836095645e-06	-9.8099999999950851853	-0	-9.81981029152130099287e-06	-9.81000041961178440367	-0	-9.81981065706349909306e-06	-9.81000041961669921875	0	3.74597463656145729358e-11	3.74223245313497367217e-05	1.12103877145985365674e-44	9.81000041961669921875	9.81000041962161403383
z_negative_above_default_minus_q_far	original	5	255	-0.125	1	-9.81980999999836095645e-06	-9.8099999999950851853	-0	-9.81981029152130099287e-06	-9.81000041961178440367	-0	-9.81981065706349909306e-06	-9.81000041961669921875	0	3.74597463656145729358e-11	3.74223245313497367217e-05	1.12103877145985365674e-44	9.81000041961669921875	9.81000041962161403383
z_negative_above_default_minus_q_far	roundtrip	0	0	0	0	-9.81980999999836095645e-06	-9.8099999999950851853	-0	-9.81981029152130099287e-06	-9.81000041961178440367	-0	-9.81981065706349909306e-06	-9.81000041961669921875	0	3.74597463656145729358e-11	3.74223245313497367217e-05	1.12103877145985365674e-44	9.81000041961669921875	9.81000041962161403383
z_negative_above_default_minus_q_far	roundtrip	1	3	4	5	-9.81980999999836095645e-06	-9.8099999999950851853	-0	-9.81981029152130099287e-06	-9.81000041961178440367	-0	-9.81981065706349909306e-06	-9.81000041961669921875	0	3.74597463656145729358e-11	3.74223245313497367217e-05	1.12103877145985365674e-44	9.81000041961669921875	9.81000041962161403383
z_negative_above_default_minus_q_far	roundtrip	2	-40	6	17	-9.81980999999836095645e-06	-9.8099999999950851853	-0	-9.81981029152130099287e-06	-9.81000041961178440367	-0	-9.81981065706349909306e-06	-9.81000041961669921875	0	3.74597463656145729358e-11	3.74223245313497367217e-05	1.12103877145985365674e-44	9.81000041961669921875	9.81000041962161403383
z_negative_above_default_minus_q_far	roundtrip	3	120	-80	10	-9.81980999999836095645e-06	-9.8099999999950851853	-0	-9.81981029152130099287e-06	-9.81000041961178440367	-0	-9.81981065706349909306e-06	-9.81000041961669921875	0	3.74597463656145729358e-11	3.74223245313497367217e-05	1.12103877145985365674e-44	9.81000041961669921875	9.81000041962161403383
z_negative_above_default_minus_q_far	roundtrip	4	-100	100	-99	-9.81980999999836095645e-06	-9.8099999999950851853	-0	-9.81981029152130099287e-06	-9.81000041961178440367	-0	-9.81981065706349909306e-06	-9.81000041961669921875	0	3.74597463656145729358e-11	3.74223245313497367217e-05	1.12103877145985365674e-44	9.81000041961669921875	9.81000041962161403383
z_negative_above_default_minus_q_far	roundtrip	5	255	-0.125	1	-9.81980999999836095645e-06	-9.8099999999950851853	-0	-9.81981029152130099287e-06	-9.81000041961178440367	-0	-9.81981065706349909306e-06	-9.81000041961669921875	0	3.74597463656145729358e-11	3.74223245313497367217e-05	1.12103877145985365674e-44	9.81000041961669921875	9.81000041962161403383
z_positive_double_default_q_near	original	0	0	0	0	1.96199999999869202382e-05	-9.80999999998038000031	-0	1.9620000789678038246e-05	-9.81000041959707921781	-0	1.96200016944203525782e-05	-9.81000041961669921875	0	7.48446488736225580947e-11	3.7422324531405832769e-05	1.12103877145985365674e-44	9.81000041961669921875	9.81000041963631922142
z_positive_double_default_q_near	original	1	3	4	5	1.96199999999869202382e-05	-9.80999999998038000031	-0	1.9620000789678038246e-05	-9.81000041959707921781	-0	1.96200016944203525782e-05	-9.81000041961669921875	0	7.48446488736225580947e-11	3.7422324531405832769e-05	1.12103877145985365674e-44	9.81000041961669921875	9.81000041963631922142
z_positive_double_default_q_near	original	2	-40	6	17	1.96199999999869202382e-05	-9.80999999998038000031	-0	1.9620000789678038246e-05	-9.81000041959707921781	-0	1.96200016944203525782e-05	-9.81000041961669921875	0	7.48446488736225580947e-11	3.7422324531405832769e-05	1.12103877145985365674e-44	9.81000041961669921875	9.81000041963631922142
z_positive_double_default_q_near	original	3	120	-80	10	1.96199999999869202382e-05	-9.80999999998038000031	-0	1.9620000789678038246e-05	-9.81000041959707921781	-0	1.96200016944203525782e-05	-9.81000041961669921875	0	7.48446488736225580947e-11	3.7422324531405832769e-05	1.12103877145985365674e-44	9.81000041961669921875	9.81000041963631922142
z_positive_double_default_q_near	original	4	-100	100	-99	1.96199999999869202382e-05	-9.80999999998038000031	-0	1.9620000789678038246e-05	-9.81000041959707921781	-0	1.96200016944203525782e-05	-9.81000041961669921875	0	7.48446488736225580947e-11	3.7422324531405832769e-05	1.12103877145985365674e-44	9.81000041961669921875	9.81000041963631922142
z_positive_double_default_q_near	original	5	255	-0.125	1	1.96199999999869202382e-05	-9.80999999998038000031	-0	1.9620000789678038246e-05	-9.81000041959707921781	-0	1.96200016944203525782e-05	-9.81000041961669921875	0	7.48446488736225580947e-11	3.7422324531405832769e-05	1.12103877145985365674e-44	9.81000041961669921875	9.81000041963631922142
z_positive_double_default_q_near	roundtrip	0	0	0	0	1.96199999999869202382e-05	-9.80999999998038000031	-0	1.9620000789678038246e-05	-9.81000041959707921781	-0	1.96200016944203525782e-05	-9.81000041961669921875	0	7.48446488736225580947e-11	3.7422324531405832769e-05	1.12103877145985365674e-44	9.81000041961669921875	9.81000041963631922142
z_positive_double_default_q_near	roundtrip	1	3	4	5	1.96199999999869202382e-05	-9.80999999998038000031	-0	1.9620000789678038246e-05	-9.81000041959707921781	-0	1.96200016944203525782e-05	-9.81000041961669921875	0	7.48446488736225580947e-11	3.7422324531405832769e-05	1.12103877145985365674e-44	9.81000041961669921875	9.81000041963631922142
z_positive_double_default_q_near	roundtrip	2	-40	6	17	1.96199999999869202382e-05	-9.80999999998038000031	-0	1.9620000789678038246e-05	-9.81000041959707921781	-0	1.96200016944203525782e-05	-9.81000041961669921875	0	7.48446488736225580947e-11	3.7422324531405832769e-05	1.12103877145985365674e-44	9.81000041961669921875	9.81000041963631922142
z_positive_double_default_q_near	roundtrip	3	120	-80	10	1.96199999999869202382e-05	-9.80999999998038000031	-0	1.9620000789678038246e-05	-9.81000041959707921781	-0	1.96200016944203525782e-05	-9.81000041961669921875	0	7.48446488736225580947e-11	3.7422324531405832769e-05	1.12103877145985365674e-44	9.81000041961669921875	9.81000041963631922142
z_positive_double_default_q_near	roundtrip	4	-100	100	-99	1.96199999999869202382e-05	-9.80999999998038000031	-0	1.9620000789678038246e-05	-9.81000041959707921781	-0	1.96200016944203525782e-05	-9.81000041961669921875	0	7.48446488736225580947e-11	3.7422324531405832769e-05	1.12103877145985365674e-44	9.81000041961669921875	9.81000041963631922142
z_positive_double_default_q_near	roundtrip	5	255	-0.125	1	1.96199999999869202382e-05	-9.80999999998038000031	-0	1.9620000789678038246e-05	-9.81000041959707921781	-0	1.96200016944203525782e-05	-9.81000041961669921875	0	7.48446488736225580947e-11	3.7422324531405832769e-05	1.12103877145985365674e-44	9.81000041961669921875	9.81000041963631922142
z_positive_double_default_q_far	original	0	0	0	0	1.96199999999869202382e-05	-9.80999999998038000031	-0	1.9620000789678038246e-05	-9.81000041959707921781	-0	1.96200016944203525782e-05	-9.81000041961669921875	0	7.48446488736225580947e-11	3.7422324531405832769e-05	1.12103877145985365674e-44	9.81000041961669921875	9.81000041963631922142
z_positive_double_default_q_far	original	1	3	4	5	1.96199999999869202382e-05	-9.80999999998038000031	-0	1.9620000789678038246e-05	-9.81000041959707921781	-0	1.96200016944203525782e-05	-9.81000041961669921875	0	7.48446488736225580947e-11	3.7422324531405832769e-05	1.12103877145985365674e-44	9.81000041961669921875	9.81000041963631922142
z_positive_double_default_q_far	original	2	-40	6	17	1.96199999999869202382e-05	-9.80999999998038000031	-0	1.9620000789678038246e-05	-9.81000041959707921781	-0	1.96200016944203525782e-05	-9.81000041961669921875	0	7.48446488736225580947e-11	3.7422324531405832769e-05	1.12103877145985365674e-44	9.81000041961669921875	9.81000041963631922142
z_positive_double_default_q_far	original	3	120	-80	10	1.96199999999869202382e-05	-9.80999999998038000031	-0	1.9620000789678038246e-05	-9.81000041959707921781	-0	1.96200016944203525782e-05	-9.81000041961669921875	0	7.48446488736225580947e-11	3.7422324531405832769e-05	1.12103877145985365674e-44	9.81000041961669921875	9.81000041963631922142
z_positive_double_default_q_far	original	4	-100	100	-99	1.96199999999869202382e-05	-9.80999999998038000031	-0	1.9620000789678038246e-05	-9.81000041959707921781	-0	1.96200016944203525782e-05	-9.81000041961669921875	0	7.48446488736225580947e-11	3.7422324531405832769e-05	1.12103877145985365674e-44	9.81000041961669921875	9.81000041963631922142
z_positive_double_default_q_far	original	5	255	-0.125	1	1.96199999999869202382e-05	-9.80999999998038000031	-0	1.9620000789678038246e-05	-9.81000041959707921781	-0	1.96200016944203525782e-05	-9.81000041961669921875	0	7.48446488736225580947e-11	3.7422324531405832769e-05	1.12103877145985365674e-44	9.81000041961669921875	9.81000041963631922142
z_positive_double_default_q_far	roundtrip	0	0	0	0	1.96199999999869202382e-05	-9.80999999998038000031	-0	1.9620000789678038246e-05	-9.81000041959707921781	-0	1.96200016944203525782e-05	-9.81000041961669921875	0	7.48446488736225580947e-11	3.7422324531405832769e-05	1.12103877145985365674e-44	9.81000041961669921875	9.81000041963631922142
z_positive_double_default_q_far	roundtrip	1	3	4	5	1.96199999999869202382e-05	-9.80999999998038000031	-0	1.9620000789678038246e-05	-9.81000041959707921781	-0	1.96200016944203525782e-05	-9.81000041961669921875	0	7.48446488736225580947e-11	3.7422324531405832769e-05	1.12103877145985365674e-44	9.81000041961669921875	9.81000041963631922142
z_positive_double_default_q_far	roundtrip	2	-40	6	17	1.96199999999869202382e-05	-9.80999999998038000031	-0	1.9620000789678038246e-05	-9.81000041959707921781	-0	1.96200016944203525782e-05	-9.81000041961669921875	0	7.48446488736225580947e-11	3.7422324531405832769e-05	1.12103877145985365674e-44	9.81000041961669921875	9.81000041963631922142
z_positive_double_default_q_far	roundtrip	3	120	-80	10	1.96199999999869202382e-05	-9.80999999998038000031	-0	1.9620000789678038246e-05	-9.81000041959707921781	-0	1.96200016944203525782e-05	-9.81000041961669921875	0	7.48446488736225580947e-11	3.7422324531405832769e-05	1.12103877145985365674e-44	9.81000041961669921875	9.81000041963631922142
z_positive_double_default_q_far	roundtrip	4	-100	100	-99	1.96199999999869202382e-05	-9.80999999998038000031	-0	1.9620000789678038246e-05	-9.81000041959707921781	-0	1.96200016944203525782e-05	-9.81000041961669921875	0	7.48446488736225580947e-11	3.7422324531405832769e-05	1.12103877145985365674e-44	9.81000041961669921875	9.81000041963631922142
z_positive_double_default_q_far	roundtrip	5	255	-0.125	1	1.96199999999869202382e-05	-9.80999999998038000031	-0	1.9620000789678038246e-05	-9.81000041959707921781	-0	1.96200016944203525782e-05	-9.81000041961669921875	0	7.48446488736225580947e-11	3.7422324531405832769e-05	1.12103877145985365674e-44	9.81000041961669921875	9.81000041963631922142
z_positive_double_default_minus_q_near	original	0	0	0	0	1.96199999999869202382e-05	-9.80999999998038000031	-0	1.9620000789678038246e-05	-9.81000041959707921781	-0	1.96200016944203525782e-05	-9.81000041961669921875	0	7.48446488736225580947e-11	3.7422324531405832769e-05	1.12103877145985365674e-44	9.81000041961669921875	9.81000041963631922142
z_positive_double_default_minus_q_near	original	1	3	4	5	1.96199999999869202382e-05	-9.80999999998038000031	-0	1.9620000789678038246e-05	-9.81000041959707921781	-0	1.96200016944203525782e-05	-9.81000041961669921875	0	7.48446488736225580947e-11	3.7422324531405832769e-05	1.12103877145985365674e-44	9.81000041961669921875	9.81000041963631922142
z_positive_double_default_minus_q_near	original	2	-40	6	17	1.96199999999869202382e-05	-9.80999999998038000031	-0	1.9620000789678038246e-05	-9.81000041959707921781	-0	1.96200016944203525782e-05	-9.81000041961669921875	0	7.48446488736225580947e-11	3.7422324531405832769e-05	1.12103877145985365674e-44	9.81000041961669921875	9.81000041963631922142
z_positive_double_default_minus_q_near	original	3	120	-80	10	1.96199999999869202382e-05	-9.80999999998038000031	-0	1.9620000789678038246e-05	-9.81000041959707921781	-0	1.96200016944203525782e-05	-9.81000041961669921875	0	7.48446488736225580947e-11	3.7422324531405832769e-05	1.12103877145985365674e-44	9.81000041961669921875	9.81000041963631922142
z_positive_double_default_minus_q_near	original	4	-100	100	-99	1.96199999999869202382e-05	-9.80999999998038000031	-0	1.9620000789678038246e-05	-9.81000041959707921781	-0	1.96200016944203525782e-05	-9.81000041961669921875	0	7.48446488736225580947e-11	3.7422324531405832769e-05	1.12103877145985365674e-44	9.81000041961669921875	9.81000041963631922142
z_positive_double_default_minus_q_near	original	5	255	-0.125	1	1.96199999999869202382e-05	-9.80999999998038000031	-0	1.9620000789678038246e-05	-9.81000041959707921781	-0	1.96200016944203525782e-05	-9.81000041961669921875	0	7.48446488736225580947e-11	3.7422324531405832769e-05	1.12103877145985365674e-44	9.81000041961669921875	9.81000041963631922142
z_positive_double_default_minus_q_near	roundtrip	0	0	0	0	1.96199999999869202382e-05	-9.80999999998038000031	-0	1.9620000789678038246e-05	-9.81000041959707921781	-0	1.96200016944203525782e-05	-9.81000041961669921875	0	7.48446488736225580947e-11	3.7422324531405832769e-05	1.12103877145985365674e-44	9.81000041961669921875	9.81000041963631922142
z_positive_double_default_minus_q_near	roundtrip	1	3	4	5	1.96199999999869202382e-05	-9.80999999998038000031	-0	1.9620000789678038246e-05	-9.81000041959707921781	-0	1.96200016944203525782e-05	-9.81000041961669921875	0	7.48446488736225580947e-11	3.7422324531405832769e-05	1.12103877145985365674e-44	9.81000041961669921875	9.81000041963631922142
z_positive_double_default_minus_q_near	roundtrip	2	-40	6	17	1.96199999999869202382e-05	-9.80999999998038000031	-0	1.9620000789678038246e-05	-9.81000041959707921781	-0	1.96200016944203525782e-05	-9.81000041961669921875	0	7.48446488736225580947e-11	3.7422324531405832769e-05	1.12103877145985365674e-44	9.81000041961669921875	9.81000041963631922142
z_positive_double_default_minus_q_near	roundtrip	3	120	-80	10	1.96199999999869202382e-05	-9.80999999998038000031	-0	1.9620000789678038246e-05	-9.81000041959707921781	-0	1.96200016944203525782e-05	-9.81000041961669921875	0	7.48446488736225580947e-11	3.7422324531405832769e-05	1.12103877145985365674e-44	9.81000041961669921875	9.81000041963631922142
z_positive_double_default_minus_q_near	roundtrip	4	-100	100	-99	1.96199999999869202382e-05	-9.80999999998038000031	-0	1.9620000789678038246e-05	-9.81000041959707921781	-0	1.96200016944203525782e-05	-9.81000041961669921875	0	7.48446488736225580947e-11	3.7422324531405832769e-05	1.12103877145985365674e-44	9.81000041961669921875	9.81000041963631922142
z_positive_double_default_minus_q_near	roundtrip	5	255	-0.125	1	1.96199999999869202382e-05	-9.80999999998038000031	-0	1.9620000789678038246e-05	-9.81000041959707921781	-0	1.96200016944203525782e-05	-9.81000041961669921875	0	7.48446488736225580947e-11	3.7422324531405832769e-05	1.12103877145985365674e-44	9.81000041961669921875	9.81000041963631922142
z_positive_double_default_minus_q_far	original	0	0	0	0	1.96199999999869202382e-05	-9.80999999998038000031	-0	1.9620000789678038246e-05	-9.81000041959707921781	-0	1.96200016944203525782e-05	-9.81000041961669921875	0	7.48446488736225580947e-11	3.7422324531405832769e-05	1.12103877145985365674e-44	9.81000041961669921875	9.81000041963631922142
z_positive_double_default_minus_q_far	original	1	3	4	5	1.96199999999869202382e-05	-9.80999999998038000031	-0	1.9620000789678038246e-05	-9.81000041959707921781	-0	1.96200016944203525782e-05	-9.81000041961669921875	0	7.48446488736225580947e-11	3.7422324531405832769e-05	1.12103877145985365674e-44	9.81000041961669921875	9.81000041963631922142
z_positive_double_default_minus_q_far	original	2	-40	6	17	1.96199999999869202382e-05	-9.80999999998038000031	-0	1.9620000789678038246e-05	-9.81000041959707921781	-0	1.96200016944203525782e-05	-9.81000041961669921875	0	7.48446488736225580947e-11	3.7422324531405832769e-05	1.12103877145985365674e-44	9.81000041961669921875	9.81000041963631922142
z_positive_double_default_minus_q_far	original	3	120	-80	10	1.96199999999869202382e-05	-9.80999999998038000031	-0	1.9620000789678038246e-05	-9.81000041959707921781	-0	1.96200016944203525782e-05	-9.81000041961669921875	0	7.48446488736225580947e-11	3.7422324531405832769e-05	1.12103877145985365674e-44	9.81000041961669921875	9.81000041963631922142
z_positive_double_default_minus_q_far	original	4	-100	100	-99	1.96199999999869202382e-05	-9.80999999998038000031	-0	1.9620000789678038246e-05	-9.81000041959707921781	-0	1.96200016944203525782e-05	-9.81000041961669921875	0	7.48446488736225580947e-11	3.7422324531405832769e-05	1.12103877145985365674e-44	9.81000041961669921875	9.81000041963631922142
z_positive_double_default_minus_q_far	original	5	255	-0.125	1	1.96199999999869202382e-05	-9.80999999998038000031	-0	1.9620000789678038246e-05	-9.81000041959707921781	-0	1.96200016944203525782e-05	-9.81000041961669921875	0	7.48446488736225580947e-11	3.7422324531405832769e-05	1.12103877145985365674e-44	9.81000041961669921875	9.81000041963631922142
z_positive_double_default_minus_q_far	roundtrip	0	0	0	0	1.96199999999869202382e-05	-9.80999999998038000031	-0	1.9620000789678038246e-05	-9.81000041959707921781	-0	1.96200016944203525782e-05	-9.81000041961669921875	0	7.48446488736225580947e-11	3.7422324531405832769e-05	1.12103877145985365674e-44	9.81000041961669921875	9.81000041963631922142
z_positive_double_default_minus_q_far	roundtrip	1	3	4	5	1.96199999999869202382e-05	-9.80999999998038000031	-0	1.9620000789678038246e-05	-9.81000041959707921781	-0	1.96200016944203525782e-05	-9.81000041961669921875	0	7.48446488736225580947e-11	3.7422324531405832769e-05	1.12103877145985365674e-44	9.81000041961669921875	9.81000041963631922142
z_positive_double_default_minus_q_far	roundtrip	2	-40	6	17	1.96199999999869202382e-05	-9.80999999998038000031	-0	1.9620000789678038246e-05	-9.81000041959707921781	-0	1.96200016944203525782e-05	-9.81000041961669921875	0	7.48446488736225580947e-11	3.7422324531405832769e-05	1.12103877145985365674e-44	9.81000041961669921875	9.81000041963631922142
z_positive_double_default_minus_q_far	roundtrip	3	120	-80	10	1.96199999999869202382e-05	-9.80999999998038000031	-0	1.9620000789678038246e-05	-9.81000041959707921781	-0	1.96200016944203525782e-05	-9.81000041961669921875	0	7.48446488736225580947e-11	3.7422324531405832769e-05	1.12103877145985365674e-44	9.81000041961669921875	9.81000041963631922142
z_positive_double_default_minus_q_far	roundtrip	4	-100	100	-99	1.96199999999869202382e-05	-9.80999999998038000031	-0	1.9620000789678038246e-05	-9.81000041959707921781	-0	1.96200016944203525782e-05	-9.81000041961669921875	0	7.48446488736225580947e-11	3.7422324531405832769e-05	1.12103877145985365674e-44	9.81000041961669921875	9.81000041963631922142
z_positive_double_default_minus_q_far	roundtrip	5	255	-0.125	1	1.96199999999869202382e-05	-9.80999999998038000031	-0	1.9620000789678038246e-05	-9.81000041959707921781	-0	1.96200016944203525782e-05	-9.81000041961669921875	0	7.48446488736225580947e-11	3.7422324531405832769e-05	1.12103877145985365674e-44	9.81000041961669921875	9.81000041963631922142
z_negative_double_default_q_near	original	0	0	0	0	-1.96199999999869202382e-05	-9.80999999998038000031	-0	-1.9620000789678038246e-05	-9.81000041959707921781	-0	-1.96200016944203525782e-05	-9.81000041961669921875	0	7.48446488736225580947e-11	3.7422324531405832769e-05	1.12103877145985365674e-44	9.81000041961669921875	9.81000041963631922142
z_negative_double_default_q_near	original	1	3	4	5	-1.96199999999869202382e-05	-9.80999999998038000031	-0	-1.9620000789678038246e-05	-9.81000041959707921781	-0	-1.96200016944203525782e-05	-9.81000041961669921875	0	7.48446488736225580947e-11	3.7422324531405832769e-05	1.12103877145985365674e-44	9.81000041961669921875	9.81000041963631922142
z_negative_double_default_q_near	original	2	-40	6	17	-1.96199999999869202382e-05	-9.80999999998038000031	-0	-1.9620000789678038246e-05	-9.81000041959707921781	-0	-1.96200016944203525782e-05	-9.81000041961669921875	0	7.48446488736225580947e-11	3.7422324531405832769e-05	1.12103877145985365674e-44	9.81000041961669921875	9.81000041963631922142
z_negative_double_default_q_near	original	3	120	-80	10	-1.96199999999869202382e-05	-9.80999999998038000031	-0	-1.9620000789678038246e-05	-9.81000041959707921781	-0	-1.96200016944203525782e-05	-9.81000041961669921875	0	7.48446488736225580947e-11	3.7422324531405832769e-05	1.12103877145985365674e-44	9.81000041961669921875	9.81000041963631922142
z_negative_double_default_q_near	original	4	-100	100	-99	-1.96199999999869202382e-05	-9.80999999998038000031	-0	-1.9620000789678038246e-05	-9.81000041959707921781	-0	-1.96200016944203525782e-05	-9.81000041961669921875	0	7.48446488736225580947e-11	3.7422324531405832769e-05	1.12103877145985365674e-44	9.81000041961669921875	9.81000041963631922142
z_negative_double_default_q_near	original	5	255	-0.125	1	-1.96199999999869202382e-05	-9.80999999998038000031	-0	-1.9620000789678038246e-05	-9.81000041959707921781	-0	-1.96200016944203525782e-05	-9.81000041961669921875	0	7.48446488736225580947e-11	3.7422324531405832769e-05	1.12103877145985365674e-44	9.81000041961669921875	9.81000041963631922142
z_negative_double_default_q_near	roundtrip	0	0	0	0	-1.96199999999869202382e-05	-9.80999999998038000031	-0	-1.9620000789678038246e-05	-9.81000041959707921781	-0	-1.96200016944203525782e-05	-9.81000041961669921875	0	7.48446488736225580947e-11	3.7422324531405832769e-05	1.12103877145985365674e-44	9.81000041961669921875	9.81000041963631922142
z_negative_double_default_q_near	roundtrip	1	3	4	5	-1.96199999999869202382e-05	-9.80999999998038000031	-0	-1.9620000789678038246e-05	-9.81000041959707921781	-0	-1.96200016944203525782e-05	-9.81000041961669921875	0	7.48446488736225580947e-11	3.7422324531405832769e-05	1.12103877145985365674e-44	9.81000041961669921875	9.81000041963631922142
z_negative_double_default_q_near	roundtrip	2	-40	6	17	-1.96199999999869202382e-05	-9.80999999998038000031	-0	-1.9620000789678038246e-05	-9.81000041959707921781	-0	-1.96200016944203525782e-05	-9.81000041961669921875	0	7.48446488736225580947e-11	3.7422324531405832769e-05	1.12103877145985365674e-44	9.81000041961669921875	9.81000041963631922142
z_negative_double_default_q_near	roundtrip	3	120	-80	10	-1.96199999999869202382e-05	-9.80999999998038000031	-0	-1.9620000789678038246e-05	-9.81000041959707921781	-0	-1.96200016944203525782e-05	-9.81000041961669921875	0	7.48446488736225580947e-11	3.7422324531405832769e-05	1.12103877145985365674e-44	9.81000041961669921875	9.81000041963631922142
z_negative_double_default_q_near	roundtrip	4	-100	100	-99	-1.96199999999869202382e-05	-9.80999999998038000031	-0	-1.9620000789678038246e-05	-9.81000041959707921781	-0	-1.96200016944203525782e-05	-9.81000041961669921875	0	7.48446488736225580947e-11	3.7422324531405832769e-05	1.12103877145985365674e-44	9.81000041961669921875	9.81000041963631922142
z_negative_double_default_q_near	roundtrip	5	255	-0.125	1	-1.96199999999869202382e-05	-9.80999999998038000031	-0	-1.9620000789678038246e-05	-9.81000041959707921781	-0	-1.96200016944203525782e-05	-9.81000041961669921875	0	7.48446488736225580947e-11	3.7422324531405832769e-05	1.12103877145985365674e-44	9.81000041961669921875	9.81000041963631922142
z_negative_double_default_q_far	original	0	0	0	0	-1.96199999999869202382e-05	-9.80999999998038000031	-0	-1.9620000789678038246e-05	-9.81000041959707921781	-0	-1.96200016944203525782e-05	-9.81000041961669921875	0	7.48446488736225580947e-11	3.7422324531405832769e-05	1.12103877145985365674e-44	9.81000041961669921875	9.81000041963631922142
z_negative_double_default_q_far	original	1	3	4	5	-1.96199999999869202382e-05	-9.80999999998038000031	-0	-1.9620000789678038246e-05	-9.81000041959707921781	-0	-1.96200016944203525782e-05	-9.81000041961669921875	0	7.48446488736225580947e-11	3.7422324531405832769e-05	1.12103877145985365674e-44	9.81000041961669921875	9.81000041963631922142
z_negative_double_default_q_far	original	2	-40	6	17	-1.96199999999869202382e-05	-9.80999999998038000031	-0	-1.9620000789678038246e-05	-9.81000041959707921781	-0	-1.96200016944203525782e-05	-9.81000041961669921875	0	7.48446488736225580947e-11	3.7422324531405832769e-05	1.12103877145985365674e-44	9.81000041961669921875	9.81000041963631922142
z_negative_double_default_q_far	original	3	120	-80	10	-1.96199999999869202382e-05	-9.80999999998038000031	-0	-1.9620000789678038246e-05	-9.81000041959707921781	-0	-1.96200016944203525782e-05	-9.81000041961669921875	0	7.48446488736225580947e-11	3.7422324531405832769e-05	1.12103877145985365674e-44	9.81000041961669921875	9.81000041963631922142
z_negative_double_default_q_far	original	4	-100	100	-99	-1.96199999999869202382e-05	-9.80999999998038000031	-0	-1.9620000789678038246e-05	-9.81000041959707921781	-0	-1.96200016944203525782e-05	-9.81000041961669921875	0	7.48446488736225580947e-11	3.7422324531405832769e-05	1.12103877145985365674e-44	9.81000041961669921875	9.81000041963631922142
z_negative_double_default_q_far	original	5	255	-0.125	1	-1.96199999999869202382e-05	-9.80999999998038000031	-0	-1.9620000789678038246e-05	-9.81000041959707921781	-0	-1.96200016944203525782e-05	-9.81000041961669921875	0	7.48446488736225580947e-11	3.7422324531405832769e-05	1.12103877145985365674e-44	9.81000041961669921875	9.81000041963631922142
z_negative_double_default_q_far	roundtrip	0	0	0	0	-1.96199999999869202382e-05	-9.80999999998038000031	-0	-1.9620000789678038246e-05	-9.81000041959707921781	-0	-1.96200016944203525782e-05	-9.81000041961669921875	0	7.48446488736225580947e-11	3.7422324531405832769e-05	1.12103877145985365674e-44	9.81000041961669921875	9.81000041963631922142
z_negative_double_default_q_far	roundtrip	1	3	4	5	-1.96199999999869202382e-05	-9.80999999998038000031	-0	-1.9620000789678038246e-05	-9.81000041959707921781	-0	-1.96200016944203525782e-05	-9.81000041961669921875	0	7.48446488736225580947e-11	3.7422324531405832769e-05	1.12103877145985365674e-44	9.81000041961669921875	9.81000041963631922142
z_negative_double_default_q_far	roundtrip	2	-40	6	17	-1.96199999999869202382e-05	-9.80999999998038000031	-0	-1.9620000789678038246e-05	-9.81000041959707921781	-0	-1.96200016944203525782e-05	-9.81000041961669921875	0	7.48446488736225580947e-11	3.7422324531405832769e-05	1.12103877145985365674e-44	9.81000041961669921875	9.81000041963631922142
z_negative_double_default_q_far	roundtrip	3	120	-80	10	-1.96199999999869202382e-05	-9.80999999998038000031	-0	-1.9620000789678038246e-05	-9.81000041959707921781	-0	-1.96200016944203525782e-05	-9.81000041961669921875	0	7.48446488736225580947e-11	3.7422324531405832769e-05	1.12103877145985365674e-44	9.81000041961669921875	9.81000041963631922142
z_negative_double_default_q_far	roundtrip	4	-100	100	-99	-1.96199999999869202382e-05	-9.80999999998038000031	-0	-1.9620000789678038246e-05	-9.81000041959707921781	-0	-1.96200016944203525782e-05	-9.81000041961669921875	0	7.48446488736225580947e-11	3.7422324531405832769e-05	1.12103877145985365674e-44	9.81000041961669921875	9.81000041963631922142
z_negative_double_default_q_far	roundtrip	5	255	-0.125	1	-1.96199999999869202382e-05	-9.80999999998038000031	-0	-1.9620000789678038246e-05	-9.81000041959707921781	-0	-1.96200016944203525782e-05	-9.81000041961669921875	0	7.48446488736225580947e-11	3.7422324531405832769e-05	1.12103877145985365674e-44	9.81000041961669921875	9.81000041963631922142
z_negative_double_default_minus_q_near	original	0	0	0	0	-1.96199999999869202382e-05	-9.80999999998038000031	-0	-1.9620000789678038246e-05	-9.81000041959707921781	-0	-1.96200016944203525782e-05	-9.81000041961669921875	0	7.48446488736225580947e-11	3.7422324531405832769e-05	1.12103877145985365674e-44	9.81000041961669921875	9.81000041963631922142
z_negative_double_default_minus_q_near	original	1	3	4	5	-1.96199999999869202382e-05	-9.80999999998038000031	-0	-1.9620000789678038246e-05	-9.81000041959707921781	-0	-1.96200016944203525782e-05	-9.81000041961669921875	0	7.48446488736225580947e-11	3.7422324531405832769e-05	1.12103877145985365674e-44	9.81000041961669921875	9.81000041963631922142
z_negative_double_default_minus_q_near	original	2	-40	6	17	-1.96199999999869202382e-05	-9.80999999998038000031	-0	-1.9620000789678038246e-05	-9.81000041959707921781	-0	-1.96200016944203525782e-05	-9.81000041961669921875	0	7.48446488736225580947e-11	3.7422324531405832769e-05	1.12103877145985365674e-44	9.81000041961669921875	9.81000041963631922142
z_negative_double_default_minus_q_near	original	3	120	-80	10	-1.96199999999869202382e-05	-9.80999999998038000031	-0	-1.9620000789678038246e-05	-9.81000041959707921781	-0	-1.96200016944203525782e-05	-9.81000041961669921875	0	7.48446488736225580947e-11	3.7422324531405832769e-05	1.12103877145985365674e-44	9.81000041961669921875	9.81000041963631922142
z_negative_double_default_minus_q_near	original	4	-100	100	-99	-1.96199999999869202382e-05	-9.80999999998038000031	-0	-1.9620000789678038246e-05	-9.81000041959707921781	-0	-1.96200016944203525782e-05	-9.81000041961669921875	0	7.48446488736225580947e-11	3.7422324531405832769e-05	1.12103877145985365674e-44	9.81000041961669921875	9.81000041963631922142
z_negative_double_default_minus_q_near	original	5	255	-0.125	1	-1.96199999999869202382e-05	-9.80999999998038000031	-0	-1.9620000789678038246e-05	-9.81000041959707921781	-0	-1.96200016944203525782e-05	-9.81000041961669921875	0	7.48446488736225580947e-11	3.7422324531405832769e-05	1.12103877145985365674e-44	9.81000041961669921875	9.81000041963631922142
z_negative_double_default_minus_q_near	roundtrip	0	0	0	0	-1.96199999999869202382e-05	-9.80999999998038000031	-0	-1.9620000789678038246e-05	-9.81000041959707921781	-0	-1.96200016944203525782e-05	-9.81000041961669921875	0	7.48446488736225580947e-11	3.7422324531405832769e-05	1.12103877145985365674e-44	9.81000041961669921875	9.81000041963631922142
z_negative_double_default_minus_q_near	roundtrip	1	3	4	5	-1.96199999999869202382e-05	-9.80999999998038000031	-0	-1.9620000789678038246e-05	-9.81000041959707921781	-0	-1.96200016944203525782e-05	-9.81000041961669921875	0	7.48446488736225580947e-11	3.7422324531405832769e-05	1.12103877145985365674e-44	9.81000041961669921875	9.81000041963631922142
z_negative_double_default_minus_q_near	roundtrip	2	-40	6	17	-1.96199999999869202382e-05	-9.80999999998038000031	-0	-1.9620000789678038246e-05	-9.81000041959707921781	-0	-1.96200016944203525782e-05	-9.81000041961669921875	0	7.48446488736225580947e-11	3.7422324531405832769e-05	1.12103877145985365674e-44	9.81000041961669921875	9.81000041963631922142
z_negative_double_default_minus_q_near	roundtrip	3	120	-80	10	-1.96199999999869202382e-05	-9.80999999998038000031	-0	-1.9620000789678038246e-05	-9.81000041959707921781	-0	-1.96200016944203525782e-05	-9.81000041961669921875	0	7.48446488736225580947e-11	3.7422324531405832769e-05	1.12103877145985365674e-44	9.81000041961669921875	9.81000041963631922142
z_negative_double_default_minus_q_near	roundtrip	4	-100	100	-99	-1.96199999999869202382e-05	-9.80999999998038000031	-0	-1.9620000789678038246e-05	-9.81000041959707921781	-0	-1.96200016944203525782e-05	-9.81000041961669921875	0	7.48446488736225580947e-11	3.7422324531405832769e-05	1.12103877145985365674e-44	9.81000041961669921875	9.81000041963631922142
z_negative_double_default_minus_q_near	roundtrip	5	255	-0.125	1	-1.96199999999869202382e-05	-9.80999999998038000031	-0	-1.9620000789678038246e-05	-9.81000041959707921781	-0	-1.96200016944203525782e-05	-9.81000041961669921875	0	7.48446488736225580947e-11	3.7422324531405832769e-05	1.12103877145985365674e-44	9.81000041961669921875	9.81000041963631922142
z_negative_double_default_minus_q_far	original	0	0	0	0	-1.96199999999869202382e-05	-9.80999999998038000031	-0	-1.9620000789678038246e-05	-9.81000041959707921781	-0	-1.96200016944203525782e-05	-9.81000041961669921875	0	7.48446488736225580947e-11	3.7422324531405832769e-05	1.12103877145985365674e-44	9.81000041961669921875	9.81000041963631922142
z_negative_double_default_minus_q_far	original	1	3	4	5	-1.96199999999869202382e-05	-9.80999999998038000031	-0	-1.9620000789678038246e-05	-9.81000041959707921781	-0	-1.96200016944203525782e-05	-9.81000041961669921875	0	7.48446488736225580947e-11	3.7422324531405832769e-05	1.12103877145985365674e-44	9.81000041961669921875	9.81000041963631922142
z_negative_double_default_minus_q_far	original	2	-40	6	17	-1.96199999999869202382e-05	-9.80999999998038000031	-0	-1.9620000789678038246e-05	-9.81000041959707921781	-0	-1.96200016944203525782e-05	-9.81000041961669921875	0	7.48446488736225580947e-11	3.7422324531405832769e-05	1.12103877145985365674e-44	9.81000041961669921875	9.81000041963631922142
z_negative_double_default_minus_q_far	original	3	120	-80	10	-1.96199999999869202382e-05	-9.80999999998038000031	-0	-1.9620000789678038246e-05	-9.81000041959707921781	-0	-1.96200016944203525782e-05	-9.81000041961669921875	0	7.48446488736225580947e-11	3.7422324531405832769e-05	1.12103877145985365674e-44	9.81000041961669921875	9.81000041963631922142
z_negative_double_default_minus_q_far	original	4	-100	100	-99	-1.96199999999869202382e-05	-9.80999999998038000031	-0	-1.9620000789678038246e-05	-9.81000041959707921781	-0	-1.96200016944203525782e-05	-9.81000041961669921875	0	7.48446488736225580947e-11	3.7422324531405832769e-05	1.12103877145985365674e-44	9.81000041961669921875	9.81000041963631922142
z_negative_double_default_minus_q_far	original	5	255	-0.125	1	-1.96199999999869202382e-05	-9.80999999998038000031	-0	-1.9620000789678038246e-05	-9.81000041959707921781	-0	-1.96200016944203525782e-05	-9.81000041961669921875	0	7.48446488736225580947e-11	3.7422324531405832769e-05	1.12103877145985365674e-44	9.81000041961669921875	9.81000041963631922142
z_negative_double_default_minus_q_far	roundtrip	0	0	0	0	-1.96199999999869202382e-05	-9.80999999998038000031	-0	-1.9620000789678038246e-05	-9.81000041959707921781	-0	-1.96200016944203525782e-05	-9.81000041961669921875	0	7.48446488736225580947e-11	3.7422324531405832769e-05	1.12103877145985365674e-44	9.81000041961669921875	9.81000041963631922142
z_negative_double_default_minus_q_far	roundtrip	1	3	4	5	-1.96199999999869202382e-05	-9.80999999998038000031	-0	-1.9620000789678038246e-05	-9.81000041959707921781	-0	-1.96200016944203525782e-05	-9.81000041961669921875	0	7.48446488736225580947e-11	3.7422324531405832769e-05	1.12103877145985365674e-44	9.81000041961669921875	9.81000041963631922142
z_negative_double_default_minus_q_far	roundtrip	2	-40	6	17	-1.96199999999869202382e-05	-9.80999999998038000031	-0	-1.9620000789678038246e-05	-9.81000041959707921781	-0	-1.96200016944203525782e-05	-9.81000041961669921875	0	7.48446488736225580947e-11	3.7422324531405832769e-05	1.12103877145985365674e-44	9.81000041961669921875	9.81000041963631922142
z_negative_double_default_minus_q_far	roundtrip	3	120	-80	10	-1.96199999999869202382e-05	-9.80999999998038000031	-0	-1.9620000789678038246e-05	-9.81000041959707921781	-0	-1.96200016944203525782e-05	-9.81000041961669921875	0	7.48446488736225580947e-11	3.7422324531405832769e-05	1.12103877145985365674e-44	9.81000041961669921875	9.81000041963631922142
z_negative_double_default_minus_q_far	roundtrip	4	-100	100	-99	-1.96199999999869202382e-05	-9.80999999998038000031	-0	-1.9620000789678038246e-05	-9.81000041959707921781	-0	-1.96200016944203525782e-05	-9.81000041961669921875	0	7.48446488736225580947e-11	3.7422324531405832769e-05	1.12103877145985365674e-44	9.81000041961669921875	9.81000041963631922142
z_negative_double_default_minus_q_far	roundtrip	5	255	-0.125	1	-1.96199999999869202382e-05	-9.80999999998038000031	-0	-1.9620000789678038246e-05	-9.81000041959707921781	-0	-1.96200016944203525782e-05	-9.81000041961669921875	0	7.48446488736225580947e-11	3.7422324531405832769e-05	1.12103877145985365674e-44	9.81000041961669921875	9.81000041963631922142
x_positive_half_default_q_near	original	0	0	0	0	0	-9.80999999999877375038	-4.90499999999979534316e-06	0	-9.81000041961547296875	-4.90500019742410799916e-06	0	-9.81000041961669921875	-4.90500042360508814454e-06	1.12103877145985365674e-44	3.74223245313356659096e-05	1.87111622184231812375e-11	9.81000041961669921875	9.81000041961792546875
x_positive_half_default_q_near	original	1	3	4	5	0	-9.80999999999877375038	-4.90499999999979534316e-06	0	-9.81000041961547296875	-4.90500019742410799916e-06	0	-9.81000041961669921875	-4.90500042360508814454e-06	1.12103877145985365674e-44	3.74223245313356659096e-05	1.87111622184231812375e-11	9.81000041961669921875	9.81000041961792546875
x_positive_half_default_q_near	original	2	-40	6	17	0	-9.80999999999877375038	-4.90499999999979534316e-06	0	-9.81000041961547296875	-4.90500019742410799916e-06	0	-9.81000041961669921875	-4.90500042360508814454e-06	1.12103877145985365674e-44	3.74223245313356659096e-05	1.87111622184231812375e-11	9.81000041961669921875	9.81000041961792546875
x_positive_half_default_q_near	original	3	120	-80	10	0	-9.80999999999877375038	-4.90499999999979534316e-06	0	-9.81000041961547296875	-4.90500019742410799916e-06	0	-9.81000041961669921875	-4.90500042360508814454e-06	1.12103877145985365674e-44	3.74223245313356659096e-05	1.87111622184231812375e-11	9.81000041961669921875	9.81000041961792546875
x_positive_half_default_q_near	original	4	-100	100	-99	0	-9.80999999999877375038	-4.90499999999979534316e-06	0	-9.81000041961547296875	-4.90500019742410799916e-06	0	-9.81000041961669921875	-4.90500042360508814454e-06	1.12103877145985365674e-44	3.74223245313356659096e-05	1.87111622184231812375e-11	9.81000041961669921875	9.81000041961792546875
x_positive_half_default_q_near	original	5	255	-0.125	1	0	-9.80999999999877375038	-4.90499999999979534316e-06	0	-9.81000041961547296875	-4.90500019742410799916e-06	0	-9.81000041961669921875	-4.90500042360508814454e-06	1.12103877145985365674e-44	3.74223245313356659096e-05	1.87111622184231812375e-11	9.81000041961669921875	9.81000041961792546875
x_positive_half_default_q_near	roundtrip	0	0	0	0	0	-9.80999999999877375038	-4.90499999999979534316e-06	0	-9.81000041961547296875	-4.90500019742410799916e-06	0	-9.81000041961669921875	-4.90500042360508814454e-06	1.12103877145985365674e-44	3.74223245313356659096e-05	1.87111622184231812375e-11	9.81000041961669921875	9.81000041961792546875
x_positive_half_default_q_near	roundtrip	1	3	4	5	0	-9.80999999999877375038	-4.90499999999979534316e-06	0	-9.81000041961547296875	-4.90500019742410799916e-06	0	-9.81000041961669921875	-4.90500042360508814454e-06	1.12103877145985365674e-44	3.74223245313356659096e-05	1.87111622184231812375e-11	9.81000041961669921875	9.81000041961792546875
x_positive_half_default_q_near	roundtrip	2	-40	6	17	0	-9.80999999999877375038	-4.90499999999979534316e-06	0	-9.81000041961547296875	-4.90500019742410799916e-06	0	-9.81000041961669921875	-4.90500042360508814454e-06	1.12103877145985365674e-44	3.74223245313356659096e-05	1.87111622184231812375e-11	9.81000041961669921875	9.81000041961792546875
x_positive_half_default_q_near	roundtrip	3	120	-80	10	0	-9.80999999999877375038	-4.90499999999979534316e-06	0	-9.81000041961547296875	-4.90500019742410799916e-06	0	-9.81000041961669921875	-4.90500042360508814454e-06	1.12103877145985365674e-44	3.74223245313356659096e-05	1.87111622184231812375e-11	9.81000041961669921875	9.81000041961792546875
x_positive_half_default_q_near	roundtrip	4	-100	100	-99	0	-9.80999999999877375038	-4.90499999999979534316e-06	0	-9.81000041961547296875	-4.90500019742410799916e-06	0	-9.81000041961669921875	-4.90500042360508814454e-06	1.12103877145985365674e-44	3.74223245313356659096e-05	1.87111622184231812375e-11	9.81000041961669921875	9.81000041961792546875
x_positive_half_default_q_near	roundtrip	5	255	-0.125	1	0	-9.80999999999877375038	-4.90499999999979534316e-06	0	-9.81000041961547296875	-4.90500019742410799916e-06	0	-9.81000041961669921875	-4.90500042360508814454e-06	1.12103877145985365674e-44	3.74223245313356659096e-05	1.87111622184231812375e-11	9.81000041961669921875	9.81000041961792546875
x_positive_half_default_q_far	original	0	0	0	0	0	-9.80999999999877375038	-4.90499999999979534316e-06	0	-9.81000041961547296875	-4.90500019742410799916e-06	0	-9.81000041961669921875	-4.90500042360508814454e-06	1.12103877145985365674e-44	3.74223245313356659096e-05	1.87111622184231812375e-11	9.81000041961669921875	9.81000041961792546875
x_positive_half_default_q_far	original	1	3	4	5	0	-9.80999999999877375038	-4.90499999999979534316e-06	0	-9.81000041961547296875	-4.90500019742410799916e-06	0	-9.81000041961669921875	-4.90500042360508814454e-06	1.12103877145985365674e-44	3.74223245313356659096e-05	1.87111622184231812375e-11	9.81000041961669921875	9.81000041961792546875
x_positive_half_default_q_far	original	2	-40	6	17	0	-9.80999999999877375038	-4.90499999999979534316e-06	0	-9.81000041961547296875	-4.90500019742410799916e-06	0	-9.81000041961669921875	-4.90500042360508814454e-06	1.12103877145985365674e-44	3.74223245313356659096e-05	1.87111622184231812375e-11	9.81000041961669921875	9.81000041961792546875
x_positive_half_default_q_far	original	3	120	-80	10	0	-9.80999999999877375038	-4.90499999999979534316e-06	0	-9.81000041961547296875	-4.90500019742410799916e-06	0	-9.81000041961669921875	-4.90500042360508814454e-06	1.12103877145985365674e-44	3.74223245313356659096e-05	1.87111622184231812375e-11	9.81000041961669921875	9.81000041961792546875
x_positive_half_default_q_far	original	4	-100	100	-99	0	-9.80999999999877375038	-4.90499999999979534316e-06	0	-9.81000041961547296875	-4.90500019742410799916e-06	0	-9.81000041961669921875	-4.90500042360508814454e-06	1.12103877145985365674e-44	3.74223245313356659096e-05	1.87111622184231812375e-11	9.81000041961669921875	9.81000041961792546875
x_positive_half_default_q_far	original	5	255	-0.125	1	0	-9.80999999999877375038	-4.90499999999979534316e-06	0	-9.81000041961547296875	-4.90500019742410799916e-06	0	-9.81000041961669921875	-4.90500042360508814454e-06	1.12103877145985365674e-44	3.74223245313356659096e-05	1.87111622184231812375e-11	9.81000041961669921875	9.81000041961792546875
x_positive_half_default_q_far	roundtrip	0	0	0	0	0	-9.80999999999877375038	-4.90499999999979534316e-06	0	-9.81000041961547296875	-4.90500019742410799916e-06	0	-9.81000041961669921875	-4.90500042360508814454e-06	1.12103877145985365674e-44	3.74223245313356659096e-05	1.87111622184231812375e-11	9.81000041961669921875	9.81000041961792546875
x_positive_half_default_q_far	roundtrip	1	3	4	5	0	-9.80999999999877375038	-4.90499999999979534316e-06	0	-9.81000041961547296875	-4.90500019742410799916e-06	0	-9.81000041961669921875	-4.90500042360508814454e-06	1.12103877145985365674e-44	3.74223245313356659096e-05	1.87111622184231812375e-11	9.81000041961669921875	9.81000041961792546875
x_positive_half_default_q_far	roundtrip	2	-40	6	17	0	-9.80999999999877375038	-4.90499999999979534316e-06	0	-9.81000041961547296875	-4.90500019742410799916e-06	0	-9.81000041961669921875	-4.90500042360508814454e-06	1.12103877145985365674e-44	3.74223245313356659096e-05	1.87111622184231812375e-11	9.81000041961669921875	9.81000041961792546875
x_positive_half_default_q_far	roundtrip	3	120	-80	10	0	-9.80999999999877375038	-4.90499999999979534316e-06	0	-9.81000041961547296875	-4.90500019742410799916e-06	0	-9.81000041961669921875	-4.90500042360508814454e-06	1.12103877145985365674e-44	3.74223245313356659096e-05	1.87111622184231812375e-11	9.81000041961669921875	9.81000041961792546875
x_positive_half_default_q_far	roundtrip	4	-100	100	-99	0	-9.80999999999877375038	-4.90499999999979534316e-06	0	-9.81000041961547296875	-4.90500019742410799916e-06	0	-9.81000041961669921875	-4.90500042360508814454e-06	1.12103877145985365674e-44	3.74223245313356659096e-05	1.87111622184231812375e-11	9.81000041961669921875	9.81000041961792546875
x_positive_half_default_q_far	roundtrip	5	255	-0.125	1	0	-9.80999999999877375038	-4.90499999999979534316e-06	0	-9.81000041961547296875	-4.90500019742410799916e-06	0	-9.81000041961669921875	-4.90500042360508814454e-06	1.12103877145985365674e-44	3.74223245313356659096e-05	1.87111622184231812375e-11	9.81000041961669921875	9.81000041961792546875
x_positive_half_default_minus_q_near	original	0	0	0	0	0	-9.80999999999877375038	-4.90499999999979534316e-06	0	-9.81000041961547296875	-4.90500019742410799916e-06	0	-9.81000041961669921875	-4.90500042360508814454e-06	1.12103877145985365674e-44	3.74223245313356659096e-05	1.87111622184231812375e-11	9.81000041961669921875	9.81000041961792546875
x_positive_half_default_minus_q_near	original	1	3	4	5	0	-9.80999999999877375038	-4.90499999999979534316e-06	0	-9.81000041961547296875	-4.90500019742410799916e-06	0	-9.81000041961669921875	-4.90500042360508814454e-06	1.12103877145985365674e-44	3.74223245313356659096e-05	1.87111622184231812375e-11	9.81000041961669921875	9.81000041961792546875
x_positive_half_default_minus_q_near	original	2	-40	6	17	0	-9.80999999999877375038	-4.90499999999979534316e-06	0	-9.81000041961547296875	-4.90500019742410799916e-06	0	-9.81000041961669921875	-4.90500042360508814454e-06	1.12103877145985365674e-44	3.74223245313356659096e-05	1.87111622184231812375e-11	9.81000041961669921875	9.81000041961792546875
x_positive_half_default_minus_q_near	original	3	120	-80	10	0	-9.80999999999877375038	-4.90499999999979534316e-06	0	-9.81000041961547296875	-4.90500019742410799916e-06	0	-9.81000041961669921875	-4.90500042360508814454e-06	1.12103877145985365674e-44	3.74223245313356659096e-05	1.87111622184231812375e-11	9.81000041961669921875	9.81000041961792546875
x_positive_half_default_minus_q_near	original	4	-100	100	-99	0	-9.80999999999877375038	-4.90499999999979534316e-06	0	-9.81000041961547296875	-4.90500019742410799916e-06	0	-9.81000041961669921875	-4.90500042360508814454e-06	1.12103877145985365674e-44	3.74223245313356659096e-05	1.87111622184231812375e-11	9.81000041961669921875	9.81000041961792546875
x_positive_half_default_minus_q_near	original	5	255	-0.125	1	0	-9.80999999999877375038	-4.90499999999979534316e-06	0	-9.81000041961547296875	-4.90500019742410799916e-06	0	-9.81000041961669921875	-4.90500042360508814454e-06	1.12103877145985365674e-44	3.74223245313356659096e-05	1.87111622184231812375e-11	9.81000041961669921875	9.81000041961792546875
x_positive_half_default_minus_q_near	roundtrip	0	0	0	0	0	-9.80999999999877375038	-4.90499999999979534316e-06	0	-9.81000041961547296875	-4.90500019742410799916e-06	0	-9.81000041961669921875	-4.90500042360508814454e-06	1.12103877145985365674e-44	3.74223245313356659096e-05	1.87111622184231812375e-11	9.81000041961669921875	9.81000041961792546875
x_positive_half_default_minus_q_near	roundtrip	1	3	4	5	0	-9.80999999999877375038	-4.90499999999979534316e-06	0	-9.81000041961547296875	-4.90500019742410799916e-06	0	-9.81000041961669921875	-4.90500042360508814454e-06	1.12103877145985365674e-44	3.74223245313356659096e-05	1.87111622184231812375e-11	9.81000041961669921875	9.81000041961792546875
x_positive_half_default_minus_q_near	roundtrip	2	-40	6	17	0	-9.80999999999877375038	-4.90499999999979534316e-06	0	-9.81000041961547296875	-4.90500019742410799916e-06	0	-9.81000041961669921875	-4.90500042360508814454e-06	1.12103877145985365674e-44	3.74223245313356659096e-05	1.87111622184231812375e-11	9.81000041961669921875	9.81000041961792546875
x_positive_half_default_minus_q_near	roundtrip	3	120	-80	10	0	-9.80999999999877375038	-4.90499999999979534316e-06	0	-9.81000041961547296875	-4.90500019742410799916e-06	0	-9.81000041961669921875	-4.90500042360508814454e-06	1.12103877145985365674e-44	3.74223245313356659096e-05	1.87111622184231812375e-11	9.81000041961669921875	9.81000041961792546875
x_positive_half_default_minus_q_near	roundtrip	4	-100	100	-99	0	-9.80999999999877375038	-4.90499999999979534316e-06	0	-9.81000041961547296875	-4.90500019742410799916e-06	0	-9.81000041961669921875	-4.90500042360508814454e-06	1.12103877145985365674e-44	3.74223245313356659096e-05	1.87111622184231812375e-11	9.81000041961669921875	9.81000041961792546875
x_positive_half_default_minus_q_near	roundtrip	5	255	-0.125	1	0	-9.80999999999877375038	-4.90499999999979534316e-06	0	-9.81000041961547296875	-4.90500019742410799916e-06	0	-9.81000041961669921875	-4.90500042360508814454e-06	1.12103877145985365674e-44	3.74223245313356659096e-05	1.87111622184231812375e-11	9.81000041961669921875	9.81000041961792546875
x_positive_half_default_minus_q_far	original	0	0	0	0	0	-9.80999999999877375038	-4.90499999999979534316e-06	0	-9.81000041961547296875	-4.90500019742410799916e-06	0	-9.81000041961669921875	-4.90500042360508814454e-06	1.12103877145985365674e-44	3.74223245313356659096e-05	1.87111622184231812375e-11	9.81000041961669921875	9.81000041961792546875
x_positive_half_default_minus_q_far	original	1	3	4	5	0	-9.80999999999877375038	-4.90499999999979534316e-06	0	-9.81000041961547296875	-4.90500019742410799916e-06	0	-9.81000041961669921875	-4.90500042360508814454e-06	1.12103877145985365674e-44	3.74223245313356659096e-05	1.87111622184231812375e-11	9.81000041961669921875	9.81000041961792546875
x_positive_half_default_minus_q_far	original	2	-40	6	17	0	-9.80999999999877375038	-4.90499999999979534316e-06	0	-9.81000041961547296875	-4.90500019742410799916e-06	0	-9.81000041961669921875	-4.90500042360508814454e-06	1.12103877145985365674e-44	3.74223245313356659096e-05	1.87111622184231812375e-11	9.81000041961669921875	9.81000041961792546875
x_positive_half_default_minus_q_far	original	3	120	-80	10	0	-9.80999999999877375038	-4.90499999999979534316e-06	0	-9.81000041961547296875	-4.90500019742410799916e-06	0	-9.81000041961669921875	-4.90500042360508814454e-06	1.12103877145985365674e-44	3.74223245313356659096e-05	1.87111622184231812375e-11	9.81000041961669921875	9.81000041961792546875
x_positive_half_default_minus_q_far	original	4	-100	100	-99	0	-9.80999999999877375038	-4.90499999999979534316e-06	0	-9.81000041961547296875	-4.90500019742410799916e-06	0	-9.81000041961669921875	-4.90500042360508814454e-06	1.12103877145985365674e-44	3.74223245313356659096e-05	1.87111622184231812375e-11	9.81000041961669921875	9.81000041961792546875
x_positive_half_default_minus_q_far	original	5	255	-0.125	1	0	-9.80999999999877375038	-4.90499999999979534316e-06	0	-9.81000041961547296875	-4.90500019742410799916e-06	0	-9.81000041961669921875	-4.90500042360508814454e-06	1.12103877145985365674e-44	3.74223245313356659096e-05	1.87111622184231812375e-11	9.81000041961669921875	9.81000041961792546875
x_positive_half_default_minus_q_far	roundtrip	0	0	0	0	0	-9.80999999999877375038	-4.90499999999979534316e-06	0	-9.81000041961547296875	-4.90500019742410799916e-06	0	-9.81000041961669921875	-4.90500042360508814454e-06	1.12103877145985365674e-44	3.74223245313356659096e-05	1.87111622184231812375e-11	9.81000041961669921875	9.81000041961792546875
x_positive_half_default_minus_q_far	roundtrip	1	3	4	5	0	-9.80999999999877375038	-4.90499999999979534316e-06	0	-9.81000041961547296875	-4.90500019742410799916e-06	0	-9.81000041961669921875	-4.90500042360508814454e-06	1.12103877145985365674e-44	3.74223245313356659096e-05	1.87111622184231812375e-11	9.81000041961669921875	9.81000041961792546875
x_positive_half_default_minus_q_far	roundtrip	2	-40	6	17	0	-9.80999999999877375038	-4.90499999999979534316e-06	0	-9.81000041961547296875	-4.90500019742410799916e-06	0	-9.81000041961669921875	-4.90500042360508814454e-06	1.12103877145985365674e-44	3.74223245313356659096e-05	1.87111622184231812375e-11	9.81000041961669921875	9.81000041961792546875
x_positive_half_default_minus_q_far	roundtrip	3	120	-80	10	0	-9.80999999999877375038	-4.90499999999979534316e-06	0	-9.81000041961547296875	-4.90500019742410799916e-06	0	-9.81000041961669921875	-4.90500042360508814454e-06	1.12103877145985365674e-44	3.74223245313356659096e-05	1.87111622184231812375e-11	9.81000041961669921875	9.81000041961792546875
x_positive_half_default_minus_q_far	roundtrip	4	-100	100	-99	0	-9.80999999999877375038	-4.90499999999979534316e-06	0	-9.81000041961547296875	-4.90500019742410799916e-06	0	-9.81000041961669921875	-4.90500042360508814454e-06	1.12103877145985365674e-44	3.74223245313356659096e-05	1.87111622184231812375e-11	9.81000041961669921875	9.81000041961792546875
x_positive_half_default_minus_q_far	roundtrip	5	255	-0.125	1	0	-9.80999999999877375038	-4.90499999999979534316e-06	0	-9.81000041961547296875	-4.90500019742410799916e-06	0	-9.81000041961669921875	-4.90500042360508814454e-06	1.12103877145985365674e-44	3.74223245313356659096e-05	1.87111622184231812375e-11	9.81000041961669921875	9.81000041961792546875
x_negative_half_default_q_near	original	0	0	0	0	-0	-9.80999999999877375038	4.90499999999979534316e-06	-0	-9.81000041961547296875	4.90500019742410799916e-06	0	-9.81000041961669921875	4.90500042360508814454e-06	1.12103877145985365674e-44	3.74223245313356659096e-05	1.87111622184231812375e-11	9.81000041961669921875	9.81000041961792546875
x_negative_half_default_q_near	original	1	3	4	5	-0	-9.80999999999877375038	4.90499999999979534316e-06	-0	-9.81000041961547296875	4.90500019742410799916e-06	0	-9.81000041961669921875	4.90500042360508814454e-06	1.12103877145985365674e-44	3.74223245313356659096e-05	1.87111622184231812375e-11	9.81000041961669921875	9.81000041961792546875
x_negative_half_default_q_near	original	2	-40	6	17	-0	-9.80999999999877375038	4.90499999999979534316e-06	-0	-9.81000041961547296875	4.90500019742410799916e-06	0	-9.81000041961669921875	4.90500042360508814454e-06	1.12103877145985365674e-44	3.74223245313356659096e-05	1.87111622184231812375e-11	9.81000041961669921875	9.81000041961792546875
x_negative_half_default_q_near	original	3	120	-80	10	-0	-9.80999999999877375038	4.90499999999979534316e-06	-0	-9.81000041961547296875	4.90500019742410799916e-06	0	-9.81000041961669921875	4.90500042360508814454e-06	1.12103877145985365674e-44	3.74223245313356659096e-05	1.87111622184231812375e-11	9.81000041961669921875	9.81000041961792546875
x_negative_half_default_q_near	original	4	-100	100	-99	-0	-9.80999999999877375038	4.90499999999979534316e-06	-0	-9.81000041961547296875	4.90500019742410799916e-06	0	-9.81000041961669921875	4.90500042360508814454e-06	1.12103877145985365674e-44	3.74223245313356659096e-05	1.87111622184231812375e-11	9.81000041961669921875	9.81000041961792546875
x_negative_half_default_q_near	original	5	255	-0.125	1	-0	-9.80999999999877375038	4.90499999999979534316e-06	-0	-9.81000041961547296875	4.90500019742410799916e-06	0	-9.81000041961669921875	4.90500042360508814454e-06	1.12103877145985365674e-44	3.74223245313356659096e-05	1.87111622184231812375e-11	9.81000041961669921875	9.81000041961792546875
x_negative_half_default_q_near	roundtrip	0	0	0	0	-0	-9.80999999999877375038	4.90499999999979534316e-06	-0	-9.81000041961547296875	4.90500019742410799916e-06	0	-9.81000041961669921875	4.90500042360508814454e-06	1.12103877145985365674e-44	3.74223245313356659096e-05	1.87111622184231812375e-11	9.81000041961669921875	9.81000041961792546875
x_negative_half_default_q_near	roundtrip	1	3	4	5	-0	-9.80999999999877375038	4.90499999999979534316e-06	-0	-9.81000041961547296875	4.90500019742410799916e-06	0	-9.81000041961669921875	4.90500042360508814454e-06	1.12103877145985365674e-44	3.74223245313356659096e-05	1.87111622184231812375e-11	9.81000041961669921875	9.81000041961792546875
x_negative_half_default_q_near	roundtrip	2	-40	6	17	-0	-9.80999999999877375038	4.90499999999979534316e-06	-0	-9.81000041961547296875	4.90500019742410799916e-06	0	-9.81000041961669921875	4.90500042360508814454e-06	1.12103877145985365674e-44	3.74223245313356659096e-05	1.87111622184231812375e-11	9.81000041961669921875	9.81000041961792546875
x_negative_half_default_q_near	roundtrip	3	120	-80	10	-0	-9.80999999999877375038	4.90499999999979534316e-06	-0	-9.81000041961547296875	4.90500019742410799916e-06	0	-9.81000041961669921875	4.90500042360508814454e-06	1.12103877145985365674e-44	3.74223245313356659096e-05	1.87111622184231812375e-11	9.81000041961669921875	9.81000041961792546875
x_negative_half_default_q_near	roundtrip	4	-100	100	-99	-0	-9.80999999999877375038	4.90499999999979534316e-06	-0	-9.81000041961547296875	4.90500019742410799916e-06	0	-9.81000041961669921875	4.90500042360508814454e-06	1.12103877145985365674e-44	3.74223245313356659096e-05	1.87111622184231812375e-11	9.81000041961669921875	9.81000041961792546875
x_negative_half_default_q_near	roundtrip	5	255	-0.125	1	-0	-9.80999999999877375038	4.90499999999979534316e-06	-0	-9.81000041961547296875	4.90500019742410799916e-06	0	-9.81000041961669921875	4.90500042360508814454e-06	1.12103877145985365674e-44	3.74223245313356659096e-05	1.87111622184231812375e-11	9.81000041961669921875	9.81000041961792546875
x_negative_half_default_q_far	original	0	0	0	0	-0	-9.80999999999877375038	4.90499999999979534316e-06	-0	-9.81000041961547296875	4.90500019742410799916e-06	0	-9.81000041961669921875	4.90500042360508814454e-06	1.12103877145985365674e-44	3.74223245313356659096e-05	1.87111622184231812375e-11	9.81000041961669921875	9.81000041961792546875
x_negative_half_default_q_far	original	1	3	4	5	-0	-9.80999999999877375038	4.90499999999979534316e-06	-0	-9.81000041961547296875	4.90500019742410799916e-06	0	-9.81000041961669921875	4.90500042360508814454e-06	1.12103877145985365674e-44	3.74223245313356659096e-05	1.87111622184231812375e-11	9.81000041961669921875	9.81000041961792546875
x_negative_half_default_q_far	original	2	-40	6	17	-0	-9.80999999999877375038	4.90499999999979534316e-06	-0	-9.81000041961547296875	4.90500019742410799916e-06	0	-9.81000041961669921875	4.90500042360508814454e-06	1.12103877145985365674e-44	3.74223245313356659096e-05	1.87111622184231812375e-11	9.81000041961669921875	9.81000041961792546875
x_negative_half_default_q_far	original	3	120	-80	10	-0	-9.80999999999877375038	4.90499999999979534316e-06	-0	-9.81000041961547296875	4.90500019742410799916e-06	0	-9.81000041961669921875	4.90500042360508814454e-06	1.12103877145985365674e-44	3.74223245313356659096e-05	1.87111622184231812375e-11	9.81000041961669921875	9.81000041961792546875
x_negative_half_default_q_far	original	4	-100	100	-99	-0	-9.80999999999877375038	4.90499999999979534316e-06	-0	-9.81000041961547296875	4.90500019742410799916e-06	0	-9.81000041961669921875	4.90500042360508814454e-06	1.12103877145985365674e-44	3.74223245313356659096e-05	1.87111622184231812375e-11	9.81000041961669921875	9.81000041961792546875
x_negative_half_default_q_far	original	5	255	-0.125	1	-0	-9.80999999999877375038	4.90499999999979534316e-06	-0	-9.81000041961547296875	4.90500019742410799916e-06	0	-9.81000041961669921875	4.90500042360508814454e-06	1.12103877145985365674e-44	3.74223245313356659096e-05	1.87111622184231812375e-11	9.81000041961669921875	9.81000041961792546875
x_negative_half_default_q_far	roundtrip	0	0	0	0	-0	-9.80999999999877375038	4.90499999999979534316e-06	-0	-9.81000041961547296875	4.90500019742410799916e-06	0	-9.81000041961669921875	4.90500042360508814454e-06	1.12103877145985365674e-44	3.74223245313356659096e-05	1.87111622184231812375e-11	9.81000041961669921875	9.81000041961792546875
x_negative_half_default_q_far	roundtrip	1	3	4	5	-0	-9.80999999999877375038	4.90499999999979534316e-06	-0	-9.81000041961547296875	4.90500019742410799916e-06	0	-9.81000041961669921875	4.90500042360508814454e-06	1.12103877145985365674e-44	3.74223245313356659096e-05	1.87111622184231812375e-11	9.81000041961669921875	9.81000041961792546875
x_negative_half_default_q_far	roundtrip	2	-40	6	17	-0	-9.80999999999877375038	4.90499999999979534316e-06	-0	-9.81000041961547296875	4.90500019742410799916e-06	0	-9.81000041961669921875	4.90500042360508814454e-06	1.12103877145985365674e-44	3.74223245313356659096e-05	1.87111622184231812375e-11	9.81000041961669921875	9.81000041961792546875
x_negative_half_default_q_far	roundtrip	3	120	-80	10	-0	-9.80999999999877375038	4.90499999999979534316e-06	-0	-9.81000041961547296875	4.90500019742410799916e-06	0	-9.81000041961669921875	4.90500042360508814454e-06	1.12103877145985365674e-44	3.74223245313356659096e-05	1.87111622184231812375e-11	9.81000041961669921875	9.81000041961792546875
x_negative_half_default_q_far	roundtrip	4	-100	100	-99	-0	-9.80999999999877375038	4.90499999999979534316e-06	-0	-9.81000041961547296875	4.90500019742410799916e-06	0	-9.81000041961669921875	4.90500042360508814454e-06	1.12103877145985365674e-44	3.74223245313356659096e-05	1.87111622184231812375e-11	9.81000041961669921875	9.81000041961792546875
x_negative_half_default_q_far	roundtrip	5	255	-0.125	1	-0	-9.80999999999877375038	4.90499999999979534316e-06	-0	-9.81000041961547296875	4.90500019742410799916e-06	0	-9.81000041961669921875	4.90500042360508814454e-06	1.12103877145985365674e-44	3.74223245313356659096e-05	1.87111622184231812375e-11	9.81000041961669921875	9.81000041961792546875
x_negative_half_default_minus_q_near	original	0	0	0	0	-0	-9.80999999999877375038	4.90499999999979534316e-06	-0	-9.81000041961547296875	4.90500019742410799916e-06	0	-9.81000041961669921875	4.90500042360508814454e-06	1.12103877145985365674e-44	3.74223245313356659096e-05	1.87111622184231812375e-11	9.81000041961669921875	9.81000041961792546875
x_negative_half_default_minus_q_near	original	1	3	4	5	-0	-9.80999999999877375038	4.90499999999979534316e-06	-0	-9.81000041961547296875	4.90500019742410799916e-06	0	-9.81000041961669921875	4.90500042360508814454e-06	1.12103877145985365674e-44	3.74223245313356659096e-05	1.87111622184231812375e-11	9.81000041961669921875	9.81000041961792546875
x_negative_half_default_minus_q_near	original	2	-40	6	17	-0	-9.80999999999877375038	4.90499999999979534316e-06	-0	-9.81000041961547296875	4.90500019742410799916e-06	0	-9.81000041961669921875	4.90500042360508814454e-06	1.12103877145985365674e-44	3.74223245313356659096e-05	1.87111622184231812375e-11	9.81000041961669921875	9.81000041961792546875
x_negative_half_default_minus_q_near	original	3	120	-80	10	-0	-9.80999999999877375038	4.90499999999979534316e-06	-0	-9.81000041961547296875	4.90500019742410799916e-06	0	-9.81000041961669921875	4.90500042360508814454e-06	1.12103877145985365674e-44	3.74223245313356659096e-05	1.87111622184231812375e-11	9.81000041961669921875	9.81000041961792546875
x_negative_half_default_minus_q_near	original	4	-100	100	-99	-0	-9.80999999999877375038	4.90499999999979534316e-06	-0	-9.81000041961547296875	4.90500019742410799916e-06	0	-9.81000041961669921875	4.90500042360508814454e-06	1.12103877145985365674e-44	3.74223245313356659096e-05	1.87111622184231812375e-11	9.81000041961669921875	9.81000041961792546875
x_negative_half_default_minus_q_near	original	5	255	-0.125	1	-0	-9.80999999999877375038	4.90499999999979534316e-06	-0	-9.81000041961547296875	4.90500019742410799916e-06	0	-9.81000041961669921875	4.90500042360508814454e-06	1.12103877145985365674e-44	3.74223245313356659096e-05	1.87111622184231812375e-11	9.81000041961669921875	9.81000041961792546875
x_negative_half_default_minus_q_near	roundtrip	0	0	0	0	-0	-9.80999999999877375038	4.90499999999979534316e-06	-0	-9.81000041961547296875	4.90500019742410799916e-06	0	-9.81000041961669921875	4.90500042360508814454e-06	1.12103877145985365674e-44	3.74223245313356659096e-05	1.87111622184231812375e-11	9.81000041961669921875	9.81000041961792546875
x_negative_half_default_minus_q_near	roundtrip	1	3	4	5	-0	-9.80999999999877375038	4.90499999999979534316e-06	-0	-9.81000041961547296875	4.90500019742410799916e-06	0	-9.81000041961669921875	4.90500042360508814454e-06	1.12103877145985365674e-44	3.74223245313356659096e-05	1.87111622184231812375e-11	9.81000041961669921875	9.81000041961792546875
x_negative_half_default_minus_q_near	roundtrip	2	-40	6	17	-0	-9.80999999999877375038	4.90499999999979534316e-06	-0	-9.81000041961547296875	4.90500019742410799916e-06	0	-9.81000041961669921875	4.90500042360508814454e-06	1.12103877145985365674e-44	3.74223245313356659096e-05	1.87111622184231812375e-11	9.81000041961669921875	9.81000041961792546875
x_negative_half_default_minus_q_near	roundtrip	3	120	-80	10	-0	-9.80999999999877375038	4.90499999999979534316e-06	-0	-9.81000041961547296875	4.90500019742410799916e-06	0	-9.81000041961669921875	4.90500042360508814454e-06	1.12103877145985365674e-44	3.74223245313356659096e-05	1.87111622184231812375e-11	9.81000041961669921875	9.81000041961792546875
x_negative_half_default_minus_q_near	roundtrip	4	-100	100	-99	-0	-9.80999999999877375038	4.90499999999979534316e-06	-0	-9.81000041961547296875	4.90500019742410799916e-06	0	-9.81000041961669921875	4.90500042360508814454e-06	1.12103877145985365674e-44	3.74223245313356659096e-05	1.87111622184231812375e-11	9.81000041961669921875	9.81000041961792546875
x_negative_half_default_minus_q_near	roundtrip	5	255	-0.125	1	-0	-9.80999999999877375038	4.90499999999979534316e-06	-0	-9.81000041961547296875	4.90500019742410799916e-06	0	-9.81000041961669921875	4.90500042360508814454e-06	1.12103877145985365674e-44	3.74223245313356659096e-05	1.87111622184231812375e-11	9.81000041961669921875	9.81000041961792546875
x_negative_half_default_minus_q_far	original	0	0	0	0	-0	-9.80999999999877375038	4.90499999999979534316e-06	-0	-9.81000041961547296875	4.90500019742410799916e-06	0	-9.81000041961669921875	4.90500042360508814454e-06	1.12103877145985365674e-44	3.74223245313356659096e-05	1.87111622184231812375e-11	9.81000041961669921875	9.81000041961792546875
x_negative_half_default_minus_q_far	original	1	3	4	5	-0	-9.80999999999877375038	4.90499999999979534316e-06	-0	-9.81000041961547296875	4.90500019742410799916e-06	0	-9.81000041961669921875	4.90500042360508814454e-06	1.12103877145985365674e-44	3.74223245313356659096e-05	1.87111622184231812375e-11	9.81000041961669921875	9.81000041961792546875
x_negative_half_default_minus_q_far	original	2	-40	6	17	-0	-9.80999999999877375038	4.90499999999979534316e-06	-0	-9.81000041961547296875	4.90500019742410799916e-06	0	-9.81000041961669921875	4.90500042360508814454e-06	1.12103877145985365674e-44	3.74223245313356659096e-05	1.87111622184231812375e-11	9.81000041961669921875	9.81000041961792546875
x_negative_half_default_minus_q_far	original	3	120	-80	10	-0	-9.80999999999877375038	4.90499999999979534316e-06	-0	-9.81000041961547296875	4.90500019742410799916e-06	0	-9.81000041961669921875	4.90500042360508814454e-06	1.12103877145985365674e-44	3.74223245313356659096e-05	1.87111622184231812375e-11	9.81000041961669921875	9.81000041961792546875
x_negative_half_default_minus_q_far	original	4	-100	100	-99	-0	-9.80999999999877375038	4.90499999999979534316e-06	-0	-9.81000041961547296875	4.90500019742410799916e-06	0	-9.81000041961669921875	4.90500042360508814454e-06	1.12103877145985365674e-44	3.74223245313356659096e-05	1.87111622184231812375e-11	9.81000041961669921875	9.81000041961792546875
x_negative_half_default_minus_q_far	original	5	255	-0.125	1	-0	-9.80999999999877375038	4.90499999999979534316e-06	-0	-9.81000041961547296875	4.90500019742410799916e-06	0	-9.81000041961669921875	4.90500042360508814454e-06	1.12103877145985365674e-44	3.74223245313356659096e-05	1.87111622184231812375e-11	9.81000041961669921875	9.81000041961792546875
x_negative_half_default_minus_q_far	roundtrip	0	0	0	0	-0	-9.80999999999877375038	4.90499999999979534316e-06	-0	-9.81000041961547296875	4.90500019742410799916e-06	0	-9.81000041961669921875	4.90500042360508814454e-06	1.12103877145985365674e-44	3.74223245313356659096e-05	1.87111622184231812375e-11	9.81000041961669921875	9.81000041961792546875
x_negative_half_default_minus_q_far	roundtrip	1	3	4	5	-0	-9.80999999999877375038	4.90499999999979534316e-06	-0	-9.81000041961547296875	4.90500019742410799916e-06	0	-9.81000041961669921875	4.90500042360508814454e-06	1.12103877145985365674e-44	3.74223245313356659096e-05	1.87111622184231812375e-11	9.81000041961669921875	9.81000041961792546875
x_negative_half_default_minus_q_far	roundtrip	2	-40	6	17	-0	-9.80999999999877375038	4.90499999999979534316e-06	-0	-9.81000041961547296875	4.90500019742410799916e-06	0	-9.81000041961669921875	4.90500042360508814454e-06	1.12103877145985365674e-44	3.74223245313356659096e-05	1.87111622184231812375e-11	9.81000041961669921875	9.81000041961792546875
x_negative_half_default_minus_q_far	roundtrip	3	120	-80	10	-0	-9.80999999999877375038	4.90499999999979534316e-06	-0	-9.81000041961547296875	4.90500019742410799916e-06	0	-9.81000041961669921875	4.90500042360508814454e-06	1.12103877145985365674e-44	3.74223245313356659096e-05	1.87111622184231812375e-11	9.81000041961669921875	9.81000041961792546875
x_negative_half_default_minus_q_far	roundtrip	4	-100	100	-99	-0	-9.80999999999877375038	4.90499999999979534316e-06	-0	-9.81000041961547296875	4.90500019742410799916e-06	0	-9.81000041961669921875	4.90500042360508814454e-06	1.12103877145985365674e-44	3.74223245313356659096e-05	1.87111622184231812375e-11	9.81000041961669921875	9.81000041961792546875
x_negative_half_default_minus_q_far	roundtrip	5	255	-0.125	1	-0	-9.80999999999877375038	4.90499999999979534316e-06	-0	-9.81000041961547296875	4.90500019742410799916e-06	0	-9.81000041961669921875	4.90500042360508814454e-06	1.12103877145985365674e-44	3.74223245313356659096e-05	1.87111622184231812375e-11	9.81000041961669921875	9.81000041961792546875
x_positive_below_default_q_near	original	0	0	0	0	0	-9.80999999999510480502	-9.80018999999837154304e-06	0	-9.81000041961180402339	-9.80019049817145223957e-06	0	-9.81000041961669921875	-9.80019012786215171218e-06	1.12103877145985365674e-44	3.74223245313496618784e-05	3.73849025080641185888e-11	9.81000041961669921875	9.81000041962159441324
x_positive_below_default_q_near	original	1	3	4	5	0	-9.80999999999510480502	-9.80018999999837154304e-06	0	-9.81000041961180402339	-9.80019049817145223957e-06	0	-9.81000041961669921875	-9.80019012786215171218e-06	1.12103877145985365674e-44	3.74223245313496618784e-05	3.73849025080641185888e-11	9.81000041961669921875	9.81000041962159441324
x_positive_below_default_q_near	original	2	-40	6	17	0	-9.80999999999510480502	-9.80018999999837154304e-06	0	-9.81000041961180402339	-9.80019049817145223957e-06	0	-9.81000041961669921875	-9.80019012786215171218e-06	1.12103877145985365674e-44	3.74223245313496618784e-05	3.73849025080641185888e-11	9.81000041961669921875	9.81000041962159441324
x_positive_below_default_q_near	original	3	120	-80	10	0	-9.80999999999510480502	-9.80018999999837154304e-06	0	-9.81000041961180402339	-9.80019049817145223957e-06	0	-9.81000041961669921875	-9.80019012786215171218e-06	1.12103877145985365674e-44	3.74223245313496618784e-05	3.73849025080641185888e-11	9.81000041961669921875	9.81000041962159441324
x_positive_below_default_q_near	original	4	-100	100	-99	0	-9.80999999999510480502	-9.80018999999837154304e-06	0	-9.81000041961180402339	-9.80019049817145223957e-06	0	-9.81000041961669921875	-9.80019012786215171218e-06	1.12103877145985365674e-44	3.74223245313496618784e-05	3.73849025080641185888e-11	9.81000041961669921875	9.81000041962159441324
x_positive_below_default_q_near	original	5	255	-0.125	1	0	-9.80999999999510480502	-9.80018999999837154304e-06	0	-9.81000041961180402339	-9.80019049817145223957e-06	0	-9.81000041961669921875	-9.80019012786215171218e-06	1.12103877145985365674e-44	3.74223245313496618784e-05	3.73849025080641185888e-11	9.81000041961669921875	9.81000041962159441324
x_positive_below_default_q_near	roundtrip	0	0	0	0	0	-9.80999999999510480502	-9.80018999999837154304e-06	0	-9.81000041961180402339	-9.80019049817145223957e-06	0	-9.81000041961669921875	-9.80019012786215171218e-06	1.12103877145985365674e-44	3.74223245313496618784e-05	3.73849025080641185888e-11	9.81000041961669921875	9.81000041962159441324
x_positive_below_default_q_near	roundtrip	1	3	4	5	0	-9.80999999999510480502	-9.80018999999837154304e-06	0	-9.81000041961180402339	-9.80019049817145223957e-06	0	-9.81000041961669921875	-9.80019012786215171218e-06	1.12103877145985365674e-44	3.74223245313496618784e-05	3.73849025080641185888e-11	9.81000041961669921875	9.81000041962159441324
x_positive_below_default_q_near	roundtrip	2	-40	6	17	0	-9.80999999999510480502	-9.80018999999837154304e-06	0	-9.81000041961180402339	-9.80019049817145223957e-06	0	-9.81000041961669921875	-9.80019012786215171218e-06	1.12103877145985365674e-44	3.74223245313496618784e-05	3.73849025080641185888e-11	9.81000041961669921875	9.81000041962159441324
x_positive_below_default_q_near	roundtrip	3	120	-80	10	0	-9.80999999999510480502	-9.80018999999837154304e-06	0	-9.81000041961180402339	-9.80019049817145223957e-06	0	-9.81000041961669921875	-9.80019012786215171218e-06	1.12103877145985365674e-44	3.74223245313496618784e-05	3.73849025080641185888e-11	9.81000041961669921875	9.81000041962159441324
x_positive_below_default_q_near	roundtrip	4	-100	100	-99	0	-9.80999999999510480502	-9.80018999999837154304e-06	0	-9.81000041961180402339	-9.80019049817145223957e-06	0	-9.81000041961669921875	-9.80019012786215171218e-06	1.12103877145985365674e-44	3.74223245313496618784e-05	3.73849025080641185888e-11	9.81000041961669921875	9.81000041962159441324
x_positive_below_default_q_near	roundtrip	5	255	-0.125	1	0	-9.80999999999510480502	-9.80018999999837154304e-06	0	-9.81000041961180402339	-9.80019049817145223957e-06	0	-9.81000041961669921875	-9.80019012786215171218e-06	1.12103877145985365674e-44	3.74223245313496618784e-05	3.73849025080641185888e-11	9.81000041961669921875	9.81000041962159441324
x_positive_below_default_q_far	original	0	0	0	0	0	-9.80999999999510480502	-9.80018999999837154304e-06	0	-9.81000041961180402339	-9.80019049817145223957e-06	0	-9.81000041961669921875	-9.80019012786215171218e-06	1.12103877145985365674e-44	3.74223245313496618784e-05	3.73849025080641185888e-11	9.81000041961669921875	9.81000041962159441324
x_positive_below_default_q_far	original	1	3	4	5	0	-9.80999999999510480502	-9.80018999999837154304e-06	0	-9.81000041961180402339	-9.80019049817145223957e-06	0	-9.81000041961669921875	-9.80019012786215171218e-06	1.12103877145985365674e-44	3.74223245313496618784e-05	3.73849025080641185888e-11	9.81000041961669921875	9.81000041962159441324
x_positive_below_default_q_far	original	2	-40	6	17	0	-9.80999999999510480502	-9.80018999999837154304e-06	0	-9.81000041961180402339	-9.80019049817145223957e-06	0	-9.81000041961669921875	-9.80019012786215171218e-06	1.12103877145985365674e-44	3.74223245313496618784e-05	3.73849025080641185888e-11	9.81000041961669921875	9.81000041962159441324
x_positive_below_default_q_far	original	3	120	-80	10	0	-9.80999999999510480502	-9.80018999999837154304e-06	0	-9.81000041961180402339	-9.80019049817145223957e-06	0	-9.81000041961669921875	-9.80019012786215171218e-06	1.12103877145985365674e-44	3.74223245313496618784e-05	3.73849025080641185888e-11	9.81000041961669921875	9.81000041962159441324
x_positive_below_default_q_far	original	4	-100	100	-99	0	-9.80999999999510480502	-9.80018999999837154304e-06	0	-9.81000041961180402339	-9.80019049817145223957e-06	0	-9.81000041961669921875	-9.80019012786215171218e-06	1.12103877145985365674e-44	3.74223245313496618784e-05	3.73849025080641185888e-11	9.81000041961669921875	9.81000041962159441324
x_positive_below_default_q_far	original	5	255	-0.125	1	0	-9.80999999999510480502	-9.80018999999837154304e-06	0	-9.81000041961180402339	-9.80019049817145223957e-06	0	-9.81000041961669921875	-9.80019012786215171218e-06	1.12103877145985365674e-44	3.74223245313496618784e-05	3.73849025080641185888e-11	9.81000041961669921875	9.81000041962159441324
x_positive_below_default_q_far	roundtrip	0	0	0	0	0	-9.80999999999510480502	-9.80018999999837154304e-06	0	-9.81000041961180402339	-9.80019049817145223957e-06	0	-9.81000041961669921875	-9.80019012786215171218e-06	1.12103877145985365674e-44	3.74223245313496618784e-05	3.73849025080641185888e-11	9.81000041961669921875	9.81000041962159441324
x_positive_below_default_q_far	roundtrip	1	3	4	5	0	-9.80999999999510480502	-9.80018999999837154304e-06	0	-9.81000041961180402339	-9.80019049817145223957e-06	0	-9.81000041961669921875	-9.80019012786215171218e-06	1.12103877145985365674e-44	3.74223245313496618784e-05	3.73849025080641185888e-11	9.81000041961669921875	9.81000041962159441324
x_positive_below_default_q_far	roundtrip	2	-40	6	17	0	-9.80999999999510480502	-9.80018999999837154304e-06	0	-9.81000041961180402339	-9.80019049817145223957e-06	0	-9.81000041961669921875	-9.80019012786215171218e-06	1.12103877145985365674e-44	3.74223245313496618784e-05	3.73849025080641185888e-11	9.81000041961669921875	9.81000041962159441324
x_positive_below_default_q_far	roundtrip	3	120	-80	10	0	-9.80999999999510480502	-9.80018999999837154304e-06	0	-9.81000041961180402339	-9.80019049817145223957e-06	0	-9.81000041961669921875	-9.80019012786215171218e-06	1.12103877145985365674e-44	3.74223245313496618784e-05	3.73849025080641185888e-11	9.81000041961669921875	9.81000041962159441324
x_positive_below_default_q_far	roundtrip	4	-100	100	-99	0	-9.80999999999510480502	-9.80018999999837154304e-06	0	-9.81000041961180402339	-9.80019049817145223957e-06	0	-9.81000041961669921875	-9.80019012786215171218e-06	1.12103877145985365674e-44	3.74223245313496618784e-05	3.73849025080641185888e-11	9.81000041961669921875	9.81000041962159441324
x_positive_below_default_q_far	roundtrip	5	255	-0.125	1	0	-9.80999999999510480502	-9.80018999999837154304e-06	0	-9.81000041961180402339	-9.80019049817145223957e-06	0	-9.81000041961669921875	-9.80019012786215171218e-06	1.12103877145985365674e-44	3.74223245313496618784e-05	3.73849025080641185888e-11	9.81000041961669921875	9.81000041962159441324
x_positive_below_default_minus_q_near	original	0	0	0	0	0	-9.80999999999510480502	-9.80018999999837154304e-06	0	-9.81000041961180402339	-9.80019049817145223957e-06	0	-9.81000041961669921875	-9.80019012786215171218e-06	1.12103877145985365674e-44	3.74223245313496618784e-05	3.73849025080641185888e-11	9.81000041961669921875	9.81000041962159441324
x_positive_below_default_minus_q_near	original	1	3	4	5	0	-9.80999999999510480502	-9.80018999999837154304e-06	0	-9.81000041961180402339	-9.80019049817145223957e-06	0	-9.81000041961669921875	-9.80019012786215171218e-06	1.12103877145985365674e-44	3.74223245313496618784e-05	3.73849025080641185888e-11	9.81000041961669921875	9.81000041962159441324
x_positive_below_default_minus_q_near	original	2	-40	6	17	0	-9.80999999999510480502	-9.80018999999837154304e-06	0	-9.81000041961180402339	-9.80019049817145223957e-06	0	-9.81000041961669921875	-9.80019012786215171218e-06	1.12103877145985365674e-44	3.74223245313496618784e-05	3.73849025080641185888e-11	9.81000041961669921875	9.81000041962159441324
x_positive_below_default_minus_q_near	original	3	120	-80	10	0	-9.80999999999510480502	-9.80018999999837154304e-06	0	-9.81000041961180402339	-9.80019049817145223957e-06	0	-9.81000041961669921875	-9.80019012786215171218e-06	1.12103877145985365674e-44	3.74223245313496618784e-05	3.73849025080641185888e-11	9.81000041961669921875	9.81000041962159441324
x_positive_below_default_minus_q_near	original	4	-100	100	-99	0	-9.80999999999510480502	-9.80018999999837154304e-06	0	-9.81000041961180402339	-9.80019049817145223957e-06	0	-9.81000041961669921875	-9.80019012786215171218e-06	1.12103877145985365674e-44	3.74223245313496618784e-05	3.73849025080641185888e-11	9.81000041961669921875	9.81000041962159441324
x_positive_below_default_minus_q_near	original	5	255	-0.125	1	0	-9.80999999999510480502	-9.80018999999837154304e-06	0	-9.81000041961180402339	-9.80019049817145223957e-06	0	-9.81000041961669921875	-9.80019012786215171218e-06	1.12103877145985365674e-44	3.74223245313496618784e-05	3.73849025080641185888e-11	9.81000041961669921875	9.81000041962159441324
x_positive_below_default_minus_q_near	roundtrip	0	0	0	0	0	-9.80999999999510480502	-9.80018999999837154304e-06	0	-9.81000041961180402339	-9.80019049817145223957e-06	0	-9.81000041961669921875	-9.80019012786215171218e-06	1.12103877145985365674e-44	3.74223245313496618784e-05	3.73849025080641185888e-11	9.81000041961669921875	9.81000041962159441324
x_positive_below_default_minus_q_near	roundtrip	1	3	4	5	0	-9.80999999999510480502	-9.80018999999837154304e-06	0	-9.81000041961180402339	-9.80019049817145223957e-06	0	-9.81000041961669921875	-9.80019012786215171218e-06	1.12103877145985365674e-44	3.74223245313496618784e-05	3.73849025080641185888e-11	9.81000041961669921875	9.81000041962159441324
x_positive_below_default_minus_q_near	roundtrip	2	-40	6	17	0	-9.80999999999510480502	-9.80018999999837154304e-06	0	-9.81000041961180402339	-9.80019049817145223957e-06	0	-9.81000041961669921875	-9.80019012786215171218e-06	1.12103877145985365674e-44	3.74223245313496618784e-05	3.73849025080641185888e-11	9.81000041961669921875	9.81000041962159441324
x_positive_below_default_minus_q_near	roundtrip	3	120	-80	10	0	-9.80999999999510480502	-9.80018999999837154304e-06	0	-9.81000041961180402339	-9.80019049817145223957e-06	0	-9.81000041961669921875	-9.80019012786215171218e-06	1.12103877145985365674e-44	3.74223245313496618784e-05	3.73849025080641185888e-11	9.81000041961669921875	9.81000041962159441324
x_positive_below_default_minus_q_near	roundtrip	4	-100	100	-99	0	-9.80999999999510480502	-9.80018999999837154304e-06	0	-9.81000041961180402339	-9.80019049817145223957e-06	0	-9.81000041961669921875	-9.80019012786215171218e-06	1.12103877145985365674e-44	3.74223245313496618784e-05	3.73849025080641185888e-11	9.81000041961669921875	9.81000041962159441324
x_positive_below_default_minus_q_near	roundtrip	5	255	-0.125	1	0	-9.80999999999510480502	-9.80018999999837154304e-06	0	-9.81000041961180402339	-9.80019049817145223957e-06	0	-9.81000041961669921875	-9.80019012786215171218e-06	1.12103877145985365674e-44	3.74223245313496618784e-05	3.73849025080641185888e-11	9.81000041961669921875	9.81000041962159441324
x_positive_below_default_minus_q_far	original	0	0	0	0	0	-9.80999999999510480502	-9.80018999999837154304e-06	0	-9.81000041961180402339	-9.80019049817145223957e-06	0	-9.81000041961669921875	-9.80019012786215171218e-06	1.12103877145985365674e-44	3.74223245313496618784e-05	3.73849025080641185888e-11	9.81000041961669921875	9.81000041962159441324
x_positive_below_default_minus_q_far	original	1	3	4	5	0	-9.80999999999510480502	-9.80018999999837154304e-06	0	-9.81000041961180402339	-9.80019049817145223957e-06	0	-9.81000041961669921875	-9.80019012786215171218e-06	1.12103877145985365674e-44	3.74223245313496618784e-05	3.73849025080641185888e-11	9.81000041961669921875	9.81000041962159441324
x_positive_below_default_minus_q_far	original	2	-40	6	17	0	-9.80999999999510480502	-9.80018999999837154304e-06	0	-9.81000041961180402339	-9.80019049817145223957e-06	0	-9.81000041961669921875	-9.80019012786215171218e-06	1.12103877145985365674e-44	3.74223245313496618784e-05	3.73849025080641185888e-11	9.81000041961669921875	9.81000041962159441324
x_positive_below_default_minus_q_far	original	3	120	-80	10	0	-9.80999999999510480502	-9.80018999999837154304e-06	0	-9.81000041961180402339	-9.80019049817145223957e-06	0	-9.81000041961669921875	-9.80019012786215171218e-06	1.12103877145985365674e-44	3.74223245313496618784e-05	3.73849025080641185888e-11	9.81000041961669921875	9.81000041962159441324
x_positive_below_default_minus_q_far	original	4	-100	100	-99	0	-9.80999999999510480502	-9.80018999999837154304e-06	0	-9.81000041961180402339	-9.80019049817145223957e-06	0	-9.81000041961669921875	-9.80019012786215171218e-06	1.12103877145985365674e-44	3.74223245313496618784e-05	3.73849025080641185888e-11	9.81000041961669921875	9.81000041962159441324
x_positive_below_default_minus_q_far	original	5	255	-0.125	1	0	-9.80999999999510480502	-9.80018999999837154304e-06	0	-9.81000041961180402339	-9.80019049817145223957e-06	0	-9.81000041961669921875	-9.80019012786215171218e-06	1.12103877145985365674e-44	3.74223245313496618784e-05	3.73849025080641185888e-11	9.81000041961669921875	9.81000041962159441324
x_positive_below_default_minus_q_far	roundtrip	0	0	0	0	0	-9.80999999999510480502	-9.80018999999837154304e-06	0	-9.81000041961180402339	-9.80019049817145223957e-06	0	-9.81000041961669921875	-9.80019012786215171218e-06	1.12103877145985365674e-44	3.74223245313496618784e-05	3.73849025080641185888e-11	9.81000041961669921875	9.81000041962159441324
x_positive_below_default_minus_q_far	roundtrip	1	3	4	5	0	-9.80999999999510480502	-9.80018999999837154304e-06	0	-9.81000041961180402339	-9.80019049817145223957e-06	0	-9.81000041961669921875	-9.80019012786215171218e-06	1.12103877145985365674e-44	3.74223245313496618784e-05	3.73849025080641185888e-11	9.81000041961669921875	9.81000041962159441324
x_positive_below_default_minus_q_far	roundtrip	2	-40	6	17	0	-9.80999999999510480502	-9.80018999999837154304e-06	0	-9.81000041961180402339	-9.80019049817145223957e-06	0	-9.81000041961669921875	-9.80019012786215171218e-06	1.12103877145985365674e-44	3.74223245313496618784e-05	3.73849025080641185888e-11	9.81000041961669921875	9.81000041962159441324
x_positive_below_default_minus_q_far	roundtrip	3	120	-80	10	0	-9.80999999999510480502	-9.80018999999837154304e-06	0	-9.81000041961180402339	-9.80019049817145223957e-06	0	-9.81000041961669921875	-9.80019012786215171218e-06	1.12103877145985365674e-44	3.74223245313496618784e-05	3.73849025080641185888e-11	9.81000041961669921875	9.81000041962159441324
x_positive_below_default_minus_q_far	roundtrip	4	-100	100	-99	0	-9.80999999999510480502	-9.80018999999837154304e-06	0	-9.81000041961180402339	-9.80019049817145223957e-06	0	-9.81000041961669921875	-9.80019012786215171218e-06	1.12103877145985365674e-44	3.74223245313496618784e-05	3.73849025080641185888e-11	9.81000041961669921875	9.81000041962159441324
x_positive_below_default_minus_q_far	roundtrip	5	255	-0.125	1	0	-9.80999999999510480502	-9.80018999999837154304e-06	0	-9.81000041961180402339	-9.80019049817145223957e-06	0	-9.81000041961669921875	-9.80019012786215171218e-06	1.12103877145985365674e-44	3.74223245313496618784e-05	3.73849025080641185888e-11	9.81000041961669921875	9.81000041962159441324
x_negative_below_default_q_near	original	0	0	0	0	-0	-9.80999999999510480502	9.80018999999837154304e-06	-0	-9.81000041961180402339	9.80019049817145223957e-06	0	-9.81000041961669921875	9.80019012786215171218e-06	1.12103877145985365674e-44	3.74223245313496618784e-05	3.73849025080641185888e-11	9.81000041961669921875	9.81000041962159441324
x_negative_below_default_q_near	original	1	3	4	5	-0	-9.80999999999510480502	9.80018999999837154304e-06	-0	-9.81000041961180402339	9.80019049817145223957e-06	0	-9.81000041961669921875	9.80019012786215171218e-06	1.12103877145985365674e-44	3.74223245313496618784e-05	3.73849025080641185888e-11	9.81000041961669921875	9.81000041962159441324
x_negative_below_default_q_near	original	2	-40	6	17	-0	-9.80999999999510480502	9.80018999999837154304e-06	-0	-9.81000041961180402339	9.80019049817145223957e-06	0	-9.81000041961669921875	9.80019012786215171218e-06	1.12103877145985365674e-44	3.74223245313496618784e-05	3.73849025080641185888e-11	9.81000041961669921875	9.81000041962159441324
x_negative_below_default_q_near	original	3	120	-80	10	-0	-9.80999999999510480502	9.80018999999837154304e-06	-0	-9.81000041961180402339	9.80019049817145223957e-06	0	-9.81000041961669921875	9.80019012786215171218e-06	1.12103877145985365674e-44	3.74223245313496618784e-05	3.73849025080641185888e-11	9.81000041961669921875	9.81000041962159441324
x_negative_below_default_q_near	original	4	-100	100	-99	-0	-9.80999999999510480502	9.80018999999837154304e-06	-0	-9.81000041961180402339	9.80019049817145223957e-06	0	-9.81000041961669921875	9.80019012786215171218e-06	1.12103877145985365674e-44	3.74223245313496618784e-05	3.73849025080641185888e-11	9.81000041961669921875	9.81000041962159441324
x_negative_below_default_q_near	original	5	255	-0.125	1	-0	-9.80999999999510480502	9.80018999999837154304e-06	-0	-9.81000041961180402339	9.80019049817145223957e-06	0	-9.81000041961669921875	9.80019012786215171218e-06	1.12103877145985365674e-44	3.74223245313496618784e-05	3.73849025080641185888e-11	9.81000041961669921875	9.81000041962159441324
x_negative_below_default_q_near	roundtrip	0	0	0	0	-0	-9.80999999999510480502	9.80018999999837154304e-06	-0	-9.81000041961180402339	9.80019049817145223957e-06	0	-9.81000041961669921875	9.80019012786215171218e-06	1.12103877145985365674e-44	3.74223245313496618784e-05	3.73849025080641185888e-11	9.81000041961669921875	9.81000041962159441324
x_negative_below_default_q_near	roundtrip	1	3	4	5	-0	-9.80999999999510480502	9.80018999999837154304e-06	-0	-9.81000041961180402339	9.80019049817145223957e-06	0	-9.81000041961669921875	9.80019012786215171218e-06	1.12103877145985365674e-44	3.74223245313496618784e-05	3.73849025080641185888e-11	9.81000041961669921875	9.81000041962159441324
x_negative_below_default_q_near	roundtrip	2	-40	6	17	-0	-9.80999999999510480502	9.80018999999837154304e-06	-0	-9.81000041961180402339	9.80019049817145223957e-06	0	-9.81000041961669921875	9.80019012786215171218e-06	1.12103877145985365674e-44	3.74223245313496618784e-05	3.73849025080641185888e-11	9.81000041961669921875	9.81000041962159441324
x_negative_below_default_q_near	roundtrip	3	120	-80	10	-0	-9.80999999999510480502	9.80018999999837154304e-06	-0	-9.81000041961180402339	9.80019049817145223957e-06	0	-9.81000041961669921875	9.80019012786215171218e-06	1.12103877145985365674e-44	3.74223245313496618784e-05	3.73849025080641185888e-11	9.81000041961669921875	9.81000041962159441324
x_negative_below_default_q_near	roundtrip	4	-100	100	-99	-0	-9.80999999999510480502	9.80018999999837154304e-06	-0	-9.81000041961180402339	9.80019049817145223957e-06	0	-9.81000041961669921875	9.80019012786215171218e-06	1.12103877145985365674e-44	3.74223245313496618784e-05	3.73849025080641185888e-11	9.81000041961669921875	9.81000041962159441324
x_negative_below_default_q_near	roundtrip	5	255	-0.125	1	-0	-9.80999999999510480502	9.80018999999837154304e-06	-0	-9.81000041961180402339	9.80019049817145223957e-06	0	-9.81000041961669921875	9.80019012786215171218e-06	1.12103877145985365674e-44	3.74223245313496618784e-05	3.73849025080641185888e-11	9.81000041961669921875	9.81000041962159441324
x_negative_below_default_q_far	original	0	0	0	0	-0	-9.80999999999510480502	9.80018999999837154304e-06	-0	-9.81000041961180402339	9.80019049817145223957e-06	0	-9.81000041961669921875	9.80019012786215171218e-06	1.12103877145985365674e-44	3.74223245313496618784e-05	3.73849025080641185888e-11	9.81000041961669921875	9.81000041962159441324
x_negative_below_default_q_far	original	1	3	4	5	-0	-9.80999999999510480502	9.80018999999837154304e-06	-0	-9.81000041961180402339	9.80019049817145223957e-06	0	-9.81000041961669921875	9.80019012786215171218e-06	1.12103877145985365674e-44	3.74223245313496618784e-05	3.73849025080641185888e-11	9.81000041961669921875	9.81000041962159441324
x_negative_below_default_q_far	original	2	-40	6	17	-0	-9.80999999999510480502	9.80018999999837154304e-06	-0	-9.81000041961180402339	9.80019049817145223957e-06	0	-9.81000041961669921875	9.80019012786215171218e-06	1.12103877145985365674e-44	3.74223245313496618784e-05	3.73849025080641185888e-11	9.81000041961669921875	9.81000041962159441324
x_negative_below_default_q_far	original	3	120	-80	10	-0	-9.80999999999510480502	9.80018999999837154304e-06	-0	-9.81000041961180402339	9.80019049817145223957e-06	0	-9.81000041961669921875	9.80019012786215171218e-06	1.12103877145985365674e-44	3.74223245313496618784e-05	3.73849025080641185888e-11	9.81000041961669921875	9.81000041962159441324
x_negative_below_default_q_far	original	4	-100	100	-99	-0	-9.80999999999510480502	9.80018999999837154304e-06	-0	-9.81000041961180402339	9.80019049817145223957e-06	0	-9.81000041961669921875	9.80019012786215171218e-06	1.12103877145985365674e-44	3.74223245313496618784e-05	3.73849025080641185888e-11	9.81000041961669921875	9.81000041962159441324
x_negative_below_default_q_far	original	5	255	-0.125	1	-0	-9.80999999999510480502	9.80018999999837154304e-06	-0	-9.81000041961180402339	9.80019049817145223957e-06	0	-9.81000041961669921875	9.80019012786215171218e-06	1.12103877145985365674e-44	3.74223245313496618784e-05	3.73849025080641185888e-11	9.81000041961669921875	9.81000041962159441324
x_negative_below_default_q_far	roundtrip	0	0	0	0	-0	-9.80999999999510480502	9.80018999999837154304e-06	-0	-9.81000041961180402339	9.80019049817145223957e-06	0	-9.81000041961669921875	9.80019012786215171218e-06	1.12103877145985365674e-44	3.74223245313496618784e-05	3.73849025080641185888e-11	9.81000041961669921875	9.81000041962159441324
x_negative_below_default_q_far	roundtrip	1	3	4	5	-0	-9.80999999999510480502	9.80018999999837154304e-06	-0	-9.81000041961180402339	9.80019049817145223957e-06	0	-9.81000041961669921875	9.80019012786215171218e-06	1.12103877145985365674e-44	3.74223245313496618784e-05	3.73849025080641185888e-11	9.81000041961669921875	9.81000041962159441324
x_negative_below_default_q_far	roundtrip	2	-40	6	17	-0	-9.80999999999510480502	9.80018999999837154304e-06	-0	-9.81000041961180402339	9.80019049817145223957e-06	0	-9.81000041961669921875	9.80019012786215171218e-06	1.12103877145985365674e-44	3.74223245313496618784e-05	3.73849025080641185888e-11	9.81000041961669921875	9.81000041962159441324
x_negative_below_default_q_far	roundtrip	3	120	-80	10	-0	-9.80999999999510480502	9.80018999999837154304e-06	-0	-9.81000041961180402339	9.80019049817145223957e-06	0	-9.81000041961669921875	9.80019012786215171218e-06	1.12103877145985365674e-44	3.74223245313496618784e-05	3.73849025080641185888e-11	9.81000041961669921875	9.81000041962159441324
x_negative_below_default_q_far	roundtrip	4	-100	100	-99	-0	-9.80999999999510480502	9.80018999999837154304e-06	-0	-9.81000041961180402339	9.80019049817145223957e-06	0	-9.81000041961669921875	9.80019012786215171218e-06	1.12103877145985365674e-44	3.74223245313496618784e-05	3.73849025080641185888e-11	9.81000041961669921875	9.81000041962159441324
x_negative_below_default_q_far	roundtrip	5	255	-0.125	1	-0	-9.80999999999510480502	9.80018999999837154304e-06	-0	-9.81000041961180402339	9.80019049817145223957e-06	0	-9.81000041961669921875	9.80019012786215171218e-06	1.12103877145985365674e-44	3.74223245313496618784e-05	3.73849025080641185888e-11	9.81000041961669921875	9.81000041962159441324
x_negative_below_default_minus_q_near	original	0	0	0	0	-0	-9.80999999999510480502	9.80018999999837154304e-06	-0	-9.81000041961180402339	9.80019049817145223957e-06	0	-9.81000041961669921875	9.80019012786215171218e-06	1.12103877145985365674e-44	3.74223245313496618784e-05	3.73849025080641185888e-11	9.81000041961669921875	9.81000041962159441324
x_negative_below_default_minus_q_near	original	1	3	4	5	-0	-9.80999999999510480502	9.80018999999837154304e-06	-0	-9.81000041961180402339	9.80019049817145223957e-06	0	-9.81000041961669921875	9.80019012786215171218e-06	1.12103877145985365674e-44	3.74223245313496618784e-05	3.73849025080641185888e-11	9.81000041961669921875	9.81000041962159441324
x_negative_below_default_minus_q_near	original	2	-40	6	17	-0	-9.80999999999510480502	9.80018999999837154304e-06	-0	-9.81000041961180402339	9.80019049817145223957e-06	0	-9.81000041961669921875	9.80019012786215171218e-06	1.12103877145985365674e-44	3.74223245313496618784e-05	3.73849025080641185888e-11	9.81000041961669921875	9.81000041962159441324
x_negative_below_default_minus_q_near	original	3	120	-80	10	-0	-9.80999999999510480502	9.80018999999837154304e-06	-0	-9.81000041961180402339	9.80019049817145223957e-06	0	-9.81000041961669921875	9.80019012786215171218e-06	1.12103877145985365674e-44	3.74223245313496618784e-05	3.73849025080641185888e-11	9.81000041961669921875	9.81000041962159441324
x_negative_below_default_minus_q_near	original	4	-100	100	-99	-0	-9.80999999999510480502	9.80018999999837154304e-06	-0	-9.81000041961180402339	9.80019049817145223957e-06	0	-9.81000041961669921875	9.80019012786215171218e-06	1.12103877145985365674e-44	3.74223245313496618784e-05	3.73849025080641185888e-11	9.81000041961669921875	9.81000041962159441324
x_negative_below_default_minus_q_near	original	5	255	-0.125	1	-0	-9.80999999999510480502	9.80018999999837154304e-06	-0	-9.81000041961180402339	9.80019049817145223957e-06	0	-9.81000041961669921875	9.80019012786215171218e-06	1.12103877145985365674e-44	3.74223245313496618784e-05	3.73849025080641185888e-11	9.81000041961669921875	9.81000041962159441324
x_negative_below_default_minus_q_near	roundtrip	0	0	0	0	-0	-9.80999999999510480502	9.80018999999837154304e-06	-0	-9.81000041961180402339	9.80019049817145223957e-06	0	-9.81000041961669921875	9.80019012786215171218e-06	1.12103877145985365674e-44	3.74223245313496618784e-05	3.73849025080641185888e-11	9.81000041961669921875	9.81000041962159441324
x_negative_below_default_minus_q_near	roundtrip	1	3	4	5	-0	-9.80999999999510480502	9.80018999999837154304e-06	-0	-9.81000041961180402339	9.80019049817145223957e-06	0	-9.81000041961669921875	9.80019012786215171218e-06	1.12103877145985365674e-44	3.74223245313496618784e-05	3.73849025080641185888e-11	9.81000041961669921875	9.81000041962159441324
x_negative_below_default_minus_q_near	roundtrip	2	-40	6	17	-0	-9.80999999999510480502	9.80018999999837154304e-06	-0	-9.81000041961180402339	9.80019049817145223957e-06	0	-9.81000041961669921875	9.80019012786215171218e-06	1.12103877145985365674e-44	3.74223245313496618784e-05	3.73849025080641185888e-11	9.81000041961669921875	9.81000041962159441324
x_negative_below_default_minus_q_near	roundtrip	3	120	-80	10	-0	-9.80999999999510480502	9.80018999999837154304e-06	-0	-9.81000041961180402339	9.80019049817145223957e-06	0	-9.81000041961669921875	9.80019012786215171218e-06	1.12103877145985365674e-44	3.74223245313496618784e-05	3.73849025080641185888e-11	9.81000041961669921875	9.81000041962159441324
x_negative_below_default_minus_q_near	roundtrip	4	-100	100	-99	-0	-9.80999999999510480502	9.80018999999837154304e-06	-0	-9.81000041961180402339	9.80019049817145223957e-06	0	-9.81000041961669921875	9.80019012786215171218e-06	1.12103877145985365674e-44	3.74223245313496618784e-05	3.73849025080641185888e-11	9.81000041961669921875	9.81000041962159441324
x_negative_below_default_minus_q_near	roundtrip	5	255	-0.125	1	-0	-9.80999999999510480502	9.80018999999837154304e-06	-0	-9.81000041961180402339	9.80019049817145223957e-06	0	-9.81000041961669921875	9.80019012786215171218e-06	1.12103877145985365674e-44	3.74223245313496618784e-05	3.73849025080641185888e-11	9.81000041961669921875	9.81000041962159441324
x_negative_below_default_minus_q_far	original	0	0	0	0	-0	-9.80999999999510480502	9.80018999999837154304e-06	-0	-9.81000041961180402339	9.80019049817145223957e-06	0	-9.81000041961669921875	9.80019012786215171218e-06	1.12103877145985365674e-44	3.74223245313496618784e-05	3.73849025080641185888e-11	9.81000041961669921875	9.81000041962159441324
x_negative_below_default_minus_q_far	original	1	3	4	5	-0	-9.80999999999510480502	9.80018999999837154304e-06	-0	-9.81000041961180402339	9.80019049817145223957e-06	0	-9.81000041961669921875	9.80019012786215171218e-06	1.12103877145985365674e-44	3.74223245313496618784e-05	3.73849025080641185888e-11	9.81000041961669921875	9.81000041962159441324
x_negative_below_default_minus_q_far	original	2	-40	6	17	-0	-9.80999999999510480502	9.80018999999837154304e-06	-0	-9.81000041961180402339	9.80019049817145223957e-06	0	-9.81000041961669921875	9.80019012786215171218e-06	1.12103877145985365674e-44	3.74223245313496618784e-05	3.73849025080641185888e-11	9.81000041961669921875	9.81000041962159441324
x_negative_below_default_minus_q_far	original	3	120	-80	10	-0	-9.80999999999510480502	9.80018999999837154304e-06	-0	-9.81000041961180402339	9.80019049817145223957e-06	0	-9.81000041961669921875	9.80019012786215171218e-06	1.12103877145985365674e-44	3.74223245313496618784e-05	3.73849025080641185888e-11	9.81000041961669921875	9.81000041962159441324
x_negative_below_default_minus_q_far	original	4	-100	100	-99	-0	-9.80999999999510480502	9.80018999999837154304e-06	-0	-9.81000041961180402339	9.80019049817145223957e-06	0	-9.81000041961669921875	9.80019012786215171218e-06	1.12103877145985365674e-44	3.74223245313496618784e-05	3.73849025080641185888e-11	9.81000041961669921875	9.81000041962159441324
x_negative_below_default_minus_q_far	original	5	255	-0.125	1	-0	-9.80999999999510480502	9.80018999999837154304e-06	-0	-9.81000041961180402339	9.80019049817145223957e-06	0	-9.81000041961669921875	9.80019012786215171218e-06	1.12103877145985365674e-44	3.74223245313496618784e-05	3.73849025080641185888e-11	9.81000041961669921875	9.81000041962159441324
x_negative_below_default_minus_q_far	roundtrip	0	0	0	0	-0	-9.80999999999510480502	9.80018999999837154304e-06	-0	-9.81000041961180402339	9.80019049817145223957e-06	0	-9.81000041961669921875	9.80019012786215171218e-06	1.12103877145985365674e-44	3.74223245313496618784e-05	3.73849025080641185888e-11	9.81000041961669921875	9.81000041962159441324
x_negative_below_default_minus_q_far	roundtrip	1	3	4	5	-0	-9.80999999999510480502	9.80018999999837154304e-06	-0	-9.81000041961180402339	9.80019049817145223957e-06	0	-9.81000041961669921875	9.80019012786215171218e-06	1.12103877145985365674e-44	3.74223245313496618784e-05	3.73849025080641185888e-11	9.81000041961669921875	9.81000041962159441324
x_negative_below_default_minus_q_far	roundtrip	2	-40	6	17	-0	-9.80999999999510480502	9.80018999999837154304e-06	-0	-9.81000041961180402339	9.80019049817145223957e-06	0	-9.81000041961669921875	9.80019012786215171218e-06	1.12103877145985365674e-44	3.74223245313496618784e-05	3.73849025080641185888e-11	9.81000041961669921875	9.81000041962159441324
x_negative_below_default_minus_q_far	roundtrip	3	120	-80	10	-0	-9.80999999999510480502	9.80018999999837154304e-06	-0	-9.81000041961180402339	9.80019049817145223957e-06	0	-9.81000041961669921875	9.80019012786215171218e-06	1.12103877145985365674e-44	3.74223245313496618784e-05	3.73849025080641185888e-11	9.81000041961669921875	9.81000041962159441324
x_negative_below_default_minus_q_far	roundtrip	4	-100	100	-99	-0	-9.80999999999510480502	9.80018999999837154304e-06	-0	-9.81000041961180402339	9.80019049817145223957e-06	0	-9.81000041961669921875	9.80019012786215171218e-06	1.12103877145985365674e-44	3.74223245313496618784e-05	3.73849025080641185888e-11	9.81000041961669921875	9.81000041962159441324
x_negative_below_default_minus_q_far	roundtrip	5	255	-0.125	1	-0	-9.80999999999510480502	9.80018999999837154304e-06	-0	-9.81000041961180402339	9.80019049817145223957e-06	0	-9.81000041961669921875	9.80019012786215171218e-06	1.12103877145985365674e-44	3.74223245313496618784e-05	3.73849025080641185888e-11	9.81000041961669921875	9.81000041962159441324
x_positive_above_default_q_near	original	0	0	0	0	0	-9.8099999999950851853	-9.81980999999836095645e-06	0	-9.81000041961178440367	-9.81981029152130099287e-06	0	-9.81000041961669921875	-9.81981065706349909306e-06	1.12103877145985365674e-44	3.74223245313497367217e-05	3.74597463656145729358e-11	9.81000041961669921875	9.81000041962161403383
x_positive_above_default_q_near	original	1	3	4	5	0	-9.8099999999950851853	-9.81980999999836095645e-06	0	-9.81000041961178440367	-9.81981029152130099287e-06	0	-9.81000041961669921875	-9.81981065706349909306e-06	1.12103877145985365674e-44	3.74223245313497367217e-05	3.74597463656145729358e-11	9.81000041961669921875	9.81000041962161403383
x_positive_above_default_q_near	original	2	-40	6	17	0	-9.8099999999950851853	-9.81980999999836095645e-06	0	-9.81000041961178440367	-9.81981029152130099287e-06	0	-9.81000041961669921875	-9.81981065706349909306e-06	1.12103877145985365674e-44	3.74223245313497367217e-05	3.74597463656145729358e-11	9.81000041961669921875	9.81000041962161403383
x_positive_above_default_q_near	original	3	120	-80	10	0	-9.8099999999950851853	-9.81980999999836095645e-06	0	-9.81000041961178440367	-9.81981029152130099287e-06	0	-9.81000041961669921875	-9.81981065706349909306e-06	1.12103877145985365674e-44	3.74223245313497367217e-05	3.74597463656145729358e-11	9.81000041961669921875	9.81000041962161403383
x_positive_above_default_q_near	original	4	-100	100	-99	0	-9.8099999999950851853	-9.81980999999836095645e-06	0	-9.81000041961178440367	-9.81981029152130099287e-06	0	-9.81000041961669921875	-9.81981065706349909306e-06	1.12103877145985365674e-44	3.74223245313497367217e-05	3.74597463656145729358e-11	9.81000041961669921875	9.81000041962161403383
x_positive_above_default_q_near	original	5	255	-0.125	1	0	-9.8099999999950851853	-9.81980999999836095645e-06	0	-9.81000041961178440367	-9.81981029152130099287e-06	0	-9.81000041961669921875	-9.81981065706349909306e-06	1.12103877145985365674e-44	3.74223245313497367217e-05	3.74597463656145729358e-11	9.81000041961669921875	9.81000041962161403383
x_positive_above_default_q_near	roundtrip	0	0	0	0	0	-9.8099999999950851853	-9.81980999999836095645e-06	0	-9.81000041961178440367	-9.81981029152130099287e-06	0	-9.81000041961669921875	-9.81981065706349909306e-06	1.12103877145985365674e-44	3.74223245313497367217e-05	3.74597463656145729358e-11	9.81000041961669921875	9.81000041962161403383
x_positive_above_default_q_near	roundtrip	1	3	4	5	0	-9.8099999999950851853	-9.81980999999836095645e-06	0	-9.81000041961178440367	-9.81981029152130099287e-06	0	-9.81000041961669921875	-9.81981065706349909306e-06	1.12103877145985365674e-44	3.74223245313497367217e-05	3.74597463656145729358e-11	9.81000041961669921875	9.81000041962161403383
x_positive_above_default_q_near	roundtrip	2	-40	6	17	0	-9.8099999999950851853	-9.81980999999836095645e-06	0	-9.81000041961178440367	-9.81981029152130099287e-06	0	-9.81000041961669921875	-9.81981065706349909306e-06	1.12103877145985365674e-44	3.74223245313497367217e-05	3.74597463656145729358e-11	9.81000041961669921875	9.81000041962161403383
x_positive_above_default_q_near	roundtrip	3	120	-80	10	0	-9.8099999999950851853	-9.81980999999836095645e-06	0	-9.81000041961178440367	-9.81981029152130099287e-06	0	-9.81000041961669921875	-9.81981065706349909306e-06	1.12103877145985365674e-44	3.74223245313497367217e-05	3.74597463656145729358e-11	9.81000041961669921875	9.81000041962161403383
x_positive_above_default_q_near	roundtrip	4	-100	100	-99	0	-9.8099999999950851853	-9.81980999999836095645e-06	0	-9.81000041961178440367	-9.81981029152130099287e-06	0	-9.81000041961669921875	-9.81981065706349909306e-06	1.12103877145985365674e-44	3.74223245313497367217e-05	3.74597463656145729358e-11	9.81000041961669921875	9.81000041962161403383
x_positive_above_default_q_near	roundtrip	5	255	-0.125	1	0	-9.8099999999950851853	-9.81980999999836095645e-06	0	-9.81000041961178440367	-9.81981029152130099287e-06	0	-9.81000041961669921875	-9.81981065706349909306e-06	1.12103877145985365674e-44	3.74223245313497367217e-05	3.74597463656145729358e-11	9.81000041961669921875	9.81000041962161403383
x_positive_above_default_q_far	original	0	0	0	0	0	-9.8099999999950851853	-9.81980999999836095645e-06	0	-9.81000041961178440367	-9.81981029152130099287e-06	0	-9.81000041961669921875	-9.81981065706349909306e-06	1.12103877145985365674e-44	3.74223245313497367217e-05	3.74597463656145729358e-11	9.81000041961669921875	9.81000041962161403383
x_positive_above_default_q_far	original	1	3	4	5	0	-9.8099999999950851853	-9.81980999999836095645e-06	0	-9.81000041961178440367	-9.81981029152130099287e-06	0	-9.81000041961669921875	-9.81981065706349909306e-06	1.12103877145985365674e-44	3.74223245313497367217e-05	3.74597463656145729358e-11	9.81000041961669921875	9.81000041962161403383
x_positive_above_default_q_far	original	2	-40	6	17	0	-9.8099999999950851853	-9.81980999999836095645e-06	0	-9.81000041961178440367	-9.81981029152130099287e-06	0	-9.81000041961669921875	-9.81981065706349909306e-06	1.12103877145985365674e-44	3.74223245313497367217e-05	3.74597463656145729358e-11	9.81000041961669921875	9.81000041962161403383
x_positive_above_default_q_far	original	3	120	-80	10	0	-9.8099999999950851853	-9.81980999999836095645e-06	0	-9.81000041961178440367	-9.81981029152130099287e-06	0	-9.81000041961669921875	-9.81981065706349909306e-06	1.12103877145985365674e-44	3.74223245313497367217e-05	3.74597463656145729358e-11	9.81000041961669921875	9.81000041962161403383
x_positive_above_default_q_far	original	4	-100	100	-99	0	-9.8099999999950851853	-9.81980999999836095645e-06	0	-9.81000041961178440367	-9.81981029152130099287e-06	0	-9.81000041961669921875	-9.81981065706349909306e-06	1.12103877145985365674e-44	3.74223245313497367217e-05	3.74597463656145729358e-11	9.81000041961669921875	9.81000041962161403383
x_positive_above_default_q_far	original	5	255	-0.125	1	0	-9.8099999999950851853	-9.81980999999836095645e-06	0	-9.81000041961178440367	-9.81981029152130099287e-06	0	-9.81000041961669921875	-9.81981065706349909306e-06	1.12103877145985365674e-44	3.74223245313497367217e-05	3.74597463656145729358e-11	9.81000041961669921875	9.81000041962161403383
x_positive_above_default_q_far	roundtrip	0	0	0	0	0	-9.8099999999950851853	-9.81980999999836095645e-06	0	-9.81000041961178440367	-9.81981029152130099287e-06	0	-9.81000041961669921875	-9.81981065706349909306e-06	1.12103877145985365674e-44	3.74223245313497367217e-05	3.74597463656145729358e-11	9.81000041961669921875	9.81000041962161403383
x_positive_above_default_q_far	roundtrip	1	3	4	5	0	-9.8099999999950851853	-9.81980999999836095645e-06	0	-9.81000041961178440367	-9.81981029152130099287e-06	0	-9.81000041961669921875	-9.81981065706349909306e-06	1.12103877145985365674e-44	3.74223245313497367217e-05	3.74597463656145729358e-11	9.81000041961669921875	9.81000041962161403383
x_positive_above_default_q_far	roundtrip	2	-40	6	17	0	-9.8099999999950851853	-9.81980999999836095645e-06	0	-9.81000041961178440367	-9.81981029152130099287e-06	0	-9.81000041961669921875	-9.81981065706349909306e-06	1.12103877145985365674e-44	3.74223245313497367217e-05	3.74597463656145729358e-11	9.81000041961669921875	9.81000041962161403383
x_positive_above_default_q_far	roundtrip	3	120	-80	10	0	-9.8099999999950851853	-9.81980999999836095645e-06	0	-9.81000041961178440367	-9.81981029152130099287e-06	0	-9.81000041961669921875	-9.81981065706349909306e-06	1.12103877145985365674e-44	3.74223245313497367217e-05	3.74597463656145729358e-11	9.81000041961669921875	9.81000041962161403383
x_positive_above_default_q_far	roundtrip	4	-100	100	-99	0	-9.8099999999950851853	-9.81980999999836095645e-06	0	-9.81000041961178440367	-9.81981029152130099287e-06	0	-9.81000041961669921875	-9.81981065706349909306e-06	1.12103877145985365674e-44	3.74223245313497367217e-05	3.74597463656145729358e-11	9.81000041961669921875	9.81000041962161403383
x_positive_above_default_q_far	roundtrip	5	255	-0.125	1	0	-9.8099999999950851853	-9.81980999999836095645e-06	0	-9.81000041961178440367	-9.81981029152130099287e-06	0	-9.81000041961669921875	-9.81981065706349909306e-06	1.12103877145985365674e-44	3.74223245313497367217e-05	3.74597463656145729358e-11	9.81000041961669921875	9.81000041962161403383
x_positive_above_default_minus_q_near	original	0	0	0	0	0	-9.8099999999950851853	-9.81980999999836095645e-06	0	-9.81000041961178440367	-9.81981029152130099287e-06	0	-9.81000041961669921875	-9.81981065706349909306e-06	1.12103877145985365674e-44	3.74223245313497367217e-05	3.74597463656145729358e-11	9.81000041961669921875	9.81000041962161403383
x_positive_above_default_minus_q_near	original	1	3	4	5	0	-9.8099999999950851853	-9.81980999999836095645e-06	0	-9.81000041961178440367	-9.81981029152130099287e-06	0	-9.81000041961669921875	-9.81981065706349909306e-06	1.12103877145985365674e-44	3.74223245313497367217e-05	3.74597463656145729358e-11	9.81000041961669921875	9.81000041962161403383
x_positive_above_default_minus_q_near	original	2	-40	6	17	0	-9.8099999999950851853	-9.81980999999836095645e-06	0	-9.81000041961178440367	-9.81981029152130099287e-06	0	-9.81000041961669921875	-9.81981065706349909306e-06	1.12103877145985365674e-44	3.74223245313497367217e-05	3.74597463656145729358e-11	9.81000041961669921875	9.81000041962161403383
x_positive_above_default_minus_q_near	original	3	120	-80	10	0	-9.8099999999950851853	-9.81980999999836095645e-06	0	-9.81000041961178440367	-9.81981029152130099287e-06	0	-9.81000041961669921875	-9.81981065706349909306e-06	1.12103877145985365674e-44	3.74223245313497367217e-05	3.74597463656145729358e-11	9.81000041961669921875	9.81000041962161403383
x_positive_above_default_minus_q_near	original	4	-100	100	-99	0	-9.8099999999950851853	-9.81980999999836095645e-06	0	-9.81000041961178440367	-9.81981029152130099287e-06	0	-9.81000041961669921875	-9.81981065706349909306e-06	1.12103877145985365674e-44	3.74223245313497367217e-05	3.74597463656145729358e-11	9.81000041961669921875	9.81000041962161403383
x_positive_above_default_minus_q_near	original	5	255	-0.125	1	0	-9.8099999999950851853	-9.81980999999836095645e-06	0	-9.81000041961178440367	-9.81981029152130099287e-06	0	-9.81000041961669921875	-9.81981065706349909306e-06	1.12103877145985365674e-44	3.74223245313497367217e-05	3.74597463656145729358e-11	9.81000041961669921875	9.81000041962161403383
x_positive_above_default_minus_q_near	roundtrip	0	0	0	0	0	-9.8099999999950851853	-9.81980999999836095645e-06	0	-9.81000041961178440367	-9.81981029152130099287e-06	0	-9.81000041961669921875	-9.81981065706349909306e-06	1.12103877145985365674e-44	3.74223245313497367217e-05	3.74597463656145729358e-11	9.81000041961669921875	9.81000041962161403383
x_positive_above_default_minus_q_near	roundtrip	1	3	4	5	0	-9.8099999999950851853	-9.81980999999836095645e-06	0	-9.81000041961178440367	-9.81981029152130099287e-06	0	-9.81000041961669921875	-9.81981065706349909306e-06	1.12103877145985365674e-44	3.74223245313497367217e-05	3.74597463656145729358e-11	9.81000041961669921875	9.81000041962161403383
x_positive_above_default_minus_q_near	roundtrip	2	-40	6	17	0	-9.8099999999950851853	-9.81980999999836095645e-06	0	-9.81000041961178440367	-9.81981029152130099287e-06	0	-9.81000041961669921875	-9.81981065706349909306e-06	1.12103877145985365674e-44	3.74223245313497367217e-05	3.74597463656145729358e-11	9.81000041961669921875	9.81000041962161403383
x_positive_above_default_minus_q_near	roundtrip	3	120	-80	10	0	-9.8099999999950851853	-9.81980999999836095645e-06	0	-9.81000041961178440367	-9.81981029152130099287e-06	0	-9.81000041961669921875	-9.81981065706349909306e-06	1.12103877145985365674e-44	3.74223245313497367217e-05	3.74597463656145729358e-11	9.81000041961669921875	9.81000041962161403383
x_positive_above_default_minus_q_near	roundtrip	4	-100	100	-99	0	-9.8099999999950851853	-9.81980999999836095645e-06	0	-9.81000041961178440367	-9.81981029152130099287e-06	0	-9.81000041961669921875	-9.81981065706349909306e-06	1.12103877145985365674e-44	3.74223245313497367217e-05	3.74597463656145729358e-11	9.81000041961669921875	9.81000041962161403383
x_positive_above_default_minus_q_near	roundtrip	5	255	-0.125	1	0	-9.8099999999950851853	-9.81980999999836095645e-06	0	-9.81000041961178440367	-9.81981029152130099287e-06	0	-9.81000041961669921875	-9.81981065706349909306e-06	1.12103877145985365674e-44	3.74223245313497367217e-05	3.74597463656145729358e-11	9.81000041961669921875	9.81000041962161403383
x_positive_above_default_minus_q_far	original	0	0	0	0	0	-9.8099999999950851853	-9.81980999999836095645e-06	0	-9.81000041961178440367	-9.81981029152130099287e-06	0	-9.81000041961669921875	-9.81981065706349909306e-06	1.12103877145985365674e-44	3.74223245313497367217e-05	3.74597463656145729358e-11	9.81000041961669921875	9.81000041962161403383
x_positive_above_default_minus_q_far	original	1	3	4	5	0	-9.8099999999950851853	-9.81980999999836095645e-06	0	-9.81000041961178440367	-9.81981029152130099287e-06	0	-9.81000041961669921875	-9.81981065706349909306e-06	1.12103877145985365674e-44	3.74223245313497367217e-05	3.74597463656145729358e-11	9.81000041961669921875	9.81000041962161403383
x_positive_above_default_minus_q_far	original	2	-40	6	17	0	-9.8099999999950851853	-9.81980999999836095645e-06	0	-9.81000041961178440367	-9.81981029152130099287e-06	0	-9.81000041961669921875	-9.81981065706349909306e-06	1.12103877145985365674e-44	3.74223245313497367217e-05	3.74597463656145729358e-11	9.81000041961669921875	9.81000041962161403383
x_positive_above_default_minus_q_far	original	3	120	-80	10	0	-9.8099999999950851853	-9.81980999999836095645e-06	0	-9.81000041961178440367	-9.81981029152130099287e-06	0	-9.81000041961669921875	-9.81981065706349909306e-06	1.12103877145985365674e-44	3.74223245313497367217e-05	3.74597463656145729358e-11	9.81000041961669921875	9.81000041962161403383
x_positive_above_default_minus_q_far	original	4	-100	100	-99	0	-9.8099999999950851853	-9.81980999999836095645e-06	0	-9.81000041961178440367	-9.81981029152130099287e-06	0	-9.81000041961669921875	-9.81981065706349909306e-06	1.12103877145985365674e-44	3.74223245313497367217e-05	3.74597463656145729358e-11	9.81000041961669921875	9.81000041962161403383
x_positive_above_default_minus_q_far	original	5	255	-0.125	1	0	-9.8099999999950851853	-9.81980999999836095645e-06	0	-9.81000041961178440367	-9.81981029152130099287e-06	0	-9.81000041961669921875	-9.81981065706349909306e-06	1.12103877145985365674e-44	3.74223245313497367217e-05	3.74597463656145729358e-11	9.81000041961669921875	9.81000041962161403383
x_positive_above_default_minus_q_far	roundtrip	0	0	0	0	0	-9.8099999999950851853	-9.81980999999836095645e-06	0	-9.81000041961178440367	-9.81981029152130099287e-06	0	-9.81000041961669921875	-9.81981065706349909306e-06	1.12103877145985365674e-44	3.74223245313497367217e-05	3.74597463656145729358e-11	9.81000041961669921875	9.81000041962161403383
x_positive_above_default_minus_q_far	roundtrip	1	3	4	5	0	-9.8099999999950851853	-9.81980999999836095645e-06	0	-9.81000041961178440367	-9.81981029152130099287e-06	0	-9.81000041961669921875	-9.81981065706349909306e-06	1.12103877145985365674e-44	3.74223245313497367217e-05	3.74597463656145729358e-11	9.81000041961669921875	9.81000041962161403383
x_positive_above_default_minus_q_far	roundtrip	2	-40	6	17	0	-9.8099999999950851853	-9.81980999999836095645e-06	0	-9.81000041961178440367	-9.81981029152130099287e-06	0	-9.81000041961669921875	-9.81981065706349909306e-06	1.12103877145985365674e-44	3.74223245313497367217e-05	3.74597463656145729358e-11	9.81000041961669921875	9.81000041962161403383
x_positive_above_default_minus_q_far	roundtrip	3	120	-80	10	0	-9.8099999999950851853	-9.81980999999836095645e-06	0	-9.81000041961178440367	-9.81981029152130099287e-06	0	-9.81000041961669921875	-9.81981065706349909306e-06	1.12103877145985365674e-44	3.74223245313497367217e-05	3.74597463656145729358e-11	9.81000041961669921875	9.81000041962161403383
x_positive_above_default_minus_q_far	roundtrip	4	-100	100	-99	0	-9.8099999999950851853	-9.81980999999836095645e-06	0	-9.81000041961178440367	-9.81981029152130099287e-06	0	-9.81000041961669921875	-9.81981065706349909306e-06	1.12103877145985365674e-44	3.74223245313497367217e-05	3.74597463656145729358e-11	9.81000041961669921875	9.81000041962161403383
x_positive_above_default_minus_q_far	roundtrip	5	255	-0.125	1	0	-9.8099999999950851853	-9.81980999999836095645e-06	0	-9.81000041961178440367	-9.81981029152130099287e-06	0	-9.81000041961669921875	-9.81981065706349909306e-06	1.12103877145985365674e-44	3.74223245313497367217e-05	3.74597463656145729358e-11	9.81000041961669921875	9.81000041962161403383
x_negative_above_default_q_near	original	0	0	0	0	-0	-9.8099999999950851853	9.81980999999836095645e-06	-0	-9.81000041961178440367	9.81981029152130099287e-06	0	-9.81000041961669921875	9.81981065706349909306e-06	1.12103877145985365674e-44	3.74223245313497367217e-05	3.74597463656145729358e-11	9.81000041961669921875	9.81000041962161403383
x_negative_above_default_q_near	original	1	3	4	5	-0	-9.8099999999950851853	9.81980999999836095645e-06	-0	-9.81000041961178440367	9.81981029152130099287e-06	0	-9.81000041961669921875	9.81981065706349909306e-06	1.12103877145985365674e-44	3.74223245313497367217e-05	3.74597463656145729358e-11	9.81000041961669921875	9.81000041962161403383
x_negative_above_default_q_near	original	2	-40	6	17	-0	-9.8099999999950851853	9.81980999999836095645e-06	-0	-9.81000041961178440367	9.81981029152130099287e-06	0	-9.81000041961669921875	9.81981065706349909306e-06	1.12103877145985365674e-44	3.74223245313497367217e-05	3.74597463656145729358e-11	9.81000041961669921875	9.81000041962161403383
x_negative_above_default_q_near	original	3	120	-80	10	-0	-9.8099999999950851853	9.81980999999836095645e-06	-0	-9.81000041961178440367	9.81981029152130099287e-06	0	-9.81000041961669921875	9.81981065706349909306e-06	1.12103877145985365674e-44	3.74223245313497367217e-05	3.74597463656145729358e-11	9.81000041961669921875	9.81000041962161403383
x_negative_above_default_q_near	original	4	-100	100	-99	-0	-9.8099999999950851853	9.81980999999836095645e-06	-0	-9.81000041961178440367	9.81981029152130099287e-06	0	-9.81000041961669921875	9.81981065706349909306e-06	1.12103877145985365674e-44	3.74223245313497367217e-05	3.74597463656145729358e-11	9.81000041961669921875	9.81000041962161403383
x_negative_above_default_q_near	original	5	255	-0.125	1	-0	-9.8099999999950851853	9.81980999999836095645e-06	-0	-9.81000041961178440367	9.81981029152130099287e-06	0	-9.81000041961669921875	9.81981065706349909306e-06	1.12103877145985365674e-44	3.74223245313497367217e-05	3.74597463656145729358e-11	9.81000041961669921875	9.81000041962161403383
x_negative_above_default_q_near	roundtrip	0	0	0	0	-0	-9.8099999999950851853	9.81980999999836095645e-06	-0	-9.81000041961178440367	9.81981029152130099287e-06	0	-9.81000041961669921875	9.81981065706349909306e-06	1.12103877145985365674e-44	3.74223245313497367217e-05	3.74597463656145729358e-11	9.81000041961669921875	9.81000041962161403383
x_negative_above_default_q_near	roundtrip	1	3	4	5	-0	-9.8099999999950851853	9.81980999999836095645e-06	-0	-9.81000041961178440367	9.81981029152130099287e-06	0	-9.81000041961669921875	9.81981065706349909306e-06	1.12103877145985365674e-44	3.74223245313497367217e-05	3.74597463656145729358e-11	9.81000041961669921875	9.81000041962161403383
x_negative_above_default_q_near	roundtrip	2	-40	6	17	-0	-9.8099999999950851853	9.81980999999836095645e-06	-0	-9.81000041961178440367	9.81981029152130099287e-06	0	-9.81000041961669921875	9.81981065706349909306e-06	1.12103877145985365674e-44	3.74223245313497367217e-05	3.74597463656145729358e-11	9.81000041961669921875	9.81000041962161403383
x_negative_above_default_q_near	roundtrip	3	120	-80	10	-0	-9.8099999999950851853	9.81980999999836095645e-06	-0	-9.81000041961178440367	9.81981029152130099287e-06	0	-9.81000041961669921875	9.81981065706349909306e-06	1.12103877145985365674e-44	3.74223245313497367217e-05	3.74597463656145729358e-11	9.81000041961669921875	9.81000041962161403383
x_negative_above_default_q_near	roundtrip	4	-100	100	-99	-0	-9.8099999999950851853	9.81980999999836095645e-06	-0	-9.81000041961178440367	9.81981029152130099287e-06	0	-9.81000041961669921875	9.81981065706349909306e-06	1.12103877145985365674e-44	3.74223245313497367217e-05	3.74597463656145729358e-11	9.81000041961669921875	9.81000041962161403383
x_negative_above_default_q_near	roundtrip	5	255	-0.125	1	-0	-9.8099999999950851853	9.81980999999836095645e-06	-0	-9.81000041961178440367	9.81981029152130099287e-06	0	-9.81000041961669921875	9.81981065706349909306e-06	1.12103877145985365674e-44	3.74223245313497367217e-05	3.74597463656145729358e-11	9.81000041961669921875	9.81000041962161403383
x_negative_above_default_q_far	original	0	0	0	0	-0	-9.8099999999950851853	9.81980999999836095645e-06	-0	-9.81000041961178440367	9.81981029152130099287e-06	0	-9.81000041961669921875	9.81981065706349909306e-06	1.12103877145985365674e-44	3.74223245313497367217e-05	3.74597463656145729358e-11	9.81000041961669921875	9.81000041962161403383
x_negative_above_default_q_far	original	1	3	4	5	-0	-9.8099999999950851853	9.81980999999836095645e-06	-0	-9.81000041961178440367	9.81981029152130099287e-06	0	-9.81000041961669921875	9.81981065706349909306e-06	1.12103877145985365674e-44	3.74223245313497367217e-05	3.74597463656145729358e-11	9.81000041961669921875	9.81000041962161403383
x_negative_above_default_q_far	original	2	-40	6	17	-0	-9.8099999999950851853	9.81980999999836095645e-06	-0	-9.81000041961178440367	9.81981029152130099287e-06	0	-9.81000041961669921875	9.81981065706349909306e-06	1.12103877145985365674e-44	3.74223245313497367217e-05	3.74597463656145729358e-11	9.81000041961669921875	9.81000041962161403383
x_negative_above_default_q_far	original	3	120	-80	10	-0	-9.8099999999950851853	9.81980999999836095645e-06	-0	-9.81000041961178440367	9.81981029152130099287e-06	0	-9.81000041961669921875	9.81981065706349909306e-06	1.12103877145985365674e-44	3.74223245313497367217e-05	3.74597463656145729358e-11	9.81000041961669921875	9.81000041962161403383
x_negative_above_default_q_far	original	4	-100	100	-99	-0	-9.8099999999950851853	9.81980999999836095645e-06	-0	-9.81000041961178440367	9.81981029152130099287e-06	0	-9.81000041961669921875	9.81981065706349909306e-06	1.12103877145985365674e-44	3.74223245313497367217e-05	3.74597463656145729358e-11	9.81000041961669921875	9.81000041962161403383
x_negative_above_default_q_far	original	5	255	-0.125	1	-0	-9.8099999999950851853	9.81980999999836095645e-06	-0	-9.81000041961178440367	9.81981029152130099287e-06	0	-9.81000041961669921875	9.81981065706349909306e-06	1.12103877145985365674e-44	3.74223245313497367217e-05	3.74597463656145729358e-11	9.81000041961669921875	9.81000041962161403383
x_negative_above_default_q_far	roundtrip	0	0	0	0	-0	-9.8099999999950851853	9.81980999999836095645e-06	-0	-9.81000041961178440367	9.81981029152130099287e-06	0	-9.81000041961669921875	9.81981065706349909306e-06	1.12103877145985365674e-44	3.74223245313497367217e-05	3.74597463656145729358e-11	9.81000041961669921875	9.81000041962161403383
x_negative_above_default_q_far	roundtrip	1	3	4	5	-0	-9.8099999999950851853	9.81980999999836095645e-06	-0	-9.81000041961178440367	9.81981029152130099287e-06	0	-9.81000041961669921875	9.81981065706349909306e-06	1.12103877145985365674e-44	3.74223245313497367217e-05	3.74597463656145729358e-11	9.81000041961669921875	9.81000041962161403383
x_negative_above_default_q_far	roundtrip	2	-40	6	17	-0	-9.8099999999950851853	9.81980999999836095645e-06	-0	-9.81000041961178440367	9.81981029152130099287e-06	0	-9.81000041961669921875	9.81981065706349909306e-06	1.12103877145985365674e-44	3.74223245313497367217e-05	3.74597463656145729358e-11	9.81000041961669921875	9.81000041962161403383
x_negative_above_default_q_far	roundtrip	3	120	-80	10	-0	-9.8099999999950851853	9.81980999999836095645e-06	-0	-9.81000041961178440367	9.81981029152130099287e-06	0	-9.81000041961669921875	9.81981065706349909306e-06	1.12103877145985365674e-44	3.74223245313497367217e-05	3.74597463656145729358e-11	9.81000041961669921875	9.81000041962161403383
x_negative_above_default_q_far	roundtrip	4	-100	100	-99	-0	-9.8099999999950851853	9.81980999999836095645e-06	-0	-9.81000041961178440367	9.81981029152130099287e-06	0	-9.81000041961669921875	9.81981065706349909306e-06	1.12103877145985365674e-44	3.74223245313497367217e-05	3.74597463656145729358e-11	9.81000041961669921875	9.81000041962161403383
x_negative_above_default_q_far	roundtrip	5	255	-0.125	1	-0	-9.8099999999950851853	9.81980999999836095645e-06	-0	-9.81000041961178440367	9.81981029152130099287e-06	0	-9.81000041961669921875	9.81981065706349909306e-06	1.12103877145985365674e-44	3.74223245313497367217e-05	3.74597463656145729358e-11	9.81000041961669921875	9.81000041962161403383
x_negative_above_default_minus_q_near	original	0	0	0	0	-0	-9.8099999999950851853	9.81980999999836095645e-06	-0	-9.81000041961178440367	9.81981029152130099287e-06	0	-9.81000041961669921875	9.81981065706349909306e-06	1.12103877145985365674e-44	3.74223245313497367217e-05	3.74597463656145729358e-11	9.81000041961669921875	9.81000041962161403383
x_negative_above_default_minus_q_near	original	1	3	4	5	-0	-9.8099999999950851853	9.81980999999836095645e-06	-0	-9.81000041961178440367	9.81981029152130099287e-06	0	-9.81000041961669921875	9.81981065706349909306e-06	1.12103877145985365674e-44	3.74223245313497367217e-05	3.74597463656145729358e-11	9.81000041961669921875	9.81000041962161403383
x_negative_above_default_minus_q_near	original	2	-40	6	17	-0	-9.8099999999950851853	9.81980999999836095645e-06	-0	-9.81000041961178440367	9.81981029152130099287e-06	0	-9.81000041961669921875	9.81981065706349909306e-06	1.12103877145985365674e-44	3.74223245313497367217e-05	3.74597463656145729358e-11	9.81000041961669921875	9.81000041962161403383
x_negative_above_default_minus_q_near	original	3	120	-80	10	-0	-9.8099999999950851853	9.81980999999836095645e-06	-0	-9.81000041961178440367	9.81981029152130099287e-06	0	-9.81000041961669921875	9.81981065706349909306e-06	1.12103877145985365674e-44	3.74223245313497367217e-05	3.74597463656145729358e-11	9.81000041961669921875	9.81000041962161403383
x_negative_above_default_minus_q_near	original	4	-100	100	-99	-0	-9.8099999999950851853	9.81980999999836095645e-06	-0	-9.81000041961178440367	9.81981029152130099287e-06	0	-9.81000041961669921875	9.81981065706349909306e-06	1.12103877145985365674e-44	3.74223245313497367217e-05	3.74597463656145729358e-11	9.81000041961669921875	9.81000041962161403383
x_negative_above_default_minus_q_near	original	5	255	-0.125	1	-0	-9.8099999999950851853	9.81980999999836095645e-06	-0	-9.81000041961178440367	9.81981029152130099287e-06	0	-9.81000041961669921875	9.81981065706349909306e-06	1.12103877145985365674e-44	3.74223245313497367217e-05	3.74597463656145729358e-11	9.81000041961669921875	9.81000041962161403383
x_negative_above_default_minus_q_near	roundtrip	0	0	0	0	-0	-9.8099999999950851853	9.81980999999836095645e-06	-0	-9.81000041961178440367	9.81981029152130099287e-06	0	-9.81000041961669921875	9.81981065706349909306e-06	1.12103877145985365674e-44	3.74223245313497367217e-05	3.74597463656145729358e-11	9.81000041961669921875	9.81000041962161403383
x_negative_above_default_minus_q_near	roundtrip	1	3	4	5	-0	-9.8099999999950851853	9.81980999999836095645e-06	-0	-9.81000041961178440367	9.81981029152130099287e-06	0	-9.81000041961669921875	9.81981065706349909306e-06	1.12103877145985365674e-44	3.74223245313497367217e-05	3.74597463656145729358e-11	9.81000041961669921875	9.81000041962161403383
x_negative_above_default_minus_q_near	roundtrip	2	-40	6	17	-0	-9.8099999999950851853	9.81980999999836095645e-06	-0	-9.81000041961178440367	9.81981029152130099287e-06	0	-9.81000041961669921875	9.81981065706349909306e-06	1.12103877145985365674e-44	3.74223245313497367217e-05	3.74597463656145729358e-11	9.81000041961669921875	9.81000041962161403383
x_negative_above_default_minus_q_near	roundtrip	3	120	-80	10	-0	-9.8099999999950851853	9.81980999999836095645e-06	-0	-9.81000041961178440367	9.81981029152130099287e-06	0	-9.81000041961669921875	9.81981065706349909306e-06	1.12103877145985365674e-44	3.74223245313497367217e-05	3.74597463656145729358e-11	9.81000041961669921875	9.81000041962161403383
x_negative_above_default_minus_q_near	roundtrip	4	-100	100	-99	-0	-9.8099999999950851853	9.81980999999836095645e-06	-0	-9.81000041961178440367	9.81981029152130099287e-06	0	-9.81000041961669921875	9.81981065706349909306e-06	1.12103877145985365674e-44	3.74223245313497367217e-05	3.74597463656145729358e-11	9.81000041961669921875	9.81000041962161403383
x_negative_above_default_minus_q_near	roundtrip	5	255	-0.125	1	-0	-9.8099999999950851853	9.81980999999836095645e-06	-0	-9.81000041961178440367	9.81981029152130099287e-06	0	-9.81000041961669921875	9.81981065706349909306e-06	1.12103877145985365674e-44	3.74223245313497367217e-05	3.74597463656145729358e-11	9.81000041961669921875	9.81000041962161403383
x_negative_above_default_minus_q_far	original	0	0	0	0	-0	-9.8099999999950851853	9.81980999999836095645e-06	-0	-9.81000041961178440367	9.81981029152130099287e-06	0	-9.81000041961669921875	9.81981065706349909306e-06	1.12103877145985365674e-44	3.74223245313497367217e-05	3.74597463656145729358e-11	9.81000041961669921875	9.81000041962161403383
x_negative_above_default_minus_q_far	original	1	3	4	5	-0	-9.8099999999950851853	9.81980999999836095645e-06	-0	-9.81000041961178440367	9.81981029152130099287e-06	0	-9.81000041961669921875	9.81981065706349909306e-06	1.12103877145985365674e-44	3.74223245313497367217e-05	3.74597463656145729358e-11	9.81000041961669921875	9.81000041962161403383
x_negative_above_default_minus_q_far	original	2	-40	6	17	-0	-9.8099999999950851853	9.81980999999836095645e-06	-0	-9.81000041961178440367	9.81981029152130099287e-06	0	-9.81000041961669921875	9.81981065706349909306e-06	1.12103877145985365674e-44	3.74223245313497367217e-05	3.74597463656145729358e-11	9.81000041961669921875	9.81000041962161403383
x_negative_above_default_minus_q_far	original	3	120	-80	10	-0	-9.8099999999950851853	9.81980999999836095645e-06	-0	-9.81000041961178440367	9.81981029152130099287e-06	0	-9.81000041961669921875	9.81981065706349909306e-06	1.12103877145985365674e-44	3.74223245313497367217e-05	3.74597463656145729358e-11	9.81000041961669921875	9.81000041962161403383
x_negative_above_default_minus_q_far	original	4	-100	100	-99	-0	-9.8099999999950851853	9.81980999999836095645e-06	-0	-9.81000041961178440367	9.81981029152130099287e-06	0	-9.81000041961669921875	9.81981065706349909306e-06	1.12103877145985365674e-44	3.74223245313497367217e-05	3.74597463656145729358e-11	9.81000041961669921875	9.81000041962161403383
x_negative_above_default_minus_q_far	original	5	255	-0.125	1	-0	-9.8099999999950851853	9.81980999999836095645e-06	-0	-9.81000041961178440367	9.81981029152130099287e-06	0	-9.81000041961669921875	9.81981065706349909306e-06	1.12103877145985365674e-44	3.74223245313497367217e-05	3.74597463656145729358e-11	9.81000041961669921875	9.81000041962161403383
x_negative_above_default_minus_q_far	roundtrip	0	0	0	0	-0	-9.8099999999950851853	9.81980999999836095645e-06	-0	-9.81000041961178440367	9.81981029152130099287e-06	0	-9.81000041961669921875	9.81981065706349909306e-06	1.12103877145985365674e-44	3.74223245313497367217e-05	3.74597463656145729358e-11	9.81000041961669921875	9.81000041962161403383
x_negative_above_default_minus_q_far	roundtrip	1	3	4	5	-0	-9.8099999999950851853	9.81980999999836095645e-06	-0	-9.81000041961178440367	9.81981029152130099287e-06	0	-9.81000041961669921875	9.81981065706349909306e-06	1.12103877145985365674e-44	3.74223245313497367217e-05	3.74597463656145729358e-11	9.81000041961669921875	9.81000041962161403383
x_negative_above_default_minus_q_far	roundtrip	2	-40	6	17	-0	-9.8099999999950851853	9.81980999999836095645e-06	-0	-9.81000041961178440367	9.81981029152130099287e-06	0	-9.81000041961669921875	9.81981065706349909306e-06	1.12103877145985365674e-44	3.74223245313497367217e-05	3.74597463656145729358e-11	9.81000041961669921875	9.81000041962161403383
x_negative_above_default_minus_q_far	roundtrip	3	120	-80	10	-0	-9.8099999999950851853	9.81980999999836095645e-06	-0	-9.81000041961178440367	9.81981029152130099287e-06	0	-9.81000041961669921875	9.81981065706349909306e-06	1.12103877145985365674e-44	3.74223245313497367217e-05	3.74597463656145729358e-11	9.81000041961669921875	9.81000041962161403383
x_negative_above_default_minus_q_far	roundtrip	4	-100	100	-99	-0	-9.8099999999950851853	9.81980999999836095645e-06	-0	-9.81000041961178440367	9.81981029152130099287e-06	0	-9.81000041961669921875	9.81981065706349909306e-06	1.12103877145985365674e-44	3.74223245313497367217e-05	3.74597463656145729358e-11	9.81000041961669921875	9.81000041962161403383
x_negative_above_default_minus_q_far	roundtrip	5	255	-0.125	1	-0	-9.8099999999950851853	9.81980999999836095645e-06	-0	-9.81000041961178440367	9.81981029152130099287e-06	0	-9.81000041961669921875	9.81981065706349909306e-06	1.12103877145985365674e-44	3.74223245313497367217e-05	3.74597463656145729358e-11	9.81000041961669921875	9.81000041962161403383
x_positive_double_default_q_near	original	0	0	0	0	0	-9.80999999998038000031	-1.96199999999869202382e-05	0	-9.81000041959707921781	-1.9620000789678038246e-05	0	-9.81000041961669921875	-1.96200016944203525782e-05	1.12103877145985365674e-44	3.7422324531405832769e-05	7.48446488736225580947e-11	9.81000041961669921875	9.81000041963631922142
x_positive_double_default_q_near	original	1	3	4	5	0	-9.80999999998038000031	-1.96199999999869202382e-05	0	-9.81000041959707921781	-1.9620000789678038246e-05	0	-9.81000041961669921875	-1.96200016944203525782e-05	1.12103877145985365674e-44	3.7422324531405832769e-05	7.48446488736225580947e-11	9.81000041961669921875	9.81000041963631922142
x_positive_double_default_q_near	original	2	-40	6	17	0	-9.80999999998038000031	-1.96199999999869202382e-05	0	-9.81000041959707921781	-1.9620000789678038246e-05	0	-9.81000041961669921875	-1.96200016944203525782e-05	1.12103877145985365674e-44	3.7422324531405832769e-05	7.48446488736225580947e-11	9.81000041961669921875	9.81000041963631922142
x_positive_double_default_q_near	original	3	120	-80	10	0	-9.80999999998038000031	-1.96199999999869202382e-05	0	-9.81000041959707921781	-1.9620000789678038246e-05	0	-9.81000041961669921875	-1.96200016944203525782e-05	1.12103877145985365674e-44	3.7422324531405832769e-05	7.48446488736225580947e-11	9.81000041961669921875	9.81000041963631922142
x_positive_double_default_q_near	original	4	-100	100	-99	0	-9.80999999998038000031	-1.96199999999869202382e-05	0	-9.81000041959707921781	-1.9620000789678038246e-05	0	-9.81000041961669921875	-1.96200016944203525782e-05	1.12103877145985365674e-44	3.7422324531405832769e-05	7.48446488736225580947e-11	9.81000041961669921875	9.81000041963631922142
x_positive_double_default_q_near	original	5	255	-0.125	1	0	-9.80999999998038000031	-1.96199999999869202382e-05	0	-9.81000041959707921781	-1.9620000789678038246e-05	0	-9.81000041961669921875	-1.96200016944203525782e-05	1.12103877145985365674e-44	3.7422324531405832769e-05	7.48446488736225580947e-11	9.81000041961669921875	9.81000041963631922142
x_positive_double_default_q_near	roundtrip	0	0	0	0	0	-9.80999999998038000031	-1.96199999999869202382e-05	0	-9.81000041959707921781	-1.9620000789678038246e-05	0	-9.81000041961669921875	-1.96200016944203525782e-05	1.12103877145985365674e-44	3.7422324531405832769e-05	7.48446488736225580947e-11	9.81000041961669921875	9.81000041963631922142
x_positive_double_default_q_near	roundtrip	1	3	4	5	0	-9.80999999998038000031	-1.96199999999869202382e-05	0	-9.81000041959707921781	-1.9620000789678038246e-05	0	-9.81000041961669921875	-1.96200016944203525782e-05	1.12103877145985365674e-44	3.7422324531405832769e-05	7.48446488736225580947e-11	9.81000041961669921875	9.81000041963631922142
x_positive_double_default_q_near	roundtrip	2	-40	6	17	0	-9.80999999998038000031	-1.96199999999869202382e-05	0	-9.81000041959707921781	-1.9620000789678038246e-05	0	-9.81000041961669921875	-1.96200016944203525782e-05	1.12103877145985365674e-44	3.7422324531405832769e-05	7.48446488736225580947e-11	9.81000041961669921875	9.81000041963631922142
x_positive_double_default_q_near	roundtrip	3	120	-80	10	0	-9.80999999998038000031	-1.96199999999869202382e-05	0	-9.81000041959707921781	-1.9620000789678038246e-05	0	-9.81000041961669921875	-1.96200016944203525782e-05	1.12103877145985365674e-44	3.7422324531405832769e-05	7.48446488736225580947e-11	9.81000041961669921875	9.81000041963631922142
x_positive_double_default_q_near	roundtrip	4	-100	100	-99	0	-9.80999999998038000031	-1.96199999999869202382e-05	0	-9.81000041959707921781	-1.9620000789678038246e-05	0	-9.81000041961669921875	-1.96200016944203525782e-05	1.12103877145985365674e-44	3.7422324531405832769e-05	7.48446488736225580947e-11	9.81000041961669921875	9.81000041963631922142
x_positive_double_default_q_near	roundtrip	5	255	-0.125	1	0	-9.80999999998038000031	-1.96199999999869202382e-05	0	-9.81000041959707921781	-1.9620000789678038246e-05	0	-9.81000041961669921875	-1.96200016944203525782e-05	1.12103877145985365674e-44	3.7422324531405832769e-05	7.48446488736225580947e-11	9.81000041961669921875	9.81000041963631922142
x_positive_double_default_q_far	original	0	0	0	0	0	-9.80999999998038000031	-1.96199999999869202382e-05	0	-9.81000041959707921781	-1.9620000789678038246e-05	0	-9.81000041961669921875	-1.96200016944203525782e-05	1.12103877145985365674e-44	3.7422324531405832769e-05	7.48446488736225580947e-11	9.81000041961669921875	9.81000041963631922142
x_positive_double_default_q_far	original	1	3	4	5	0	-9.80999999998038000031	-1.96199999999869202382e-05	0	-9.81000041959707921781	-1.9620000789678038246e-05	0	-9.81000041961669921875	-1.96200016944203525782e-05	1.12103877145985365674e-44	3.7422324531405832769e-05	7.48446488736225580947e-11	9.81000041961669921875	9.81000041963631922142
x_positive_double_default_q_far	original	2	-40	6	17	0	-9.80999999998038000031	-1.96199999999869202382e-05	0	-9.81000041959707921781	-1.9620000789678038246e-05	0	-9.81000041961669921875	-1.96200016944203525782e-05	1.12103877145985365674e-44	3.7422324531405832769e-05	7.48446488736225580947e-11	9.81000041961669921875	9.81000041963631922142
x_positive_double_default_q_far	original	3	120	-80	10	0	-9.80999999998038000031	-1.96199999999869202382e-05	0	-9.81000041959707921781	-1.9620000789678038246e-05	0	-9.81000041961669921875	-1.96200016944203525782e-05	1.12103877145985365674e-44	3.7422324531405832769e-05	7.48446488736225580947e-11	9.81000041961669921875	9.81000041963631922142
x_positive_double_default_q_far	original	4	-100	100	-99	0	-9.80999999998038000031	-1.96199999999869202382e-05	0	-9.81000041959707921781	-1.9620000789678038246e-05	0	-9.81000041961669921875	-1.96200016944203525782e-05	1.12103877145985365674e-44	3.7422324531405832769e-05	7.48446488736225580947e-11	9.81000041961669921875	9.81000041963631922142
x_positive_double_default_q_far	original	5	255	-0.125	1	0	-9.80999999998038000031	-1.96199999999869202382e-05	0	-9.81000041959707921781	-1.9620000789678038246e-05	0	-9.81000041961669921875	-1.96200016944203525782e-05	1.12103877145985365674e-44	3.7422324531405832769e-05	7.48446488736225580947e-11	9.81000041961669921875	9.81000041963631922142
x_positive_double_default_q_far	roundtrip	0	0	0	0	0	-9.80999999998038000031	-1.96199999999869202382e-05	0	-9.81000041959707921781	-1.9620000789678038246e-05	0	-9.81000041961669921875	-1.96200016944203525782e-05	1.12103877145985365674e-44	3.7422324531405832769e-05	7.48446488736225580947e-11	9.81000041961669921875	9.81000041963631922142
x_positive_double_default_q_far	roundtrip	1	3	4	5	0	-9.80999999998038000031	-1.96199999999869202382e-05	0	-9.81000041959707921781	-1.9620000789678038246e-05	0	-9.81000041961669921875	-1.96200016944203525782e-05	1.12103877145985365674e-44	3.7422324531405832769e-05	7.48446488736225580947e-11	9.81000041961669921875	9.81000041963631922142
x_positive_double_default_q_far	roundtrip	2	-40	6	17	0	-9.80999999998038000031	-1.96199999999869202382e-05	0	-9.81000041959707921781	-1.9620000789678038246e-05	0	-9.81000041961669921875	-1.96200016944203525782e-05	1.12103877145985365674e-44	3.7422324531405832769e-05	7.48446488736225580947e-11	9.81000041961669921875	9.81000041963631922142
x_positive_double_default_q_far	roundtrip	3	120	-80	10	0	-9.80999999998038000031	-1.96199999999869202382e-05	0	-9.81000041959707921781	-1.9620000789678038246e-05	0	-9.81000041961669921875	-1.96200016944203525782e-05	1.12103877145985365674e-44	3.7422324531405832769e-05	7.48446488736225580947e-11	9.81000041961669921875	9.81000041963631922142
x_positive_double_default_q_far	roundtrip	4	-100	100	-99	0	-9.80999999998038000031	-1.96199999999869202382e-05	0	-9.81000041959707921781	-1.9620000789678038246e-05	0	-9.81000041961669921875	-1.96200016944203525782e-05	1.12103877145985365674e-44	3.7422324531405832769e-05	7.48446488736225580947e-11	9.81000041961669921875	9.81000041963631922142
x_positive_double_default_q_far	roundtrip	5	255	-0.125	1	0	-9.80999999998038000031	-1.96199999999869202382e-05	0	-9.81000041959707921781	-1.9620000789678038246e-05	0	-9.81000041961669921875	-1.96200016944203525782e-05	1.12103877145985365674e-44	3.7422324531405832769e-05	7.48446488736225580947e-11	9.81000041961669921875	9.81000041963631922142
x_positive_double_default_minus_q_near	original	0	0	0	0	0	-9.80999999998038000031	-1.96199999999869202382e-05	0	-9.81000041959707921781	-1.9620000789678038246e-05	0	-9.81000041961669921875	-1.96200016944203525782e-05	1.12103877145985365674e-44	3.7422324531405832769e-05	7.48446488736225580947e-11	9.81000041961669921875	9.81000041963631922142
x_positive_double_default_minus_q_near	original	1	3	4	5	0	-9.80999999998038000031	-1.96199999999869202382e-05	0	-9.81000041959707921781	-1.9620000789678038246e-05	0	-9.81000041961669921875	-1.96200016944203525782e-05	1.12103877145985365674e-44	3.7422324531405832769e-05	7.48446488736225580947e-11	9.81000041961669921875	9.81000041963631922142
x_positive_double_default_minus_q_near	original	2	-40	6	17	0	-9.80999999998038000031	-1.96199999999869202382e-05	0	-9.81000041959707921781	-1.9620000789678038246e-05	0	-9.81000041961669921875	-1.96200016944203525782e-05	1.12103877145985365674e-44	3.7422324531405832769e-05	7.48446488736225580947e-11	9.81000041961669921875	9.81000041963631922142
x_positive_double_default_minus_q_near	original	3	120	-80	10	0	-9.80999999998038000031	-1.96199999999869202382e-05	0	-9.81000041959707921781	-1.9620000789678038246e-05	0	-9.81000041961669921875	-1.96200016944203525782e-05	1.12103877145985365674e-44	3.7422324531405832769e-05	7.48446488736225580947e-11	9.81000041961669921875	9.81000041963631922142
x_positive_double_default_minus_q_near	original	4	-100	100	-99	0	-9.80999999998038000031	-1.96199999999869202382e-05	0	-9.81000041959707921781	-1.9620000789678038246e-05	0	-9.81000041961669921875	-1.96200016944203525782e-05	1.12103877145985365674e-44	3.7422324531405832769e-05	7.48446488736225580947e-11	9.81000041961669921875	9.81000041963631922142
x_positive_double_default_minus_q_near	original	5	255	-0.125	1	0	-9.80999999998038000031	-1.96199999999869202382e-05	0	-9.81000041959707921781	-1.9620000789678038246e-05	0	-9.81000041961669921875	-1.96200016944203525782e-05	1.12103877145985365674e-44	3.7422324531405832769e-05	7.48446488736225580947e-11	9.81000041961669921875	9.81000041963631922142
x_positive_double_default_minus_q_near	roundtrip	0	0	0	0	0	-9.80999999998038000031	-1.96199999999869202382e-05	0	-9.81000041959707921781	-1.9620000789678038246e-05	0	-9.81000041961669921875	-1.96200016944203525782e-05	1.12103877145985365674e-44	3.7422324531405832769e-05	7.48446488736225580947e-11	9.81000041961669921875	9.81000041963631922142
x_positive_double_default_minus_q_near	roundtrip	1	3	4	5	0	-9.80999999998038000031	-1.96199999999869202382e-05	0	-9.81000041959707921781	-1.9620000789678038246e-05	0	-9.81000041961669921875	-1.96200016944203525782e-05	1.12103877145985365674e-44	3.7422324531405832769e-05	7.48446488736225580947e-11	9.81000041961669921875	9.81000041963631922142
x_positive_double_default_minus_q_near	roundtrip	2	-40	6	17	0	-9.80999999998038000031	-1.96199999999869202382e-05	0	-9.81000041959707921781	-1.9620000789678038246e-05	0	-9.81000041961669921875	-1.96200016944203525782e-05	1.12103877145985365674e-44	3.7422324531405832769e-05	7.48446488736225580947e-11	9.81000041961669921875	9.81000041963631922142
x_positive_double_default_minus_q_near	roundtrip	3	120	-80	10	0	-9.80999999998038000031	-1.96199999999869202382e-05	0	-9.81000041959707921781	-1.9620000789678038246e-05	0	-9.81000041961669921875	-1.96200016944203525782e-05	1.12103877145985365674e-44	3.7422324531405832769e-05	7.48446488736225580947e-11	9.81000041961669921875	9.81000041963631922142
x_positive_double_default_minus_q_near	roundtrip	4	-100	100	-99	0	-9.80999999998038000031	-1.96199999999869202382e-05	0	-9.81000041959707921781	-1.9620000789678038246e-05	0	-9.81000041961669921875	-1.96200016944203525782e-05	1.12103877145985365674e-44	3.7422324531405832769e-05	7.48446488736225580947e-11	9.81000041961669921875	9.81000041963631922142
x_positive_double_default_minus_q_near	roundtrip	5	255	-0.125	1	0	-9.80999999998038000031	-1.96199999999869202382e-05	0	-9.81000041959707921781	-1.9620000789678038246e-05	0	-9.81000041961669921875	-1.96200016944203525782e-05	1.12103877145985365674e-44	3.7422324531405832769e-05	7.48446488736225580947e-11	9.81000041961669921875	9.81000041963631922142
x_positive_double_default_minus_q_far	original	0	0	0	0	0	-9.80999999998038000031	-1.96199999999869202382e-05	0	-9.81000041959707921781	-1.9620000789678038246e-05	0	-9.81000041961669921875	-1.96200016944203525782e-05	1.12103877145985365674e-44	3.7422324531405832769e-05	7.48446488736225580947e-11	9.81000041961669921875	9.81000041963631922142
x_positive_double_default_minus_q_far	original	1	3	4	5	0	-9.80999999998038000031	-1.96199999999869202382e-05	0	-9.81000041959707921781	-1.9620000789678038246e-05	0	-9.81000041961669921875	-1.96200016944203525782e-05	1.12103877145985365674e-44	3.7422324531405832769e-05	7.48446488736225580947e-11	9.81000041961669921875	9.81000041963631922142
x_positive_double_default_minus_q_far	original	2	-40	6	17	0	-9.80999999998038000031	-1.96199999999869202382e-05	0	-9.81000041959707921781	-1.9620000789678038246e-05	0	-9.81000041961669921875	-1.96200016944203525782e-05	1.12103877145985365674e-44	3.7422324531405832769e-05	7.48446488736225580947e-11	9.81000041961669921875	9.81000041963631922142
x_positive_double_default_minus_q_far	original	3	120	-80	10	0	-9.80999999998038000031	-1.96199999999869202382e-05	0	-9.81000041959707921781	-1.9620000789678038246e-05	0	-9.81000041961669921875	-1.96200016944203525782e-05	1.12103877145985365674e-44	3.7422324531405832769e-05	7.48446488736225580947e-11	9.81000041961669921875	9.81000041963631922142
x_positive_double_default_minus_q_far	original	4	-100	100	-99	0	-9.80999999998038000031	-1.96199999999869202382e-05	0	-9.81000041959707921781	-1.9620000789678038246e-05	0	-9.81000041961669921875	-1.96200016944203525782e-05	1.12103877145985365674e-44	3.7422324531405832769e-05	7.48446488736225580947e-11	9.81000041961669921875	9.81000041963631922142
x_positive_double_default_minus_q_far	original	5	255	-0.125	1	0	-9.80999999998038000031	-1.96199999999869202382e-05	0	-9.81000041959707921781	-1.9620000789678038246e-05	0	-9.81000041961669921875	-1.96200016944203525782e-05	1.12103877145985365674e-44	3.7422324531405832769e-05	7.48446488736225580947e-11	9.81000041961669921875	9.81000041963631922142
x_positive_double_default_minus_q_far	roundtrip	0	0	0	0	0	-9.80999999998038000031	-1.96199999999869202382e-05	0	-9.81000041959707921781	-1.9620000789678038246e-05	0	-9.81000041961669921875	-1.96200016944203525782e-05	1.12103877145985365674e-44	3.7422324531405832769e-05	7.48446488736225580947e-11	9.81000041961669921875	9.81000041963631922142
x_positive_double_default_minus_q_far	roundtrip	1	3	4	5	0	-9.80999999998038000031	-1.96199999999869202382e-05	0	-9.81000041959707921781	-1.9620000789678038246e-05	0	-9.81000041961669921875	-1.96200016944203525782e-05	1.12103877145985365674e-44	3.7422324531405832769e-05	7.48446488736225580947e-11	9.81000041961669921875	9.81000041963631922142
x_positive_double_default_minus_q_far	roundtrip	2	-40	6	17	0	-9.80999999998038000031	-1.96199999999869202382e-05	0	-9.81000041959707921781	-1.9620000789678038246e-05	0	-9.81000041961669921875	-1.96200016944203525782e-05	1.12103877145985365674e-44	3.7422324531405832769e-05	7.48446488736225580947e-11	9.81000041961669921875	9.81000041963631922142
x_positive_double_default_minus_q_far	roundtrip	3	120	-80	10	0	-9.80999999998038000031	-1.96199999999869202382e-05	0	-9.81000041959707921781	-1.9620000789678038246e-05	0	-9.81000041961669921875	-1.96200016944203525782e-05	1.12103877145985365674e-44	3.7422324531405832769e-05	7.48446488736225580947e-11	9.81000041961669921875	9.81000041963631922142
x_positive_double_default_minus_q_far	roundtrip	4	-100	100	-99	0	-9.80999999998038000031	-1.96199999999869202382e-05	0	-9.81000041959707921781	-1.9620000789678038246e-05	0	-9.81000041961669921875	-1.96200016944203525782e-05	1.12103877145985365674e-44	3.7422324531405832769e-05	7.48446488736225580947e-11	9.81000041961669921875	9.81000041963631922142
x_positive_double_default_minus_q_far	roundtrip	5	255	-0.125	1	0	-9.80999999998038000031	-1.96199999999869202382e-05	0	-9.81000041959707921781	-1.9620000789678038246e-05	0	-9.81000041961669921875	-1.96200016944203525782e-05	1.12103877145985365674e-44	3.7422324531405832769e-05	7.48446488736225580947e-11	9.81000041961669921875	9.81000041963631922142
x_negative_double_default_q_near	original	0	0	0	0	-0	-9.80999999998038000031	1.96199999999869202382e-05	-0	-9.81000041959707921781	1.9620000789678038246e-05	0	-9.81000041961669921875	1.96200016944203525782e-05	1.12103877145985365674e-44	3.7422324531405832769e-05	7.48446488736225580947e-11	9.81000041961669921875	9.81000041963631922142
x_negative_double_default_q_near	original	1	3	4	5	-0	-9.80999999998038000031	1.96199999999869202382e-05	-0	-9.81000041959707921781	1.9620000789678038246e-05	0	-9.81000041961669921875	1.96200016944203525782e-05	1.12103877145985365674e-44	3.7422324531405832769e-05	7.48446488736225580947e-11	9.81000041961669921875	9.81000041963631922142
x_negative_double_default_q_near	original	2	-40	6	17	-0	-9.80999999998038000031	1.96199999999869202382e-05	-0	-9.81000041959707921781	1.9620000789678038246e-05	0	-9.81000041961669921875	1.96200016944203525782e-05	1.12103877145985365674e-44	3.7422324531405832769e-05	7.48446488736225580947e-11	9.81000041961669921875	9.81000041963631922142
x_negative_double_default_q_near	original	3	120	-80	10	-0	-9.80999999998038000031	1.96199999999869202382e-05	-0	-9.81000041959707921781	1.9620000789678038246e-05	0	-9.81000041961669921875	1.96200016944203525782e-05	1.12103877145985365674e-44	3.7422324531405832769e-05	7.48446488736225580947e-11	9.81000041961669921875	9.81000041963631922142
x_negative_double_default_q_near	original	4	-100	100	-99	-0	-9.80999999998038000031	1.96199999999869202382e-05	-0	-9.81000041959707921781	1.9620000789678038246e-05	0	-9.81000041961669921875	1.96200016944203525782e-05	1.12103877145985365674e-44	3.7422324531405832769e-05	7.48446488736225580947e-11	9.81000041961669921875	9.81000041963631922142
x_negative_double_default_q_near	original	5	255	-0.125	1	-0	-9.80999999998038000031	1.96199999999869202382e-05	-0	-9.81000041959707921781	1.9620000789678038246e-05	0	-9.81000041961669921875	1.96200016944203525782e-05	1.12103877145985365674e-44	3.7422324531405832769e-05	7.48446488736225580947e-11	9.81000041961669921875	9.81000041963631922142
x_negative_double_default_q_near	roundtrip	0	0	0	0	-0	-9.80999999998038000031	1.96199999999869202382e-05	-0	-9.81000041959707921781	1.9620000789678038246e-05	0	-9.81000041961669921875	1.96200016944203525782e-05	1.12103877145985365674e-44	3.7422324531405832769e-05	7.48446488736225580947e-11	9.81000041961669921875	9.81000041963631922142
x_negative_double_default_q_near	roundtrip	1	3	4	5	-0	-9.80999999998038000031	1.96199999999869202382e-05	-0	-9.81000041959707921781	1.9620000789678038246e-05	0	-9.81000041961669921875	1.96200016944203525782e-05	1.12103877145985365674e-44	3.7422324531405832769e-05	7.48446488736225580947e-11	9.81000041961669921875	9.81000041963631922142
x_negative_double_default_q_near	roundtrip	2	-40	6	17	-0	-9.80999999998038000031	1.96199999999869202382e-05	-0	-9.81000041959707921781	1.9620000789678038246e-05	0	-9.81000041961669921875	1.96200016944203525782e-05	1.12103877145985365674e-44	3.7422324531405832769e-05	7.48446488736225580947e-11	9.81000041961669921875	9.81000041963631922142
x_negative_double_default_q_near	roundtrip	3	120	-80	10	-0	-9.80999999998038000031	1.96199999999869202382e-05	-0	-9.81000041959707921781	1.9620000789678038246e-05	0	-9.81000041961669921875	1.96200016944203525782e-05	1.12103877145985365674e-44	3.7422324531405832769e-05	7.48446488736225580947e-11	9.81000041961669921875	9.81000041963631922142
x_negative_double_default_q_near	roundtrip	4	-100	100	-99	-0	-9.80999999998038000031	1.96199999999869202382e-05	-0	-9.81000041959707921781	1.9620000789678038246e-05	0	-9.81000041961669921875	1.96200016944203525782e-05	1.12103877145985365674e-44	3.7422324531405832769e-05	7.48446488736225580947e-11	9.81000041961669921875	9.81000041963631922142
x_negative_double_default_q_near	roundtrip	5	255	-0.125	1	-0	-9.80999999998038000031	1.96199999999869202382e-05	-0	-9.81000041959707921781	1.9620000789678038246e-05	0	-9.81000041961669921875	1.96200016944203525782e-05	1.12103877145985365674e-44	3.7422324531405832769e-05	7.48446488736225580947e-11	9.81000041961669921875	9.81000041963631922142
x_negative_double_default_q_far	original	0	0	0	0	-0	-9.80999999998038000031	1.96199999999869202382e-05	-0	-9.81000041959707921781	1.9620000789678038246e-05	0	-9.81000041961669921875	1.96200016944203525782e-05	1.12103877145985365674e-44	3.7422324531405832769e-05	7.48446488736225580947e-11	9.81000041961669921875	9.81000041963631922142
x_negative_double_default_q_far	original	1	3	4	5	-0	-9.80999999998038000031	1.96199999999869202382e-05	-0	-9.81000041959707921781	1.9620000789678038246e-05	0	-9.81000041961669921875	1.96200016944203525782e-05	1.12103877145985365674e-44	3.7422324531405832769e-05	7.48446488736225580947e-11	9.81000041961669921875	9.81000041963631922142
x_negative_double_default_q_far	original	2	-40	6	17	-0	-9.80999999998038000031	1.96199999999869202382e-05	-0	-9.81000041959707921781	1.9620000789678038246e-05	0	-9.81000041961669921875	1.96200016944203525782e-05	1.12103877145985365674e-44	3.7422324531405832769e-05	7.48446488736225580947e-11	9.81000041961669921875	9.81000041963631922142
x_negative_double_default_q_far	original	3	120	-80	10	-0	-9.80999999998038000031	1.96199999999869202382e-05	-0	-9.81000041959707921781	1.9620000789678038246e-05	0	-9.81000041961669921875	1.96200016944203525782e-05	1.12103877145985365674e-44	3.7422324531405832769e-05	7.48446488736225580947e-11	9.81000041961669921875	9.81000041963631922142
x_negative_double_default_q_far	original	4	-100	100	-99	-0	-9.80999999998038000031	1.96199999999869202382e-05	-0	-9.81000041959707921781	1.9620000789678038246e-05	0	-9.81000041961669921875	1.96200016944203525782e-05	1.12103877145985365674e-44	3.7422324531405832769e-05	7.48446488736225580947e-11	9.81000041961669921875	9.81000041963631922142
x_negative_double_default_q_far	original	5	255	-0.125	1	-0	-9.80999999998038000031	1.96199999999869202382e-05	-0	-9.81000041959707921781	1.9620000789678038246e-05	0	-9.81000041961669921875	1.96200016944203525782e-05	1.12103877145985365674e-44	3.7422324531405832769e-05	7.48446488736225580947e-11	9.81000041961669921875	9.81000041963631922142
x_negative_double_default_q_far	roundtrip	0	0	0	0	-0	-9.80999999998038000031	1.96199999999869202382e-05	-0	-9.81000041959707921781	1.9620000789678038246e-05	0	-9.81000041961669921875	1.96200016944203525782e-05	1.12103877145985365674e-44	3.7422324531405832769e-05	7.48446488736225580947e-11	9.81000041961669921875	9.81000041963631922142
x_negative_double_default_q_far	roundtrip	1	3	4	5	-0	-9.80999999998038000031	1.96199999999869202382e-05	-0	-9.81000041959707921781	1.9620000789678038246e-05	0	-9.81000041961669921875	1.96200016944203525782e-05	1.12103877145985365674e-44	3.7422324531405832769e-05	7.48446488736225580947e-11	9.81000041961669921875	9.81000041963631922142
x_negative_double_default_q_far	roundtrip	2	-40	6	17	-0	-9.80999999998038000031	1.96199999999869202382e-05	-0	-9.81000041959707921781	1.9620000789678038246e-05	0	-9.81000041961669921875	1.96200016944203525782e-05	1.12103877145985365674e-44	3.7422324531405832769e-05	7.48446488736225580947e-11	9.81000041961669921875	9.81000041963631922142
x_negative_double_default_q_far	roundtrip	3	120	-80	10	-0	-9.80999999998038000031	1.96199999999869202382e-05	-0	-9.81000041959707921781	1.9620000789678038246e-05	0	-9.81000041961669921875	1.96200016944203525782e-05	1.12103877145985365674e-44	3.7422324531405832769e-05	7.48446488736225580947e-11	9.81000041961669921875	9.81000041963631922142
x_negative_double_default_q_far	roundtrip	4	-100	100	-99	-0	-9.80999999998038000031	1.96199999999869202382e-05	-0	-9.81000041959707921781	1.9620000789678038246e-05	0	-9.81000041961669921875	1.96200016944203525782e-05	1.12103877145985365674e-44	3.7422324531405832769e-05	7.48446488736225580947e-11	9.81000041961669921875	9.81000041963631922142
x_negative_double_default_q_far	roundtrip	5	255	-0.125	1	-0	-9.80999999998038000031	1.96199999999869202382e-05	-0	-9.81000041959707921781	1.9620000789678038246e-05	0	-9.81000041961669921875	1.96200016944203525782e-05	1.12103877145985365674e-44	3.7422324531405832769e-05	7.48446488736225580947e-11	9.81000041961669921875	9.81000041963631922142
x_negative_double_default_minus_q_near	original	0	0	0	0	-0	-9.80999999998038000031	1.96199999999869202382e-05	-0	-9.81000041959707921781	1.9620000789678038246e-05	0	-9.81000041961669921875	1.96200016944203525782e-05	1.12103877145985365674e-44	3.7422324531405832769e-05	7.48446488736225580947e-11	9.81000041961669921875	9.81000041963631922142
x_negative_double_default_minus_q_near	original	1	3	4	5	-0	-9.80999999998038000031	1.96199999999869202382e-05	-0	-9.81000041959707921781	1.9620000789678038246e-05	0	-9.81000041961669921875	1.96200016944203525782e-05	1.12103877145985365674e-44	3.7422324531405832769e-05	7.48446488736225580947e-11	9.81000041961669921875	9.81000041963631922142
x_negative_double_default_minus_q_near	original	2	-40	6	17	-0	-9.80999999998038000031	1.96199999999869202382e-05	-0	-9.81000041959707921781	1.9620000789678038246e-05	0	-9.81000041961669921875	1.96200016944203525782e-05	1.12103877145985365674e-44	3.7422324531405832769e-05	7.48446488736225580947e-11	9.81000041961669921875	9.81000041963631922142
x_negative_double_default_minus_q_near	original	3	120	-80	10	-0	-9.80999999998038000031	1.96199999999869202382e-05	-0	-9.81000041959707921781	1.9620000789678038246e-05	0	-9.81000041961669921875	1.96200016944203525782e-05	1.12103877145985365674e-44	3.7422324531405832769e-05	7.48446488736225580947e-11	9.81000041961669921875	9.81000041963631922142
x_negative_double_default_minus_q_near	original	4	-100	100	-99	-0	-9.80999999998038000031	1.96199999999869202382e-05	-0	-9.81000041959707921781	1.9620000789678038246e-05	0	-9.81000041961669921875	1.96200016944203525782e-05	1.12103877145985365674e-44	3.7422324531405832769e-05	7.48446488736225580947e-11	9.81000041961669921875	9.81000041963631922142
x_negative_double_default_minus_q_near	original	5	255	-0.125	1	-0	-9.80999999998038000031	1.96199999999869202382e-05	-0	-9.81000041959707921781	1.9620000789678038246e-05	0	-9.81000041961669921875	1.96200016944203525782e-05	1.12103877145985365674e-44	3.7422324531405832769e-05	7.48446488736225580947e-11	9.81000041961669921875	9.81000041963631922142
x_negative_double_default_minus_q_near	roundtrip	0	0	0	0	-0	-9.80999999998038000031	1.96199999999869202382e-05	-0	-9.81000041959707921781	1.9620000789678038246e-05	0	-9.81000041961669921875	1.96200016944203525782e-05	1.12103877145985365674e-44	3.7422324531405832769e-05	7.48446488736225580947e-11	9.81000041961669921875	9.81000041963631922142
x_negative_double_default_minus_q_near	roundtrip	1	3	4	5	-0	-9.80999999998038000031	1.96199999999869202382e-05	-0	-9.81000041959707921781	1.9620000789678038246e-05	0	-9.81000041961669921875	1.96200016944203525782e-05	1.12103877145985365674e-44	3.7422324531405832769e-05	7.48446488736225580947e-11	9.81000041961669921875	9.81000041963631922142
x_negative_double_default_minus_q_near	roundtrip	2	-40	6	17	-0	-9.80999999998038000031	1.96199999999869202382e-05	-0	-9.81000041959707921781	1.9620000789678038246e-05	0	-9.81000041961669921875	1.96200016944203525782e-05	1.12103877145985365674e-44	3.7422324531405832769e-05	7.48446488736225580947e-11	9.81000041961669921875	9.81000041963631922142
x_negative_double_default_minus_q_near	roundtrip	3	120	-80	10	-0	-9.80999999998038000031	1.96199999999869202382e-05	-0	-9.81000041959707921781	1.9620000789678038246e-05	0	-9.81000041961669921875	1.96200016944203525782e-05	1.12103877145985365674e-44	3.7422324531405832769e-05	7.48446488736225580947e-11	9.81000041961669921875	9.81000041963631922142
x_negative_double_default_minus_q_near	roundtrip	4	-100	100	-99	-0	-9.80999999998038000031	1.96199999999869202382e-05	-0	-9.81000041959707921781	1.9620000789678038246e-05	0	-9.81000041961669921875	1.96200016944203525782e-05	1.12103877145985365674e-44	3.7422324531405832769e-05	7.48446488736225580947e-11	9.81000041961669921875	9.81000041963631922142
x_negative_double_default_minus_q_near	roundtrip	5	255	-0.125	1	-0	-9.80999999998038000031	1.96199999999869202382e-05	-0	-9.81000041959707921781	1.9620000789678038246e-05	0	-9.81000041961669921875	1.96200016944203525782e-05	1.12103877145985365674e-44	3.7422324531405832769e-05	7.48446488736225580947e-11	9.81000041961669921875	9.81000041963631922142
x_negative_double_default_minus_q_far	original	0	0	0	0	-0	-9.80999999998038000031	1.96199999999869202382e-05	-0	-9.81000041959707921781	1.9620000789678038246e-05	0	-9.81000041961669921875	1.96200016944203525782e-05	1.12103877145985365674e-44	3.7422324531405832769e-05	7.48446488736225580947e-11	9.81000041961669921875	9.81000041963631922142
x_negative_double_default_minus_q_far	original	1	3	4	5	-0	-9.80999999998038000031	1.96199999999869202382e-05	-0	-9.81000041959707921781	1.9620000789678038246e-05	0	-9.81000041961669921875	1.96200016944203525782e-05	1.12103877145985365674e-44	3.7422324531405832769e-05	7.48446488736225580947e-11	9.81000041961669921875	9.81000041963631922142
x_negative_double_default_minus_q_far	original	2	-40	6	17	-0	-9.80999999998038000031	1.96199999999869202382e-05	-0	-9.81000041959707921781	1.9620000789678038246e-05	0	-9.81000041961669921875	1.96200016944203525782e-05	1.12103877145985365674e-44	3.7422324531405832769e-05	7.48446488736225580947e-11	9.81000041961669921875	9.81000041963631922142
x_negative_double_default_minus_q_far	original	3	120	-80	10	-0	-9.80999999998038000031	1.96199999999869202382e-05	-0	-9.81000041959707921781	1.9620000789678038246e-05	0	-9.81000041961669921875	1.96200016944203525782e-05	1.12103877145985365674e-44	3.7422324531405832769e-05	7.48446488736225580947e-11	9.81000041961669921875	9.81000041963631922142
x_negative_double_default_minus_q_far	original	4	-100	100	-99	-0	-9.80999999998038000031	1.96199999999869202382e-05	-0	-9.81000041959707921781	1.9620000789678038246e-05	0	-9.81000041961669921875	1.96200016944203525782e-05	1.12103877145985365674e-44	3.7422324531405832769e-05	7.48446488736225580947e-11	9.81000041961669921875	9.81000041963631922142
x_negative_double_default_minus_q_far	original	5	255	-0.125	1	-0	-9.80999999998038000031	1.96199999999869202382e-05	-0	-9.81000041959707921781	1.9620000789678038246e-05	0	-9.81000041961669921875	1.96200016944203525782e-05	1.12103877145985365674e-44	3.7422324531405832769e-05	7.48446488736225580947e-11	9.81000041961669921875	9.81000041963631922142
x_negative_double_default_minus_q_far	roundtrip	0	0	0	0	-0	-9.80999999998038000031	1.96199999999869202382e-05	-0	-9.81000041959707921781	1.9620000789678038246e-05	0	-9.81000041961669921875	1.96200016944203525782e-05	1.12103877145985365674e-44	3.7422324531405832769e-05	7.48446488736225580947e-11	9.81000041961669921875	9.81000041963631922142
x_negative_double_default_minus_q_far	roundtrip	1	3	4	5	-0	-9.80999999998038000031	1.96199999999869202382e-05	-0	-9.81000041959707921781	1.9620000789678038246e-05	0	-9.81000041961669921875	1.96200016944203525782e-05	1.12103877145985365674e-44	3.7422324531405832769e-05	7.48446488736225580947e-11	9.81000041961669921875	9.81000041963631922142
x_negative_double_default_minus_q_far	roundtrip	2	-40	6	17	-0	-9.80999999998038000031	1.96199999999869202382e-05	-0	-9.81000041959707921781	1.9620000789678038246e-05	0	-9.81000041961669921875	1.96200016944203525782e-05	1.12103877145985365674e-44	3.7422324531405832769e-05	7.48446488736225580947e-11	9.81000041961669921875	9.81000041963631922142
x_negative_double_default_minus_q_far	roundtrip	3	120	-80	10	-0	-9.80999999998038000031	1.96199999999869202382e-05	-0	-9.81000041959707921781	1.9620000789678038246e-05	0	-9.81000041961669921875	1.96200016944203525782e-05	1.12103877145985365674e-44	3.7422324531405832769e-05	7.48446488736225580947e-11	9.81000041961669921875	9.81000041963631922142
x_negative_double_default_minus_q_far	roundtrip	4	-100	100	-99	-0	-9.80999999998038000031	1.96199999999869202382e-05	-0	-9.81000041959707921781	1.9620000789678038246e-05	0	-9.81000041961669921875	1.96200016944203525782e-05	1.12103877145985365674e-44	3.7422324531405832769e-05	7.48446488736225580947e-11	9.81000041961669921875	9.81000041963631922142
x_negative_double_default_minus_q_far	roundtrip	5	255	-0.125	1	-0	-9.80999999998038000031	1.96199999999869202382e-05	-0	-9.81000041959707921781	1.9620000789678038246e-05	0	-9.81000041961669921875	1.96200016944203525782e-05	1.12103877145985365674e-44	3.7422324531405832769e-05	7.48446488736225580947e-11	9.81000041961669921875	9.81000041963631922142
z_positive_half_previous_q_near	original	0	0	0	0	4.90499973297098674934e-06	-9.8099994659411565625	-0	4.90499972058695099993e-06	-9.8099994659411565625	-0	4.90499951411038637161e-06	-9.8099994659423828125	0	1.87111603994268433642e-11	3.74223208933429809772e-05	1.12103877145985365674e-44	9.8099994659423828125	9.8099994659436090625
z_positive_half_previous_q_near	original	1	3	4	5	4.90499973297098674934e-06	-9.8099994659411565625	-0	4.90499972058695099993e-06	-9.8099994659411565625	-0	4.90499951411038637161e-06	-9.8099994659423828125	0	1.87111603994268433642e-11	3.74223208933429809772e-05	1.12103877145985365674e-44	9.8099994659423828125	9.8099994659436090625
z_positive_half_previous_q_near	original	2	-40	6	17	4.90499973297098674934e-06	-9.8099994659411565625	-0	4.90499972058695099993e-06	-9.8099994659411565625	-0	4.90499951411038637161e-06	-9.8099994659423828125	0	1.87111603994268433642e-11	3.74223208933429809772e-05	1.12103877145985365674e-44	9.8099994659423828125	9.8099994659436090625
z_positive_half_previous_q_near	original	3	120	-80	10	4.90499973297098674934e-06	-9.8099994659411565625	-0	4.90499972058695099993e-06	-9.8099994659411565625	-0	4.90499951411038637161e-06	-9.8099994659423828125	0	1.87111603994268433642e-11	3.74223208933429809772e-05	1.12103877145985365674e-44	9.8099994659423828125	9.8099994659436090625
z_positive_half_previous_q_near	original	4	-100	100	-99	4.90499973297098674934e-06	-9.8099994659411565625	-0	4.90499972058695099993e-06	-9.8099994659411565625	-0	4.90499951411038637161e-06	-9.8099994659423828125	0	1.87111603994268433642e-11	3.74223208933429809772e-05	1.12103877145985365674e-44	9.8099994659423828125	9.8099994659436090625
z_positive_half_previous_q_near	original	5	255	-0.125	1	4.90499973297098674934e-06	-9.8099994659411565625	-0	4.90499972058695099993e-06	-9.8099994659411565625	-0	4.90499951411038637161e-06	-9.8099994659423828125	0	1.87111603994268433642e-11	3.74223208933429809772e-05	1.12103877145985365674e-44	9.8099994659423828125	9.8099994659436090625
z_positive_half_previous_q_near	roundtrip	0	0	0	0	4.90499973297098674934e-06	-9.8099994659411565625	-0	4.90499972058695099993e-06	-9.8099994659411565625	-0	4.90499951411038637161e-06	-9.8099994659423828125	0	1.87111603994268433642e-11	3.74223208933429809772e-05	1.12103877145985365674e-44	9.8099994659423828125	9.8099994659436090625
z_positive_half_previous_q_near	roundtrip	1	3	4	5	4.90499973297098674934e-06	-9.8099994659411565625	-0	4.90499972058695099993e-06	-9.8099994659411565625	-0	4.90499951411038637161e-06	-9.8099994659423828125	0	1.87111603994268433642e-11	3.74223208933429809772e-05	1.12103877145985365674e-44	9.8099994659423828125	9.8099994659436090625
z_positive_half_previous_q_near	roundtrip	2	-40	6	17	4.90499973297098674934e-06	-9.8099994659411565625	-0	4.90499972058695099993e-06	-9.8099994659411565625	-0	4.90499951411038637161e-06	-9.8099994659423828125	0	1.87111603994268433642e-11	3.74223208933429809772e-05	1.12103877145985365674e-44	9.8099994659423828125	9.8099994659436090625
z_positive_half_previous_q_near	roundtrip	3	120	-80	10	4.90499973297098674934e-06	-9.8099994659411565625	-0	4.90499972058695099993e-06	-9.8099994659411565625	-0	4.90499951411038637161e-06	-9.8099994659423828125	0	1.87111603994268433642e-11	3.74223208933429809772e-05	1.12103877145985365674e-44	9.8099994659423828125	9.8099994659436090625
z_positive_half_previous_q_near	roundtrip	4	-100	100	-99	4.90499973297098674934e-06	-9.8099994659411565625	-0	4.90499972058695099993e-06	-9.8099994659411565625	-0	4.90499951411038637161e-06	-9.8099994659423828125	0	1.87111603994268433642e-11	3.74223208933429809772e-05	1.12103877145985365674e-44	9.8099994659423828125	9.8099994659436090625
z_positive_half_previous_q_near	roundtrip	5	255	-0.125	1	4.90499973297098674934e-06	-9.8099994659411565625	-0	4.90499972058695099993e-06	-9.8099994659411565625	-0	4.90499951411038637161e-06	-9.8099994659423828125	0	1.87111603994268433642e-11	3.74223208933429809772e-05	1.12103877145985365674e-44	9.8099994659423828125	9.8099994659436090625
z_positive_half_previous_q_far	original	0	0	0	0	4.90499973297098674934e-06	-9.8099994659411565625	-0	4.90499972058695099993e-06	-9.8099994659411565625	-0	4.90499951411038637161e-06	-9.8099994659423828125	0	1.87111603994268433642e-11	3.74223208933429809772e-05	1.12103877145985365674e-44	9.8099994659423828125	9.8099994659436090625
z_positive_half_previous_q_far	original	1	3	4	5	4.90499973297098674934e-06	-9.8099994659411565625	-0	4.90499972058695099993e-06	-9.8099994659411565625	-0	4.90499951411038637161e-06	-9.8099994659423828125	0	1.87111603994268433642e-11	3.74223208933429809772e-05	1.12103877145985365674e-44	9.8099994659423828125	9.8099994659436090625
z_positive_half_previous_q_far	original	2	-40	6	17	4.90499973297098674934e-06	-9.8099994659411565625	-0	4.90499972058695099993e-06	-9.8099994659411565625	-0	4.90499951411038637161e-06	-9.8099994659423828125	0	1.87111603994268433642e-11	3.74223208933429809772e-05	1.12103877145985365674e-44	9.8099994659423828125	9.8099994659436090625
z_positive_half_previous_q_far	original	3	120	-80	10	4.90499973297098674934e-06	-9.8099994659411565625	-0	4.90499972058695099993e-06	-9.8099994659411565625	-0	4.90499951411038637161e-06	-9.8099994659423828125	0	1.87111603994268433642e-11	3.74223208933429809772e-05	1.12103877145985365674e-44	9.8099994659423828125	9.8099994659436090625
z_positive_half_previous_q_far	original	4	-100	100	-99	4.90499973297098674934e-06	-9.8099994659411565625	-0	4.90499972058695099993e-06	-9.8099994659411565625	-0	4.90499951411038637161e-06	-9.8099994659423828125	0	1.87111603994268433642e-11	3.74223208933429809772e-05	1.12103877145985365674e-44	9.8099994659423828125	9.8099994659436090625
z_positive_half_previous_q_far	original	5	255	-0.125	1	4.90499973297098674934e-06	-9.8099994659411565625	-0	4.90499972058695099993e-06	-9.8099994659411565625	-0	4.90499951411038637161e-06	-9.8099994659423828125	0	1.87111603994268433642e-11	3.74223208933429809772e-05	1.12103877145985365674e-44	9.8099994659423828125	9.8099994659436090625
z_positive_half_previous_q_far	roundtrip	0	0	0	0	4.90499973297098674934e-06	-9.8099994659411565625	-0	4.90499972058695099993e-06	-9.8099994659411565625	-0	4.90499951411038637161e-06	-9.8099994659423828125	0	1.87111603994268433642e-11	3.74223208933429809772e-05	1.12103877145985365674e-44	9.8099994659423828125	9.8099994659436090625
z_positive_half_previous_q_far	roundtrip	1	3	4	5	4.90499973297098674934e-06	-9.8099994659411565625	-0	4.90499972058695099993e-06	-9.8099994659411565625	-0	4.90499951411038637161e-06	-9.8099994659423828125	0	1.87111603994268433642e-11	3.74223208933429809772e-05	1.12103877145985365674e-44	9.8099994659423828125	9.8099994659436090625
z_positive_half_previous_q_far	roundtrip	2	-40	6	17	4.90499973297098674934e-06	-9.8099994659411565625	-0	4.90499972058695099993e-06	-9.8099994659411565625	-0	4.90499951411038637161e-06	-9.8099994659423828125	0	1.87111603994268433642e-11	3.74223208933429809772e-05	1.12103877145985365674e-44	9.8099994659423828125	9.8099994659436090625
z_positive_half_previous_q_far	roundtrip	3	120	-80	10	4.90499973297098674934e-06	-9.8099994659411565625	-0	4.90499972058695099993e-06	-9.8099994659411565625	-0	4.90499951411038637161e-06	-9.8099994659423828125	0	1.87111603994268433642e-11	3.74223208933429809772e-05	1.12103877145985365674e-44	9.8099994659423828125	9.8099994659436090625
z_positive_half_previous_q_far	roundtrip	4	-100	100	-99	4.90499973297098674934e-06	-9.8099994659411565625	-0	4.90499972058695099993e-06	-9.8099994659411565625	-0	4.90499951411038637161e-06	-9.8099994659423828125	0	1.87111603994268433642e-11	3.74223208933429809772e-05	1.12103877145985365674e-44	9.8099994659423828125	9.8099994659436090625
z_positive_half_previous_q_far	roundtrip	5	255	-0.125	1	4.90499973297098674934e-06	-9.8099994659411565625	-0	4.90499972058695099993e-06	-9.8099994659411565625	-0	4.90499951411038637161e-06	-9.8099994659423828125	0	1.87111603994268433642e-11	3.74223208933429809772e-05	1.12103877145985365674e-44	9.8099994659423828125	9.8099994659436090625
z_positive_half_previous_minus_q_near	original	0	0	0	0	4.90499973297098674934e-06	-9.8099994659411565625	-0	4.90499972058695099993e-06	-9.8099994659411565625	-0	4.90499951411038637161e-06	-9.8099994659423828125	0	1.87111603994268433642e-11	3.74223208933429809772e-05	1.12103877145985365674e-44	9.8099994659423828125	9.8099994659436090625
z_positive_half_previous_minus_q_near	original	1	3	4	5	4.90499973297098674934e-06	-9.8099994659411565625	-0	4.90499972058695099993e-06	-9.8099994659411565625	-0	4.90499951411038637161e-06	-9.8099994659423828125	0	1.87111603994268433642e-11	3.74223208933429809772e-05	1.12103877145985365674e-44	9.8099994659423828125	9.8099994659436090625
z_positive_half_previous_minus_q_near	original	2	-40	6	17	4.90499973297098674934e-06	-9.8099994659411565625	-0	4.90499972058695099993e-06	-9.8099994659411565625	-0	4.90499951411038637161e-06	-9.8099994659423828125	0	1.87111603994268433642e-11	3.74223208933429809772e-05	1.12103877145985365674e-44	9.8099994659423828125	9.8099994659436090625
z_positive_half_previous_minus_q_near	original	3	120	-80	10	4.90499973297098674934e-06	-9.8099994659411565625	-0	4.90499972058695099993e-06	-9.8099994659411565625	-0	4.90499951411038637161e-06	-9.8099994659423828125	0	1.87111603994268433642e-11	3.74223208933429809772e-05	1.12103877145985365674e-44	9.8099994659423828125	9.8099994659436090625
z_positive_half_previous_minus_q_near	original	4	-100	100	-99	4.90499973297098674934e-06	-9.8099994659411565625	-0	4.90499972058695099993e-06	-9.8099994659411565625	-0	4.90499951411038637161e-06	-9.8099994659423828125	0	1.87111603994268433642e-11	3.74223208933429809772e-05	1.12103877145985365674e-44	9.8099994659423828125	9.8099994659436090625
z_positive_half_previous_minus_q_near	original	5	255	-0.125	1	4.90499973297098674934e-06	-9.8099994659411565625	-0	4.90499972058695099993e-06	-9.8099994659411565625	-0	4.90499951411038637161e-06	-9.8099994659423828125	0	1.87111603994268433642e-11	3.74223208933429809772e-05	1.12103877145985365674e-44	9.8099994659423828125	9.8099994659436090625
z_positive_half_previous_minus_q_near	roundtrip	0	0	0	0	4.90499973297098674934e-06	-9.8099994659411565625	-0	4.90499972058695099993e-06	-9.8099994659411565625	-0	4.90499951411038637161e-06	-9.8099994659423828125	0	1.87111603994268433642e-11	3.74223208933429809772e-05	1.12103877145985365674e-44	9.8099994659423828125	9.8099994659436090625
z_positive_half_previous_minus_q_near	roundtrip	1	3	4	5	4.90499973297098674934e-06	-9.8099994659411565625	-0	4.90499972058695099993e-06	-9.8099994659411565625	-0	4.90499951411038637161e-06	-9.8099994659423828125	0	1.87111603994268433642e-11	3.74223208933429809772e-05	1.12103877145985365674e-44	9.8099994659423828125	9.8099994659436090625
z_positive_half_previous_minus_q_near	roundtrip	2	-40	6	17	4.90499973297098674934e-06	-9.8099994659411565625	-0	4.90499972058695099993e-06	-9.8099994659411565625	-0	4.90499951411038637161e-06	-9.8099994659423828125	0	1.87111603994268433642e-11	3.74223208933429809772e-05	1.12103877145985365674e-44	9.8099994659423828125	9.8099994659436090625
z_positive_half_previous_minus_q_near	roundtrip	3	120	-80	10	4.90499973297098674934e-06	-9.8099994659411565625	-0	4.90499972058695099993e-06	-9.8099994659411565625	-0	4.90499951411038637161e-06	-9.8099994659423828125	0	1.87111603994268433642e-11	3.74223208933429809772e-05	1.12103877145985365674e-44	9.8099994659423828125	9.8099994659436090625
z_positive_half_previous_minus_q_near	roundtrip	4	-100	100	-99	4.90499973297098674934e-06	-9.8099994659411565625	-0	4.90499972058695099993e-06	-9.8099994659411565625	-0	4.90499951411038637161e-06	-9.8099994659423828125	0	1.87111603994268433642e-11	3.74223208933429809772e-05	1.12103877145985365674e-44	9.8099994659423828125	9.8099994659436090625
z_positive_half_previous_minus_q_near	roundtrip	5	255	-0.125	1	4.90499973297098674934e-06	-9.8099994659411565625	-0	4.90499972058695099993e-06	-9.8099994659411565625	-0	4.90499951411038637161e-06	-9.8099994659423828125	0	1.87111603994268433642e-11	3.74223208933429809772e-05	1.12103877145985365674e-44	9.8099994659423828125	9.8099994659436090625
z_positive_half_previous_minus_q_far	original	0	0	0	0	4.90499973297098674934e-06	-9.8099994659411565625	-0	4.90499972058695099993e-06	-9.8099994659411565625	-0	4.90499951411038637161e-06	-9.8099994659423828125	0	1.87111603994268433642e-11	3.74223208933429809772e-05	1.12103877145985365674e-44	9.8099994659423828125	9.8099994659436090625
z_positive_half_previous_minus_q_far	original	1	3	4	5	4.90499973297098674934e-06	-9.8099994659411565625	-0	4.90499972058695099993e-06	-9.8099994659411565625	-0	4.90499951411038637161e-06	-9.8099994659423828125	0	1.87111603994268433642e-11	3.74223208933429809772e-05	1.12103877145985365674e-44	9.8099994659423828125	9.8099994659436090625
z_positive_half_previous_minus_q_far	original	2	-40	6	17	4.90499973297098674934e-06	-9.8099994659411565625	-0	4.90499972058695099993e-06	-9.8099994659411565625	-0	4.90499951411038637161e-06	-9.8099994659423828125	0	1.87111603994268433642e-11	3.74223208933429809772e-05	1.12103877145985365674e-44	9.8099994659423828125	9.8099994659436090625
z_positive_half_previous_minus_q_far	original	3	120	-80	10	4.90499973297098674934e-06	-9.8099994659411565625	-0	4.90499972058695099993e-06	-9.8099994659411565625	-0	4.90499951411038637161e-06	-9.8099994659423828125	0	1.87111603994268433642e-11	3.74223208933429809772e-05	1.12103877145985365674e-44	9.8099994659423828125	9.8099994659436090625
z_positive_half_previous_minus_q_far	original	4	-100	100	-99	4.90499973297098674934e-06	-9.8099994659411565625	-0	4.90499972058695099993e-06	-9.8099994659411565625	-0	4.90499951411038637161e-06	-9.8099994659423828125	0	1.87111603994268433642e-11	3.74223208933429809772e-05	1.12103877145985365674e-44	9.8099994659423828125	9.8099994659436090625
z_positive_half_previous_minus_q_far	original	5	255	-0.125	1	4.90499973297098674934e-06	-9.8099994659411565625	-0	4.90499972058695099993e-06	-9.8099994659411565625	-0	4.90499951411038637161e-06	-9.8099994659423828125	0	1.87111603994268433642e-11	3.74223208933429809772e-05	1.12103877145985365674e-44	9.8099994659423828125	9.8099994659436090625
z_positive_half_previous_minus_q_far	roundtrip	0	0	0	0	4.90499973297098674934e-06	-9.8099994659411565625	-0	4.90499972058695099993e-06	-9.8099994659411565625	-0	4.90499951411038637161e-06	-9.8099994659423828125	0	1.87111603994268433642e-11	3.74223208933429809772e-05	1.12103877145985365674e-44	9.8099994659423828125	9.8099994659436090625
z_positive_half_previous_minus_q_far	roundtrip	1	3	4	5	4.90499973297098674934e-06	-9.8099994659411565625	-0	4.90499972058695099993e-06	-9.8099994659411565625	-0	4.90499951411038637161e-06	-9.8099994659423828125	0	1.87111603994268433642e-11	3.74223208933429809772e-05	1.12103877145985365674e-44	9.8099994659423828125	9.8099994659436090625
z_positive_half_previous_minus_q_far	roundtrip	2	-40	6	17	4.90499973297098674934e-06	-9.8099994659411565625	-0	4.90499972058695099993e-06	-9.8099994659411565625	-0	4.90499951411038637161e-06	-9.8099994659423828125	0	1.87111603994268433642e-11	3.74223208933429809772e-05	1.12103877145985365674e-44	9.8099994659423828125	9.8099994659436090625
z_positive_half_previous_minus_q_far	roundtrip	3	120	-80	10	4.90499973297098674934e-06	-9.8099994659411565625	-0	4.90499972058695099993e-06	-9.8099994659411565625	-0	4.90499951411038637161e-06	-9.8099994659423828125	0	1.87111603994268433642e-11	3.74223208933429809772e-05	1.12103877145985365674e-44	9.8099994659423828125	9.8099994659436090625
z_positive_half_previous_minus_q_far	roundtrip	4	-100	100	-99	4.90499973297098674934e-06	-9.8099994659411565625	-0	4.90499972058695099993e-06	-9.8099994659411565625	-0	4.90499951411038637161e-06	-9.8099994659423828125	0	1.87111603994268433642e-11	3.74223208933429809772e-05	1.12103877145985365674e-44	9.8099994659423828125	9.8099994659436090625
z_positive_half_previous_minus_q_far	roundtrip	5	255	-0.125	1	4.90499973297098674934e-06	-9.8099994659411565625	-0	4.90499972058695099993e-06	-9.8099994659411565625	-0	4.90499951411038637161e-06	-9.8099994659423828125	0	1.87111603994268433642e-11	3.74223208933429809772e-05	1.12103877145985365674e-44	9.8099994659423828125	9.8099994659436090625
z_positive_half_next_q_near	original	0	0	0	0	4.90500068664530315572e-06	-9.810001373289789375	-0	4.90500067426126499838e-06	-9.810001373289789375	-0	4.905000878352439031e-06	-9.810001373291015625	0	1.87111640374195191107e-11	3.74223281693283508421e-05	1.12103877145985365674e-44	9.810001373291015625	9.810001373292241875
z_positive_half_next_q_near	original	1	3	4	5	4.90500068664530315572e-06	-9.810001373289789375	-0	4.90500067426126499838e-06	-9.810001373289789375	-0	4.905000878352439031e-06	-9.810001373291015625	0	1.87111640374195191107e-11	3.74223281693283508421e-05	1.12103877145985365674e-44	9.810001373291015625	9.810001373292241875
z_positive_half_next_q_near	original	2	-40	6	17	4.90500068664530315572e-06	-9.810001373289789375	-0	4.90500067426126499838e-06	-9.810001373289789375	-0	4.905000878352439031e-06	-9.810001373291015625	0	1.87111640374195191107e-11	3.74223281693283508421e-05	1.12103877145985365674e-44	9.810001373291015625	9.810001373292241875
z_positive_half_next_q_near	original	3	120	-80	10	4.90500068664530315572e-06	-9.810001373289789375	-0	4.90500067426126499838e-06	-9.810001373289789375	-0	4.905000878352439031e-06	-9.810001373291015625	0	1.87111640374195191107e-11	3.74223281693283508421e-05	1.12103877145985365674e-44	9.810001373291015625	9.810001373292241875
z_positive_half_next_q_near	original	4	-100	100	-99	4.90500068664530315572e-06	-9.810001373289789375	-0	4.90500067426126499838e-06	-9.810001373289789375	-0	4.905000878352439031e-06	-9.810001373291015625	0	1.87111640374195191107e-11	3.74223281693283508421e-05	1.12103877145985365674e-44	9.810001373291015625	9.810001373292241875
z_positive_half_next_q_near	original	5	255	-0.125	1	4.90500068664530315572e-06	-9.810001373289789375	-0	4.90500067426126499838e-06	-9.810001373289789375	-0	4.905000878352439031e-06	-9.810001373291015625	0	1.87111640374195191107e-11	3.74223281693283508421e-05	1.12103877145985365674e-44	9.810001373291015625	9.810001373292241875
z_positive_half_next_q_near	roundtrip	0	0	0	0	4.90500068664530315572e-06	-9.810001373289789375	-0	4.90500067426126499838e-06	-9.810001373289789375	-0	4.905000878352439031e-06	-9.810001373291015625	0	1.87111640374195191107e-11	3.74223281693283508421e-05	1.12103877145985365674e-44	9.810001373291015625	9.810001373292241875
z_positive_half_next_q_near	roundtrip	1	3	4	5	4.90500068664530315572e-06	-9.810001373289789375	-0	4.90500067426126499838e-06	-9.810001373289789375	-0	4.905000878352439031e-06	-9.810001373291015625	0	1.87111640374195191107e-11	3.74223281693283508421e-05	1.12103877145985365674e-44	9.810001373291015625	9.810001373292241875
z_positive_half_next_q_near	roundtrip	2	-40	6	17	4.90500068664530315572e-06	-9.810001373289789375	-0	4.90500067426126499838e-06	-9.810001373289789375	-0	4.905000878352439031e-06	-9.810001373291015625	0	1.87111640374195191107e-11	3.74223281693283508421e-05	1.12103877145985365674e-44	9.810001373291015625	9.810001373292241875
z_positive_half_next_q_near	roundtrip	3	120	-80	10	4.90500068664530315572e-06	-9.810001373289789375	-0	4.90500067426126499838e-06	-9.810001373289789375	-0	4.905000878352439031e-06	-9.810001373291015625	0	1.87111640374195191107e-11	3.74223281693283508421e-05	1.12103877145985365674e-44	9.810001373291015625	9.810001373292241875
z_positive_half_next_q_near	roundtrip	4	-100	100	-99	4.90500068664530315572e-06	-9.810001373289789375	-0	4.90500067426126499838e-06	-9.810001373289789375	-0	4.905000878352439031e-06	-9.810001373291015625	0	1.87111640374195191107e-11	3.74223281693283508421e-05	1.12103877145985365674e-44	9.810001373291015625	9.810001373292241875
z_positive_half_next_q_near	roundtrip	5	255	-0.125	1	4.90500068664530315572e-06	-9.810001373289789375	-0	4.90500067426126499838e-06	-9.810001373289789375	-0	4.905000878352439031e-06	-9.810001373291015625	0	1.87111640374195191107e-11	3.74223281693283508421e-05	1.12103877145985365674e-44	9.810001373291015625	9.810001373292241875
z_positive_half_next_q_far	original	0	0	0	0	4.90500068664530315572e-06	-9.810001373289789375	-0	4.90500067426126499838e-06	-9.810001373289789375	-0	4.905000878352439031e-06	-9.810001373291015625	0	1.87111640374195191107e-11	3.74223281693283508421e-05	1.12103877145985365674e-44	9.810001373291015625	9.810001373292241875
z_positive_half_next_q_far	original	1	3	4	5	4.90500068664530315572e-06	-9.810001373289789375	-0	4.90500067426126499838e-06	-9.810001373289789375	-0	4.905000878352439031e-06	-9.810001373291015625	0	1.87111640374195191107e-11	3.74223281693283508421e-05	1.12103877145985365674e-44	9.810001373291015625	9.810001373292241875
z_positive_half_next_q_far	original	2	-40	6	17	4.90500068664530315572e-06	-9.810001373289789375	-0	4.90500067426126499838e-06	-9.810001373289789375	-0	4.905000878352439031e-06	-9.810001373291015625	0	1.87111640374195191107e-11	3.74223281693283508421e-05	1.12103877145985365674e-44	9.810001373291015625	9.810001373292241875
z_positive_half_next_q_far	original	3	120	-80	10	4.90500068664530315572e-06	-9.810001373289789375	-0	4.90500067426126499838e-06	-9.810001373289789375	-0	4.905000878352439031e-06	-9.810001373291015625	0	1.87111640374195191107e-11	3.74223281693283508421e-05	1.12103877145985365674e-44	9.810001373291015625	9.810001373292241875
z_positive_half_next_q_far	original	4	-100	100	-99	4.90500068664530315572e-06	-9.810001373289789375	-0	4.90500067426126499838e-06	-9.810001373289789375	-0	4.905000878352439031e-06	-9.810001373291015625	0	1.87111640374195191107e-11	3.74223281693283508421e-05	1.12103877145985365674e-44	9.810001373291015625	9.810001373292241875
z_positive_half_next_q_far	original	5	255	-0.125	1	4.90500068664530315572e-06	-9.810001373289789375	-0	4.90500067426126499838e-06	-9.810001373289789375	-0	4.905000878352439031e-06	-9.810001373291015625	0	1.87111640374195191107e-11	3.74223281693283508421e-05	1.12103877145985365674e-44	9.810001373291015625	9.810001373292241875
z_positive_half_next_q_far	roundtrip	0	0	0	0	4.90500068664530315572e-06	-9.810001373289789375	-0	4.90500067426126499838e-06	-9.810001373289789375	-0	4.905000878352439031e-06	-9.810001373291015625	0	1.87111640374195191107e-11	3.74223281693283508421e-05	1.12103877145985365674e-44	9.810001373291015625	9.810001373292241875
z_positive_half_next_q_far	roundtrip	1	3	4	5	4.90500068664530315572e-06	-9.810001373289789375	-0	4.90500067426126499838e-06	-9.810001373289789375	-0	4.905000878352439031e-06	-9.810001373291015625	0	1.87111640374195191107e-11	3.74223281693283508421e-05	1.12103877145985365674e-44	9.810001373291015625	9.810001373292241875
z_positive_half_next_q_far	roundtrip	2	-40	6	17	4.90500068664530315572e-06	-9.810001373289789375	-0	4.90500067426126499838e-06	-9.810001373289789375	-0	4.905000878352439031e-06	-9.810001373291015625	0	1.87111640374195191107e-11	3.74223281693283508421e-05	1.12103877145985365674e-44	9.810001373291015625	9.810001373292241875
z_positive_half_next_q_far	roundtrip	3	120	-80	10	4.90500068664530315572e-06	-9.810001373289789375	-0	4.90500067426126499838e-06	-9.810001373289789375	-0	4.905000878352439031e-06	-9.810001373291015625	0	1.87111640374195191107e-11	3.74223281693283508421e-05	1.12103877145985365674e-44	9.810001373291015625	9.810001373292241875
z_positive_half_next_q_far	roundtrip	4	-100	100	-99	4.90500068664530315572e-06	-9.810001373289789375	-0	4.90500067426126499838e-06	-9.810001373289789375	-0	4.905000878352439031e-06	-9.810001373291015625	0	1.87111640374195191107e-11	3.74223281693283508421e-05	1.12103877145985365674e-44	9.810001373291015625	9.810001373292241875
z_positive_half_next_q_far	roundtrip	5	255	-0.125	1	4.90500068664530315572e-06	-9.810001373289789375	-0	4.90500067426126499838e-06	-9.810001373289789375	-0	4.905000878352439031e-06	-9.810001373291015625	0	1.87111640374195191107e-11	3.74223281693283508421e-05	1.12103877145985365674e-44	9.810001373291015625	9.810001373292241875
z_positive_half_next_minus_q_near	original	0	0	0	0	4.90500068664530315572e-06	-9.810001373289789375	-0	4.90500067426126499838e-06	-9.810001373289789375	-0	4.905000878352439031e-06	-9.810001373291015625	0	1.87111640374195191107e-11	3.74223281693283508421e-05	1.12103877145985365674e-44	9.810001373291015625	9.810001373292241875
z_positive_half_next_minus_q_near	original	1	3	4	5	4.90500068664530315572e-06	-9.810001373289789375	-0	4.90500067426126499838e-06	-9.810001373289789375	-0	4.905000878352439031e-06	-9.810001373291015625	0	1.87111640374195191107e-11	3.74223281693283508421e-05	1.12103877145985365674e-44	9.810001373291015625	9.810001373292241875
z_positive_half_next_minus_q_near	original	2	-40	6	17	4.90500068664530315572e-06	-9.810001373289789375	-0	4.90500067426126499838e-06	-9.810001373289789375	-0	4.905000878352439031e-06	-9.810001373291015625	0	1.87111640374195191107e-11	3.74223281693283508421e-05	1.12103877145985365674e-44	9.810001373291015625	9.810001373292241875
z_positive_half_next_minus_q_near	original	3	120	-80	10	4.90500068664530315572e-06	-9.810001373289789375	-0	4.90500067426126499838e-06	-9.810001373289789375	-0	4.905000878352439031e-06	-9.810001373291015625	0	1.87111640374195191107e-11	3.74223281693283508421e-05	1.12103877145985365674e-44	9.810001373291015625	9.810001373292241875
z_positive_half_next_minus_q_near	original	4	-100	100	-99	4.90500068664530315572e-06	-9.810001373289789375	-0	4.90500067426126499838e-06	-9.810001373289789375	-0	4.905000878352439031e-06	-9.810001373291015625	0	1.87111640374195191107e-11	3.74223281693283508421e-05	1.12103877145985365674e-44	9.810001373291015625	9.810001373292241875
z_positive_half_next_minus_q_near	original	5	255	-0.125	1	4.90500068664530315572e-06	-9.810001373289789375	-0	4.90500067426126499838e-06	-9.810001373289789375	-0	4.905000878352439031e-06	-9.810001373291015625	0	1.87111640374195191107e-11	3.74223281693283508421e-05	1.12103877145985365674e-44	9.810001373291015625	9.810001373292241875
z_positive_half_next_minus_q_near	roundtrip	0	0	0	0	4.90500068664530315572e-06	-9.810001373289789375	-0	4.90500067426126499838e-06	-9.810001373289789375	-0	4.905000878352439031e-06	-9.810001373291015625	0	1.87111640374195191107e-11	3.74223281693283508421e-05	1.12103877145985365674e-44	9.810001373291015625	9.810001373292241875
z_positive_half_next_minus_q_near	roundtrip	1	3	4	5	4.90500068664530315572e-06	-9.810001373289789375	-0	4.90500067426126499838e-06	-9.810001373289789375	-0	4.905000878352439031e-06	-9.810001373291015625	0	1.87111640374195191107e-11	3.74223281693283508421e-05	1.12103877145985365674e-44	9.810001373291015625	9.810001373292241875
z_positive_half_next_minus_q_near	roundtrip	2	-40	6	17	4.90500068664530315572e-06	-9.810001373289789375	-0	4.90500067426126499838e-06	-9.810001373289789375	-0	4.905000878352439031e-06	-9.810001373291015625	0	1.87111640374195191107e-11	3.74223281693283508421e-05	1.12103877145985365674e-44	9.810001373291015625	9.810001373292241875
z_positive_half_next_minus_q_near	roundtrip	3	120	-80	10	4.90500068664530315572e-06	-9.810001373289789375	-0	4.90500067426126499838e-06	-9.810001373289789375	-0	4.905000878352439031e-06	-9.810001373291015625	0	1.87111640374195191107e-11	3.74223281693283508421e-05	1.12103877145985365674e-44	9.810001373291015625	9.810001373292241875
z_positive_half_next_minus_q_near	roundtrip	4	-100	100	-99	4.90500068664530315572e-06	-9.810001373289789375	-0	4.90500067426126499838e-06	-9.810001373289789375	-0	4.905000878352439031e-06	-9.810001373291015625	0	1.87111640374195191107e-11	3.74223281693283508421e-05	1.12103877145985365674e-44	9.810001373291015625	9.810001373292241875
z_positive_half_next_minus_q_near	roundtrip	5	255	-0.125	1	4.90500068664530315572e-06	-9.810001373289789375	-0	4.90500067426126499838e-06	-9.810001373289789375	-0	4.905000878352439031e-06	-9.810001373291015625	0	1.87111640374195191107e-11	3.74223281693283508421e-05	1.12103877145985365674e-44	9.810001373291015625	9.810001373292241875
z_positive_half_next_minus_q_far	original	0	0	0	0	4.90500068664530315572e-06	-9.810001373289789375	-0	4.90500067426126499838e-06	-9.810001373289789375	-0	4.905000878352439031e-06	-9.810001373291015625	0	1.87111640374195191107e-11	3.74223281693283508421e-05	1.12103877145985365674e-44	9.810001373291015625	9.810001373292241875
z_positive_half_next_minus_q_far	original	1	3	4	5	4.90500068664530315572e-06	-9.810001373289789375	-0	4.90500067426126499838e-06	-9.810001373289789375	-0	4.905000878352439031e-06	-9.810001373291015625	0	1.87111640374195191107e-11	3.74223281693283508421e-05	1.12103877145985365674e-44	9.810001373291015625	9.810001373292241875
z_positive_half_next_minus_q_far	original	2	-40	6	17	4.90500068664530315572e-06	-9.810001373289789375	-0	4.90500067426126499838e-06	-9.810001373289789375	-0	4.905000878352439031e-06	-9.810001373291015625	0	1.87111640374195191107e-11	3.74223281693283508421e-05	1.12103877145985365674e-44	9.810001373291015625	9.810001373292241875
z_positive_half_next_minus_q_far	original	3	120	-80	10	4.90500068664530315572e-06	-9.810001373289789375	-0	4.90500067426126499838e-06	-9.810001373289789375	-0	4.905000878352439031e-06	-9.810001373291015625	0	1.87111640374195191107e-11	3.74223281693283508421e-05	1.12103877145985365674e-44	9.810001373291015625	9.810001373292241875
z_positive_half_next_minus_q_far	original	4	-100	100	-99	4.90500068664530315572e-06	-9.810001373289789375	-0	4.90500067426126499838e-06	-9.810001373289789375	-0	4.905000878352439031e-06	-9.810001373291015625	0	1.87111640374195191107e-11	3.74223281693283508421e-05	1.12103877145985365674e-44	9.810001373291015625	9.810001373292241875
z_positive_half_next_minus_q_far	original	5	255	-0.125	1	4.90500068664530315572e-06	-9.810001373289789375	-0	4.90500067426126499838e-06	-9.810001373289789375	-0	4.905000878352439031e-06	-9.810001373291015625	0	1.87111640374195191107e-11	3.74223281693283508421e-05	1.12103877145985365674e-44	9.810001373291015625	9.810001373292241875
z_positive_half_next_minus_q_far	roundtrip	0	0	0	0	4.90500068664530315572e-06	-9.810001373289789375	-0	4.90500067426126499838e-06	-9.810001373289789375	-0	4.905000878352439031e-06	-9.810001373291015625	0	1.87111640374195191107e-11	3.74223281693283508421e-05	1.12103877145985365674e-44	9.810001373291015625	9.810001373292241875
z_positive_half_next_minus_q_far	roundtrip	1	3	4	5	4.90500068664530315572e-06	-9.810001373289789375	-0	4.90500067426126499838e-06	-9.810001373289789375	-0	4.905000878352439031e-06	-9.810001373291015625	0	1.87111640374195191107e-11	3.74223281693283508421e-05	1.12103877145985365674e-44	9.810001373291015625	9.810001373292241875
z_positive_half_next_minus_q_far	roundtrip	2	-40	6	17	4.90500068664530315572e-06	-9.810001373289789375	-0	4.90500067426126499838e-06	-9.810001373289789375	-0	4.905000878352439031e-06	-9.810001373291015625	0	1.87111640374195191107e-11	3.74223281693283508421e-05	1.12103877145985365674e-44	9.810001373291015625	9.810001373292241875
z_positive_half_next_minus_q_far	roundtrip	3	120	-80	10	4.90500068664530315572e-06	-9.810001373289789375	-0	4.90500067426126499838e-06	-9.810001373289789375	-0	4.905000878352439031e-06	-9.810001373291015625	0	1.87111640374195191107e-11	3.74223281693283508421e-05	1.12103877145985365674e-44	9.810001373291015625	9.810001373292241875
z_positive_half_next_minus_q_far	roundtrip	4	-100	100	-99	4.90500068664530315572e-06	-9.810001373289789375	-0	4.90500067426126499838e-06	-9.810001373289789375	-0	4.905000878352439031e-06	-9.810001373291015625	0	1.87111640374195191107e-11	3.74223281693283508421e-05	1.12103877145985365674e-44	9.810001373291015625	9.810001373292241875
z_positive_half_next_minus_q_far	roundtrip	5	255	-0.125	1	4.90500068664530315572e-06	-9.810001373289789375	-0	4.90500067426126499838e-06	-9.810001373289789375	-0	4.905000878352439031e-06	-9.810001373291015625	0	1.87111640374195191107e-11	3.74223281693283508421e-05	1.12103877145985365674e-44	9.810001373291015625	9.810001373292241875
axis_x_quarter_q_near	original	0	0	0	0	0	-1.54026070196878334888e-15	-9.81000000000000000038	0	0	-9.81000041961669921875	0	1.9073486328125e-06	-9.81000232696533203125	1.12103877145985365674e-44	7.48446490626619762411e-05	3.74223245313309881206e-05	9.81000041961669921875	9.81000232696551745324
axis_x_quarter_q_near	original	1	3	4	5	0	-1.54026070196878334888e-15	-9.81000000000000000038	0	0	-9.81000041961669921875	0	1.9073486328125e-06	-9.81000232696533203125	1.12103877145985365674e-44	7.48446490626619762411e-05	3.74223245313309881206e-05	9.81000041961669921875	9.81000232696551745324
axis_x_quarter_q_near	original	2	-40	6	17	0	-1.54026070196878334888e-15	-9.81000000000000000038	0	0	-9.81000041961669921875	0	1.9073486328125e-06	-9.81000232696533203125	1.12103877145985365674e-44	7.48446490626619762411e-05	3.74223245313309881206e-05	9.81000041961669921875	9.81000232696551745324
axis_x_quarter_q_near	original	3	120	-80	10	0	-1.54026070196878334888e-15	-9.81000000000000000038	0	0	-9.81000041961669921875	0	1.9073486328125e-06	-9.81000232696533203125	1.12103877145985365674e-44	7.48446490626619762411e-05	3.74223245313309881206e-05	9.81000041961669921875	9.81000232696551745324
axis_x_quarter_q_near	original	4	-100	100	-99	0	-1.54026070196878334888e-15	-9.81000000000000000038	0	0	-9.81000041961669921875	0	1.9073486328125e-06	-9.81000232696533203125	1.12103877145985365674e-44	7.48446490626619762411e-05	3.74223245313309881206e-05	9.81000041961669921875	9.81000232696551745324
axis_x_quarter_q_near	original	5	255	-0.125	1	0	-1.54026070196878334888e-15	-9.81000000000000000038	0	0	-9.81000041961669921875	0	1.9073486328125e-06	-9.81000232696533203125	1.12103877145985365674e-44	7.48446490626619762411e-05	3.74223245313309881206e-05	9.81000041961669921875	9.81000232696551745324
axis_x_quarter_q_near	roundtrip	0	0	0	0	0	-1.54026070196878334888e-15	-9.81000000000000000038	0	0	-9.81000041961669921875	0	1.9073486328125e-06	-9.81000232696533203125	1.12103877145985365674e-44	7.48446490626619762411e-05	3.74223245313309881206e-05	9.81000041961669921875	9.81000232696551745324
axis_x_quarter_q_near	roundtrip	1	3	4	5	0	-1.54026070196878334888e-15	-9.81000000000000000038	0	0	-9.81000041961669921875	0	1.9073486328125e-06	-9.81000232696533203125	1.12103877145985365674e-44	7.48446490626619762411e-05	3.74223245313309881206e-05	9.81000041961669921875	9.81000232696551745324
axis_x_quarter_q_near	roundtrip	2	-40	6	17	0	-1.54026070196878334888e-15	-9.81000000000000000038	0	0	-9.81000041961669921875	0	1.9073486328125e-06	-9.81000232696533203125	1.12103877145985365674e-44	7.48446490626619762411e-05	3.74223245313309881206e-05	9.81000041961669921875	9.81000232696551745324
axis_x_quarter_q_near	roundtrip	3	120	-80	10	0	-1.54026070196878334888e-15	-9.81000000000000000038	0	0	-9.81000041961669921875	0	1.9073486328125e-06	-9.81000232696533203125	1.12103877145985365674e-44	7.48446490626619762411e-05	3.74223245313309881206e-05	9.81000041961669921875	9.81000232696551745324
axis_x_quarter_q_near	roundtrip	4	-100	100	-99	0	-1.54026070196878334888e-15	-9.81000000000000000038	0	0	-9.81000041961669921875	0	1.9073486328125e-06	-9.81000232696533203125	1.12103877145985365674e-44	7.48446490626619762411e-05	3.74223245313309881206e-05	9.81000041961669921875	9.81000232696551745324
axis_x_quarter_q_near	roundtrip	5	255	-0.125	1	0	-1.54026070196878334888e-15	-9.81000000000000000038	0	0	-9.81000041961669921875	0	1.9073486328125e-06	-9.81000232696533203125	1.12103877145985365674e-44	7.48446490626619762411e-05	3.74223245313309881206e-05	9.81000041961669921875	9.81000232696551745324
axis_x_quarter_q_far	original	0	0	0	0	0	-1.54026070196878334888e-15	-9.81000000000000000038	0	0	-9.81000041961669921875	0	1.9073486328125e-06	-9.81000232696533203125	1.12103877145985365674e-44	7.48446490626619762411e-05	3.74223245313309881206e-05	9.81000041961669921875	9.81000232696551745324
axis_x_quarter_q_far	original	1	3	4	5	0	-1.54026070196878334888e-15	-9.81000000000000000038	0	0	-9.81000041961669921875	0	1.9073486328125e-06	-9.81000232696533203125	1.12103877145985365674e-44	7.48446490626619762411e-05	3.74223245313309881206e-05	9.81000041961669921875	9.81000232696551745324
axis_x_quarter_q_far	original	2	-40	6	17	0	-1.54026070196878334888e-15	-9.81000000000000000038	0	0	-9.81000041961669921875	0	1.9073486328125e-06	-9.81000232696533203125	1.12103877145985365674e-44	7.48446490626619762411e-05	3.74223245313309881206e-05	9.81000041961669921875	9.81000232696551745324
axis_x_quarter_q_far	original	3	120	-80	10	0	-1.54026070196878334888e-15	-9.81000000000000000038	0	0	-9.81000041961669921875	0	1.9073486328125e-06	-9.81000232696533203125	1.12103877145985365674e-44	7.48446490626619762411e-05	3.74223245313309881206e-05	9.81000041961669921875	9.81000232696551745324
axis_x_quarter_q_far	original	4	-100	100	-99	0	-1.54026070196878334888e-15	-9.81000000000000000038	0	0	-9.81000041961669921875	0	1.9073486328125e-06	-9.81000232696533203125	1.12103877145985365674e-44	7.48446490626619762411e-05	3.74223245313309881206e-05	9.81000041961669921875	9.81000232696551745324
axis_x_quarter_q_far	original	5	255	-0.125	1	0	-1.54026070196878334888e-15	-9.81000000000000000038	0	0	-9.81000041961669921875	0	1.9073486328125e-06	-9.81000232696533203125	1.12103877145985365674e-44	7.48446490626619762411e-05	3.74223245313309881206e-05	9.81000041961669921875	9.81000232696551745324
axis_x_quarter_q_far	roundtrip	0	0	0	0	0	-1.54026070196878334888e-15	-9.81000000000000000038	0	0	-9.81000041961669921875	0	1.9073486328125e-06	-9.81000232696533203125	1.12103877145985365674e-44	7.48446490626619762411e-05	3.74223245313309881206e-05	9.81000041961669921875	9.81000232696551745324
axis_x_quarter_q_far	roundtrip	1	3	4	5	0	-1.54026070196878334888e-15	-9.81000000000000000038	0	0	-9.81000041961669921875	0	1.9073486328125e-06	-9.81000232696533203125	1.12103877145985365674e-44	7.48446490626619762411e-05	3.74223245313309881206e-05	9.81000041961669921875	9.81000232696551745324
axis_x_quarter_q_far	roundtrip	2	-40	6	17	0	-1.54026070196878334888e-15	-9.81000000000000000038	0	0	-9.81000041961669921875	0	1.9073486328125e-06	-9.81000232696533203125	1.12103877145985365674e-44	7.48446490626619762411e-05	3.74223245313309881206e-05	9.81000041961669921875	9.81000232696551745324
axis_x_quarter_q_far	roundtrip	3	120	-80	10	0	-1.54026070196878334888e-15	-9.81000000000000000038	0	0	-9.81000041961669921875	0	1.9073486328125e-06	-9.81000232696533203125	1.12103877145985365674e-44	7.48446490626619762411e-05	3.74223245313309881206e-05	9.81000041961669921875	9.81000232696551745324
axis_x_quarter_q_far	roundtrip	4	-100	100	-99	0	-1.54026070196878334888e-15	-9.81000000000000000038	0	0	-9.81000041961669921875	0	1.9073486328125e-06	-9.81000232696533203125	1.12103877145985365674e-44	7.48446490626619762411e-05	3.74223245313309881206e-05	9.81000041961669921875	9.81000232696551745324
axis_x_quarter_q_far	roundtrip	5	255	-0.125	1	0	-1.54026070196878334888e-15	-9.81000000000000000038	0	0	-9.81000041961669921875	0	1.9073486328125e-06	-9.81000232696533203125	1.12103877145985365674e-44	7.48446490626619762411e-05	3.74223245313309881206e-05	9.81000041961669921875	9.81000232696551745324
axis_x_quarter_minus_q_near	original	0	0	0	0	0	-1.54026070196878334888e-15	-9.81000000000000000038	0	0	-9.81000041961669921875	0	1.9073486328125e-06	-9.81000232696533203125	1.12103877145985365674e-44	7.48446490626619762411e-05	3.74223245313309881206e-05	9.81000041961669921875	9.81000232696551745324
axis_x_quarter_minus_q_near	original	1	3	4	5	0	-1.54026070196878334888e-15	-9.81000000000000000038	0	0	-9.81000041961669921875	0	1.9073486328125e-06	-9.81000232696533203125	1.12103877145985365674e-44	7.48446490626619762411e-05	3.74223245313309881206e-05	9.81000041961669921875	9.81000232696551745324
axis_x_quarter_minus_q_near	original	2	-40	6	17	0	-1.54026070196878334888e-15	-9.81000000000000000038	0	0	-9.81000041961669921875	0	1.9073486328125e-06	-9.81000232696533203125	1.12103877145985365674e-44	7.48446490626619762411e-05	3.74223245313309881206e-05	9.81000041961669921875	9.81000232696551745324
axis_x_quarter_minus_q_near	original	3	120	-80	10	0	-1.54026070196878334888e-15	-9.81000000000000000038	0	0	-9.81000041961669921875	0	1.9073486328125e-06	-9.81000232696533203125	1.12103877145985365674e-44	7.48446490626619762411e-05	3.74223245313309881206e-05	9.81000041961669921875	9.81000232696551745324
axis_x_quarter_minus_q_near	original	4	-100	100	-99	0	-1.54026070196878334888e-15	-9.81000000000000000038	0	0	-9.81000041961669921875	0	1.9073486328125e-06	-9.81000232696533203125	1.12103877145985365674e-44	7.48446490626619762411e-05	3.74223245313309881206e-05	9.81000041961669921875	9.81000232696551745324
axis_x_quarter_minus_q_near	original	5	255	-0.125	1	0	-1.54026070196878334888e-15	-9.81000000000000000038	0	0	-9.81000041961669921875	0	1.9073486328125e-06	-9.81000232696533203125	1.12103877145985365674e-44	7.48446490626619762411e-05	3.74223245313309881206e-05	9.81000041961669921875	9.81000232696551745324
axis_x_quarter_minus_q_near	roundtrip	0	0	0	0	0	-1.54026070196878334888e-15	-9.81000000000000000038	0	0	-9.81000041961669921875	0	1.9073486328125e-06	-9.81000232696533203125	1.12103877145985365674e-44	7.48446490626619762411e-05	3.74223245313309881206e-05	9.81000041961669921875	9.81000232696551745324
axis_x_quarter_minus_q_near	roundtrip	1	3	4	5	0	-1.54026070196878334888e-15	-9.81000000000000000038	0	0	-9.81000041961669921875	0	1.9073486328125e-06	-9.81000232696533203125	1.12103877145985365674e-44	7.48446490626619762411e-05	3.74223245313309881206e-05	9.81000041961669921875	9.81000232696551745324
axis_x_quarter_minus_q_near	roundtrip	2	-40	6	17	0	-1.54026070196878334888e-15	-9.81000000000000000038	0	0	-9.81000041961669921875	0	1.9073486328125e-06	-9.81000232696533203125	1.12103877145985365674e-44	7.48446490626619762411e-05	3.74223245313309881206e-05	9.81000041961669921875	9.81000232696551745324
axis_x_quarter_minus_q_near	roundtrip	3	120	-80	10	0	-1.54026070196878334888e-15	-9.81000000000000000038	0	0	-9.81000041961669921875	0	1.9073486328125e-06	-9.81000232696533203125	1.12103877145985365674e-44	7.48446490626619762411e-05	3.74223245313309881206e-05	9.81000041961669921875	9.81000232696551745324
axis_x_quarter_minus_q_near	roundtrip	4	-100	100	-99	0	-1.54026070196878334888e-15	-9.81000000000000000038	0	0	-9.81000041961669921875	0	1.9073486328125e-06	-9.81000232696533203125	1.12103877145985365674e-44	7.48446490626619762411e-05	3.74223245313309881206e-05	9.81000041961669921875	9.81000232696551745324
axis_x_quarter_minus_q_near	roundtrip	5	255	-0.125	1	0	-1.54026070196878334888e-15	-9.81000000000000000038	0	0	-9.81000041961669921875	0	1.9073486328125e-06	-9.81000232696533203125	1.12103877145985365674e-44	7.48446490626619762411e-05	3.74223245313309881206e-05	9.81000041961669921875	9.81000232696551745324
axis_x_quarter_minus_q_far	original	0	0	0	0	0	-1.54026070196878334888e-15	-9.81000000000000000038	0	0	-9.81000041961669921875	0	1.9073486328125e-06	-9.81000232696533203125	1.12103877145985365674e-44	7.48446490626619762411e-05	3.74223245313309881206e-05	9.81000041961669921875	9.81000232696551745324
axis_x_quarter_minus_q_far	original	1	3	4	5	0	-1.54026070196878334888e-15	-9.81000000000000000038	0	0	-9.81000041961669921875	0	1.9073486328125e-06	-9.81000232696533203125	1.12103877145985365674e-44	7.48446490626619762411e-05	3.74223245313309881206e-05	9.81000041961669921875	9.81000232696551745324
axis_x_quarter_minus_q_far	original	2	-40	6	17	0	-1.54026070196878334888e-15	-9.81000000000000000038	0	0	-9.81000041961669921875	0	1.9073486328125e-06	-9.81000232696533203125	1.12103877145985365674e-44	7.48446490626619762411e-05	3.74223245313309881206e-05	9.81000041961669921875	9.81000232696551745324
axis_x_quarter_minus_q_far	original	3	120	-80	10	0	-1.54026070196878334888e-15	-9.81000000000000000038	0	0	-9.81000041961669921875	0	1.9073486328125e-06	-9.81000232696533203125	1.12103877145985365674e-44	7.48446490626619762411e-05	3.74223245313309881206e-05	9.81000041961669921875	9.81000232696551745324
axis_x_quarter_minus_q_far	original	4	-100	100	-99	0	-1.54026070196878334888e-15	-9.81000000000000000038	0	0	-9.81000041961669921875	0	1.9073486328125e-06	-9.81000232696533203125	1.12103877145985365674e-44	7.48446490626619762411e-05	3.74223245313309881206e-05	9.81000041961669921875	9.81000232696551745324
axis_x_quarter_minus_q_far	original	5	255	-0.125	1	0	-1.54026070196878334888e-15	-9.81000000000000000038	0	0	-9.81000041961669921875	0	1.9073486328125e-06	-9.81000232696533203125	1.12103877145985365674e-44	7.48446490626619762411e-05	3.74223245313309881206e-05	9.81000041961669921875	9.81000232696551745324
axis_x_quarter_minus_q_far	roundtrip	0	0	0	0	0	-1.54026070196878334888e-15	-9.81000000000000000038	0	0	-9.81000041961669921875	0	1.9073486328125e-06	-9.81000232696533203125	1.12103877145985365674e-44	7.48446490626619762411e-05	3.74223245313309881206e-05	9.81000041961669921875	9.81000232696551745324
axis_x_quarter_minus_q_far	roundtrip	1	3	4	5	0	-1.54026070196878334888e-15	-9.81000000000000000038	0	0	-9.81000041961669921875	0	1.9073486328125e-06	-9.81000232696533203125	1.12103877145985365674e-44	7.48446490626619762411e-05	3.74223245313309881206e-05	9.81000041961669921875	9.81000232696551745324
axis_x_quarter_minus_q_far	roundtrip	2	-40	6	17	0	-1.54026070196878334888e-15	-9.81000000000000000038	0	0	-9.81000041961669921875	0	1.9073486328125e-06	-9.81000232696533203125	1.12103877145985365674e-44	7.48446490626619762411e-05	3.74223245313309881206e-05	9.81000041961669921875	9.81000232696551745324
axis_x_quarter_minus_q_far	roundtrip	3	120	-80	10	0	-1.54026070196878334888e-15	-9.81000000000000000038	0	0	-9.81000041961669921875	0	1.9073486328125e-06	-9.81000232696533203125	1.12103877145985365674e-44	7.48446490626619762411e-05	3.74223245313309881206e-05	9.81000041961669921875	9.81000232696551745324
axis_x_quarter_minus_q_far	roundtrip	4	-100	100	-99	0	-1.54026070196878334888e-15	-9.81000000000000000038	0	0	-9.81000041961669921875	0	1.9073486328125e-06	-9.81000232696533203125	1.12103877145985365674e-44	7.48446490626619762411e-05	3.74223245313309881206e-05	9.81000041961669921875	9.81000232696551745324
axis_x_quarter_minus_q_far	roundtrip	5	255	-0.125	1	0	-1.54026070196878334888e-15	-9.81000000000000000038	0	0	-9.81000041961669921875	0	1.9073486328125e-06	-9.81000232696533203125	1.12103877145985365674e-44	7.48446490626619762411e-05	3.74223245313309881206e-05	9.81000041961669921875	9.81000232696551745324
axis_z_quarter_q_near	original	0	0	0	0	9.81000000000000000038	-1.54026070196878334888e-15	-0	9.81000041961669921875	0	-0	9.81000232696533203125	1.9073486328125e-06	0	3.74223245313309881206e-05	7.48446490626619762411e-05	1.12103877145985365674e-44	9.81000041961669921875	9.81000232696551745324
axis_z_quarter_q_near	original	1	3	4	5	9.81000000000000000038	-1.54026070196878334888e-15	-0	9.81000041961669921875	0	-0	9.81000232696533203125	1.9073486328125e-06	0	3.74223245313309881206e-05	7.48446490626619762411e-05	1.12103877145985365674e-44	9.81000041961669921875	9.81000232696551745324
axis_z_quarter_q_near	original	2	-40	6	17	9.81000000000000000038	-1.54026070196878334888e-15	-0	9.81000041961669921875	0	-0	9.81000232696533203125	1.9073486328125e-06	0	3.74223245313309881206e-05	7.48446490626619762411e-05	1.12103877145985365674e-44	9.81000041961669921875	9.81000232696551745324
axis_z_quarter_q_near	original	3	120	-80	10	9.81000000000000000038	-1.54026070196878334888e-15	-0	9.81000041961669921875	0	-0	9.81000232696533203125	1.9073486328125e-06	0	3.74223245313309881206e-05	7.48446490626619762411e-05	1.12103877145985365674e-44	9.81000041961669921875	9.81000232696551745324
axis_z_quarter_q_near	original	4	-100	100	-99	9.81000000000000000038	-1.54026070196878334888e-15	-0	9.81000041961669921875	0	-0	9.81000232696533203125	1.9073486328125e-06	0	3.74223245313309881206e-05	7.48446490626619762411e-05	1.12103877145985365674e-44	9.81000041961669921875	9.81000232696551745324
axis_z_quarter_q_near	original	5	255	-0.125	1	9.81000000000000000038	-1.54026070196878334888e-15	-0	9.81000041961669921875	0	-0	9.81000232696533203125	1.9073486328125e-06	0	3.74223245313309881206e-05	7.48446490626619762411e-05	1.12103877145985365674e-44	9.81000041961669921875	9.81000232696551745324
axis_z_quarter_q_near	roundtrip	0	0	0	0	9.81000000000000000038	-1.54026070196878334888e-15	-0	9.81000041961669921875	0	-0	9.81000232696533203125	1.9073486328125e-06	0	3.74223245313309881206e-05	7.48446490626619762411e-05	1.12103877145985365674e-44	9.81000041961669921875	9.81000232696551745324
axis_z_quarter_q_near	roundtrip	1	3	4	5	9.81000000000000000038	-1.54026070196878334888e-15	-0	9.81000041961669921875	0	-0	9.81000232696533203125	1.9073486328125e-06	0	3.74223245313309881206e-05	7.48446490626619762411e-05	1.12103877145985365674e-44	9.81000041961669921875	9.81000232696551745324
axis_z_quarter_q_near	roundtrip	2	-40	6	17	9.81000000000000000038	-1.54026070196878334888e-15	-0	9.81000041961669921875	0	-0	9.81000232696533203125	1.9073486328125e-06	0	3.74223245313309881206e-05	7.48446490626619762411e-05	1.12103877145985365674e-44	9.81000041961669921875	9.81000232696551745324
axis_z_quarter_q_near	roundtrip	3	120	-80	10	9.81000000000000000038	-1.54026070196878334888e-15	-0	9.81000041961669921875	0	-0	9.81000232696533203125	1.9073486328125e-06	0	3.74223245313309881206e-05	7.48446490626619762411e-05	1.12103877145985365674e-44	9.81000041961669921875	9.81000232696551745324
axis_z_quarter_q_near	roundtrip	4	-100	100	-99	9.81000000000000000038	-1.54026070196878334888e-15	-0	9.81000041961669921875	0	-0	9.81000232696533203125	1.9073486328125e-06	0	3.74223245313309881206e-05	7.48446490626619762411e-05	1.12103877145985365674e-44	9.81000041961669921875	9.81000232696551745324
axis_z_quarter_q_near	roundtrip	5	255	-0.125	1	9.81000000000000000038	-1.54026070196878334888e-15	-0	9.81000041961669921875	0	-0	9.81000232696533203125	1.9073486328125e-06	0	3.74223245313309881206e-05	7.48446490626619762411e-05	1.12103877145985365674e-44	9.81000041961669921875	9.81000232696551745324
axis_z_quarter_q_far	original	0	0	0	0	9.81000000000000000038	-1.54026070196878334888e-15	-0	9.81000041961669921875	0	-0	9.81000232696533203125	1.9073486328125e-06	0	3.74223245313309881206e-05	7.48446490626619762411e-05	1.12103877145985365674e-44	9.81000041961669921875	9.81000232696551745324
axis_z_quarter_q_far	original	1	3	4	5	9.81000000000000000038	-1.54026070196878334888e-15	-0	9.81000041961669921875	0	-0	9.81000232696533203125	1.9073486328125e-06	0	3.74223245313309881206e-05	7.48446490626619762411e-05	1.12103877145985365674e-44	9.81000041961669921875	9.81000232696551745324
axis_z_quarter_q_far	original	2	-40	6	17	9.81000000000000000038	-1.54026070196878334888e-15	-0	9.81000041961669921875	0	-0	9.81000232696533203125	1.9073486328125e-06	0	3.74223245313309881206e-05	7.48446490626619762411e-05	1.12103877145985365674e-44	9.81000041961669921875	9.81000232696551745324
axis_z_quarter_q_far	original	3	120	-80	10	9.81000000000000000038	-1.54026070196878334888e-15	-0	9.81000041961669921875	0	-0	9.81000232696533203125	1.9073486328125e-06	0	3.74223245313309881206e-05	7.48446490626619762411e-05	1.12103877145985365674e-44	9.81000041961669921875	9.81000232696551745324
axis_z_quarter_q_far	original	4	-100	100	-99	9.81000000000000000038	-1.54026070196878334888e-15	-0	9.81000041961669921875	0	-0	9.81000232696533203125	1.9073486328125e-06	0	3.74223245313309881206e-05	7.48446490626619762411e-05	1.12103877145985365674e-44	9.81000041961669921875	9.81000232696551745324
axis_z_quarter_q_far	original	5	255	-0.125	1	9.81000000000000000038	-1.54026070196878334888e-15	-0	9.81000041961669921875	0	-0	9.81000232696533203125	1.9073486328125e-06	0	3.74223245313309881206e-05	7.48446490626619762411e-05	1.12103877145985365674e-44	9.81000041961669921875	9.81000232696551745324
axis_z_quarter_q_far	roundtrip	0	0	0	0	9.81000000000000000038	-1.54026070196878334888e-15	-0	9.81000041961669921875	0	-0	9.81000232696533203125	1.9073486328125e-06	0	3.74223245313309881206e-05	7.48446490626619762411e-05	1.12103877145985365674e-44	9.81000041961669921875	9.81000232696551745324
axis_z_quarter_q_far	roundtrip	1	3	4	5	9.81000000000000000038	-1.54026070196878334888e-15	-0	9.81000041961669921875	0	-0	9.81000232696533203125	1.9073486328125e-06	0	3.74223245313309881206e-05	7.48446490626619762411e-05	1.12103877145985365674e-44	9.81000041961669921875	9.81000232696551745324
axis_z_quarter_q_far	roundtrip	2	-40	6	17	9.81000000000000000038	-1.54026070196878334888e-15	-0	9.81000041961669921875	0	-0	9.81000232696533203125	1.9073486328125e-06	0	3.74223245313309881206e-05	7.48446490626619762411e-05	1.12103877145985365674e-44	9.81000041961669921875	9.81000232696551745324
axis_z_quarter_q_far	roundtrip	3	120	-80	10	9.81000000000000000038	-1.54026070196878334888e-15	-0	9.81000041961669921875	0	-0	9.81000232696533203125	1.9073486328125e-06	0	3.74223245313309881206e-05	7.48446490626619762411e-05	1.12103877145985365674e-44	9.81000041961669921875	9.81000232696551745324
axis_z_quarter_q_far	roundtrip	4	-100	100	-99	9.81000000000000000038	-1.54026070196878334888e-15	-0	9.81000041961669921875	0	-0	9.81000232696533203125	1.9073486328125e-06	0	3.74223245313309881206e-05	7.48446490626619762411e-05	1.12103877145985365674e-44	9.81000041961669921875	9.81000232696551745324
axis_z_quarter_q_far	roundtrip	5	255	-0.125	1	9.81000000000000000038	-1.54026070196878334888e-15	-0	9.81000041961669921875	0	-0	9.81000232696533203125	1.9073486328125e-06	0	3.74223245313309881206e-05	7.48446490626619762411e-05	1.12103877145985365674e-44	9.81000041961669921875	9.81000232696551745324
axis_z_quarter_minus_q_near	original	0	0	0	0	9.81000000000000000038	-1.54026070196878334888e-15	-0	9.81000041961669921875	0	-0	9.81000232696533203125	1.9073486328125e-06	0	3.74223245313309881206e-05	7.48446490626619762411e-05	1.12103877145985365674e-44	9.81000041961669921875	9.81000232696551745324
axis_z_quarter_minus_q_near	original	1	3	4	5	9.81000000000000000038	-1.54026070196878334888e-15	-0	9.81000041961669921875	0	-0	9.81000232696533203125	1.9073486328125e-06	0	3.74223245313309881206e-05	7.48446490626619762411e-05	1.12103877145985365674e-44	9.81000041961669921875	9.81000232696551745324
axis_z_quarter_minus_q_near	original	2	-40	6	17	9.81000000000000000038	-1.54026070196878334888e-15	-0	9.81000041961669921875	0	-0	9.81000232696533203125	1.9073486328125e-06	0	3.74223245313309881206e-05	7.48446490626619762411e-05	1.12103877145985365674e-44	9.81000041961669921875	9.81000232696551745324
axis_z_quarter_minus_q_near	original	3	120	-80	10	9.81000000000000000038	-1.54026070196878334888e-15	-0	9.81000041961669921875	0	-0	9.81000232696533203125	1.9073486328125e-06	0	3.74223245313309881206e-05	7.48446490626619762411e-05	1.12103877145985365674e-44	9.81000041961669921875	9.81000232696551745324
axis_z_quarter_minus_q_near	original	4	-100	100	-99	9.81000000000000000038	-1.54026070196878334888e-15	-0	9.81000041961669921875	0	-0	9.81000232696533203125	1.9073486328125e-06	0	3.74223245313309881206e-05	7.48446490626619762411e-05	1.12103877145985365674e-44	9.81000041961669921875	9.81000232696551745324
axis_z_quarter_minus_q_near	original	5	255	-0.125	1	9.81000000000000000038	-1.54026070196878334888e-15	-0	9.81000041961669921875	0	-0	9.81000232696533203125	1.9073486328125e-06	0	3.74223245313309881206e-05	7.48446490626619762411e-05	1.12103877145985365674e-44	9.81000041961669921875	9.81000232696551745324
axis_z_quarter_minus_q_near	roundtrip	0	0	0	0	9.81000000000000000038	-1.54026070196878334888e-15	-0	9.81000041961669921875	0	-0	9.81000232696533203125	1.9073486328125e-06	0	3.74223245313309881206e-05	7.48446490626619762411e-05	1.12103877145985365674e-44	9.81000041961669921875	9.81000232696551745324
axis_z_quarter_minus_q_near	roundtrip	1	3	4	5	9.81000000000000000038	-1.54026070196878334888e-15	-0	9.81000041961669921875	0	-0	9.81000232696533203125	1.9073486328125e-06	0	3.74223245313309881206e-05	7.48446490626619762411e-05	1.12103877145985365674e-44	9.81000041961669921875	9.81000232696551745324
axis_z_quarter_minus_q_near	roundtrip	2	-40	6	17	9.81000000000000000038	-1.54026070196878334888e-15	-0	9.81000041961669921875	0	-0	9.81000232696533203125	1.9073486328125e-06	0	3.74223245313309881206e-05	7.48446490626619762411e-05	1.12103877145985365674e-44	9.81000041961669921875	9.81000232696551745324
axis_z_quarter_minus_q_near	roundtrip	3	120	-80	10	9.81000000000000000038	-1.54026070196878334888e-15	-0	9.81000041961669921875	0	-0	9.81000232696533203125	1.9073486328125e-06	0	3.74223245313309881206e-05	7.48446490626619762411e-05	1.12103877145985365674e-44	9.81000041961669921875	9.81000232696551745324
axis_z_quarter_minus_q_near	roundtrip	4	-100	100	-99	9.81000000000000000038	-1.54026070196878334888e-15	-0	9.81000041961669921875	0	-0	9.81000232696533203125	1.9073486328125e-06	0	3.74223245313309881206e-05	7.48446490626619762411e-05	1.12103877145985365674e-44	9.81000041961669921875	9.81000232696551745324
axis_z_quarter_minus_q_near	roundtrip	5	255	-0.125	1	9.81000000000000000038	-1.54026070196878334888e-15	-0	9.81000041961669921875	0	-0	9.81000232696533203125	1.9073486328125e-06	0	3.74223245313309881206e-05	7.48446490626619762411e-05	1.12103877145985365674e-44	9.81000041961669921875	9.81000232696551745324
axis_z_quarter_minus_q_far	original	0	0	0	0	9.81000000000000000038	-1.54026070196878334888e-15	-0	9.81000041961669921875	0	-0	9.81000232696533203125	1.9073486328125e-06	0	3.74223245313309881206e-05	7.48446490626619762411e-05	1.12103877145985365674e-44	9.81000041961669921875	9.81000232696551745324
axis_z_quarter_minus_q_far	original	1	3	4	5	9.81000000000000000038	-1.54026070196878334888e-15	-0	9.81000041961669921875	0	-0	9.81000232696533203125	1.9073486328125e-06	0	3.74223245313309881206e-05	7.48446490626619762411e-05	1.12103877145985365674e-44	9.81000041961669921875	9.81000232696551745324
axis_z_quarter_minus_q_far	original	2	-40	6	17	9.81000000000000000038	-1.54026070196878334888e-15	-0	9.81000041961669921875	0	-0	9.81000232696533203125	1.9073486328125e-06	0	3.74223245313309881206e-05	7.48446490626619762411e-05	1.12103877145985365674e-44	9.81000041961669921875	9.81000232696551745324
axis_z_quarter_minus_q_far	original	3	120	-80	10	9.81000000000000000038	-1.54026070196878334888e-15	-0	9.81000041961669921875	0	-0	9.81000232696533203125	1.9073486328125e-06	0	3.74223245313309881206e-05	7.48446490626619762411e-05	1.12103877145985365674e-44	9.81000041961669921875	9.81000232696551745324
axis_z_quarter_minus_q_far	original	4	-100	100	-99	9.81000000000000000038	-1.54026070196878334888e-15	-0	9.81000041961669921875	0	-0	9.81000232696533203125	1.9073486328125e-06	0	3.74223245313309881206e-05	7.48446490626619762411e-05	1.12103877145985365674e-44	9.81000041961669921875	9.81000232696551745324
axis_z_quarter_minus_q_far	original	5	255	-0.125	1	9.81000000000000000038	-1.54026070196878334888e-15	-0	9.81000041961669921875	0	-0	9.81000232696533203125	1.9073486328125e-06	0	3.74223245313309881206e-05	7.48446490626619762411e-05	1.12103877145985365674e-44	9.81000041961669921875	9.81000232696551745324
axis_z_quarter_minus_q_far	roundtrip	0	0	0	0	9.81000000000000000038	-1.54026070196878334888e-15	-0	9.81000041961669921875	0	-0	9.81000232696533203125	1.9073486328125e-06	0	3.74223245313309881206e-05	7.48446490626619762411e-05	1.12103877145985365674e-44	9.81000041961669921875	9.81000232696551745324
axis_z_quarter_minus_q_far	roundtrip	1	3	4	5	9.81000000000000000038	-1.54026070196878334888e-15	-0	9.81000041961669921875	0	-0	9.81000232696533203125	1.9073486328125e-06	0	3.74223245313309881206e-05	7.48446490626619762411e-05	1.12103877145985365674e-44	9.81000041961669921875	9.81000232696551745324
axis_z_quarter_minus_q_far	roundtrip	2	-40	6	17	9.81000000000000000038	-1.54026070196878334888e-15	-0	9.81000041961669921875	0	-0	9.81000232696533203125	1.9073486328125e-06	0	3.74223245313309881206e-05	7.48446490626619762411e-05	1.12103877145985365674e-44	9.81000041961669921875	9.81000232696551745324
axis_z_quarter_minus_q_far	roundtrip	3	120	-80	10	9.81000000000000000038	-1.54026070196878334888e-15	-0	9.81000041961669921875	0	-0	9.81000232696533203125	1.9073486328125e-06	0	3.74223245313309881206e-05	7.48446490626619762411e-05	1.12103877145985365674e-44	9.81000041961669921875	9.81000232696551745324
axis_z_quarter_minus_q_far	roundtrip	4	-100	100	-99	9.81000000000000000038	-1.54026070196878334888e-15	-0	9.81000041961669921875	0	-0	9.81000232696533203125	1.9073486328125e-06	0	3.74223245313309881206e-05	7.48446490626619762411e-05	1.12103877145985365674e-44	9.81000041961669921875	9.81000232696551745324
axis_z_quarter_minus_q_far	roundtrip	5	255	-0.125	1	9.81000000000000000038	-1.54026070196878334888e-15	-0	9.81000041961669921875	0	-0	9.81000232696533203125	1.9073486328125e-06	0	3.74223245313309881206e-05	7.48446490626619762411e-05	1.12103877145985365674e-44	9.81000041961669921875	9.81000232696551745324
axis_x_reverse_q_near	original	0	0	0	0	0	9.81000000000000000038	-1.20137850996355349624e-15	0	9.81000041961669921875	-1.20137861377427666425e-15	0	9.81000041961669921875	-1.20137859282629620716e-15	1.12103877145985365674e-44	0.000112266973593992964362	4.58291319537152113267e-21	9.81000041961669921875	9.81000041961669921875
axis_x_reverse_q_near	original	1	3	4	5	0	9.81000000000000000038	-1.20137850996355349624e-15	0	9.81000041961669921875	-1.20137861377427666425e-15	0	9.81000041961669921875	-1.20137859282629620716e-15	1.12103877145985365674e-44	0.000112266973593992964362	4.58291319537152113267e-21	9.81000041961669921875	9.81000041961669921875
axis_x_reverse_q_near	original	2	-40	6	17	0	9.81000000000000000038	-1.20137850996355349624e-15	0	9.81000041961669921875	-1.20137861377427666425e-15	0	9.81000041961669921875	-1.20137859282629620716e-15	1.12103877145985365674e-44	0.000112266973593992964362	4.58291319537152113267e-21	9.81000041961669921875	9.81000041961669921875
axis_x_reverse_q_near	original	3	120	-80	10	0	9.81000000000000000038	-1.20137850996355349624e-15	0	9.81000041961669921875	-1.20137861377427666425e-15	0	9.81000041961669921875	-1.20137859282629620716e-15	1.12103877145985365674e-44	0.000112266973593992964362	4.58291319537152113267e-21	9.81000041961669921875	9.81000041961669921875
axis_x_reverse_q_near	original	4	-100	100	-99	0	9.81000000000000000038	-1.20137850996355349624e-15	0	9.81000041961669921875	-1.20137861377427666425e-15	0	9.81000041961669921875	-1.20137859282629620716e-15	1.12103877145985365674e-44	0.000112266973593992964362	4.58291319537152113267e-21	9.81000041961669921875	9.81000041961669921875
axis_x_reverse_q_near	original	5	255	-0.125	1	0	9.81000000000000000038	-1.20137850996355349624e-15	0	9.81000041961669921875	-1.20137861377427666425e-15	0	9.81000041961669921875	-1.20137859282629620716e-15	1.12103877145985365674e-44	0.000112266973593992964362	4.58291319537152113267e-21	9.81000041961669921875	9.81000041961669921875
axis_x_reverse_q_near	roundtrip	0	0	0	0	0	9.81000000000000000038	-1.20137850996355349624e-15	0	9.81000041961669921875	-1.20137861377427666425e-15	0	9.81000041961669921875	-1.20137859282629620716e-15	1.12103877145985365674e-44	0.000112266973593992964362	4.58291319537152113267e-21	9.81000041961669921875	9.81000041961669921875
axis_x_reverse_q_near	roundtrip	1	3	4	5	0	9.81000000000000000038	-1.20137850996355349624e-15	0	9.81000041961669921875	-1.20137861377427666425e-15	0	9.81000041961669921875	-1.20137859282629620716e-15	1.12103877145985365674e-44	0.000112266973593992964362	4.58291319537152113267e-21	9.81000041961669921875	9.81000041961669921875
axis_x_reverse_q_near	roundtrip	2	-40	6	17	0	9.81000000000000000038	-1.20137850996355349624e-15	0	9.81000041961669921875	-1.20137861377427666425e-15	0	9.81000041961669921875	-1.20137859282629620716e-15	1.12103877145985365674e-44	0.000112266973593992964362	4.58291319537152113267e-21	9.81000041961669921875	9.81000041961669921875
axis_x_reverse_q_near	roundtrip	3	120	-80	10	0	9.81000000000000000038	-1.20137850996355349624e-15	0	9.81000041961669921875	-1.20137861377427666425e-15	0	9.81000041961669921875	-1.20137859282629620716e-15	1.12103877145985365674e-44	0.000112266973593992964362	4.58291319537152113267e-21	9.81000041961669921875	9.81000041961669921875
axis_x_reverse_q_near	roundtrip	4	-100	100	-99	0	9.81000000000000000038	-1.20137850996355349624e-15	0	9.81000041961669921875	-1.20137861377427666425e-15	0	9.81000041961669921875	-1.20137859282629620716e-15	1.12103877145985365674e-44	0.000112266973593992964362	4.58291319537152113267e-21	9.81000041961669921875	9.81000041961669921875
axis_x_reverse_q_near	roundtrip	5	255	-0.125	1	0	9.81000000000000000038	-1.20137850996355349624e-15	0	9.81000041961669921875	-1.20137861377427666425e-15	0	9.81000041961669921875	-1.20137859282629620716e-15	1.12103877145985365674e-44	0.000112266973593992964362	4.58291319537152113267e-21	9.81000041961669921875	9.81000041961669921875
axis_x_reverse_q_far	original	0	0	0	0	0	9.81000000000000000038	-1.20137850996355349624e-15	0	9.81000041961669921875	-1.20137861377427666425e-15	0	9.81000041961669921875	-1.20137859282629620716e-15	1.12103877145985365674e-44	0.000112266973593992964362	4.58291319537152113267e-21	9.81000041961669921875	9.81000041961669921875
axis_x_reverse_q_far	original	1	3	4	5	0	9.81000000000000000038	-1.20137850996355349624e-15	0	9.81000041961669921875	-1.20137861377427666425e-15	0	9.81000041961669921875	-1.20137859282629620716e-15	1.12103877145985365674e-44	0.000112266973593992964362	4.58291319537152113267e-21	9.81000041961669921875	9.81000041961669921875
axis_x_reverse_q_far	original	2	-40	6	17	0	9.81000000000000000038	-1.20137850996355349624e-15	0	9.81000041961669921875	-1.20137861377427666425e-15	0	9.81000041961669921875	-1.20137859282629620716e-15	1.12103877145985365674e-44	0.000112266973593992964362	4.58291319537152113267e-21	9.81000041961669921875	9.81000041961669921875
axis_x_reverse_q_far	original	3	120	-80	10	0	9.81000000000000000038	-1.20137850996355349624e-15	0	9.81000041961669921875	-1.20137861377427666425e-15	0	9.81000041961669921875	-1.20137859282629620716e-15	1.12103877145985365674e-44	0.000112266973593992964362	4.58291319537152113267e-21	9.81000041961669921875	9.81000041961669921875
axis_x_reverse_q_far	original	4	-100	100	-99	0	9.81000000000000000038	-1.20137850996355349624e-15	0	9.81000041961669921875	-1.20137861377427666425e-15	0	9.81000041961669921875	-1.20137859282629620716e-15	1.12103877145985365674e-44	0.000112266973593992964362	4.58291319537152113267e-21	9.81000041961669921875	9.81000041961669921875
axis_x_reverse_q_far	original	5	255	-0.125	1	0	9.81000000000000000038	-1.20137850996355349624e-15	0	9.81000041961669921875	-1.20137861377427666425e-15	0	9.81000041961669921875	-1.20137859282629620716e-15	1.12103877145985365674e-44	0.000112266973593992964362	4.58291319537152113267e-21	9.81000041961669921875	9.81000041961669921875
axis_x_reverse_q_far	roundtrip	0	0	0	0	0	9.81000000000000000038	-1.20137850996355349624e-15	0	9.81000041961669921875	-1.20137861377427666425e-15	0	9.81000041961669921875	-1.20137859282629620716e-15	1.12103877145985365674e-44	0.000112266973593992964362	4.58291319537152113267e-21	9.81000041961669921875	9.81000041961669921875
axis_x_reverse_q_far	roundtrip	1	3	4	5	0	9.81000000000000000038	-1.20137850996355349624e-15	0	9.81000041961669921875	-1.20137861377427666425e-15	0	9.81000041961669921875	-1.20137859282629620716e-15	1.12103877145985365674e-44	0.000112266973593992964362	4.58291319537152113267e-21	9.81000041961669921875	9.81000041961669921875
axis_x_reverse_q_far	roundtrip	2	-40	6	17	0	9.81000000000000000038	-1.20137850996355349624e-15	0	9.81000041961669921875	-1.20137861377427666425e-15	0	9.81000041961669921875	-1.20137859282629620716e-15	1.12103877145985365674e-44	0.000112266973593992964362	4.58291319537152113267e-21	9.81000041961669921875	9.81000041961669921875
axis_x_reverse_q_far	roundtrip	3	120	-80	10	0	9.81000000000000000038	-1.20137850996355349624e-15	0	9.81000041961669921875	-1.20137861377427666425e-15	0	9.81000041961669921875	-1.20137859282629620716e-15	1.12103877145985365674e-44	0.000112266973593992964362	4.58291319537152113267e-21	9.81000041961669921875	9.81000041961669921875
axis_x_reverse_q_far	roundtrip	4	-100	100	-99	0	9.81000000000000000038	-1.20137850996355349624e-15	0	9.81000041961669921875	-1.20137861377427666425e-15	0	9.81000041961669921875	-1.20137859282629620716e-15	1.12103877145985365674e-44	0.000112266973593992964362	4.58291319537152113267e-21	9.81000041961669921875	9.81000041961669921875
axis_x_reverse_q_far	roundtrip	5	255	-0.125	1	0	9.81000000000000000038	-1.20137850996355349624e-15	0	9.81000041961669921875	-1.20137861377427666425e-15	0	9.81000041961669921875	-1.20137859282629620716e-15	1.12103877145985365674e-44	0.000112266973593992964362	4.58291319537152113267e-21	9.81000041961669921875	9.81000041961669921875
axis_x_reverse_minus_q_near	original	0	0	0	0	0	9.81000000000000000038	-1.20137850996355349624e-15	0	9.81000041961669921875	-1.20137861377427666425e-15	0	9.81000041961669921875	-1.20137859282629620716e-15	1.12103877145985365674e-44	0.000112266973593992964362	4.58291319537152113267e-21	9.81000041961669921875	9.81000041961669921875
axis_x_reverse_minus_q_near	original	1	3	4	5	0	9.81000000000000000038	-1.20137850996355349624e-15	0	9.81000041961669921875	-1.20137861377427666425e-15	0	9.81000041961669921875	-1.20137859282629620716e-15	1.12103877145985365674e-44	0.000112266973593992964362	4.58291319537152113267e-21	9.81000041961669921875	9.81000041961669921875
axis_x_reverse_minus_q_near	original	2	-40	6	17	0	9.81000000000000000038	-1.20137850996355349624e-15	0	9.81000041961669921875	-1.20137861377427666425e-15	0	9.81000041961669921875	-1.20137859282629620716e-15	1.12103877145985365674e-44	0.000112266973593992964362	4.58291319537152113267e-21	9.81000041961669921875	9.81000041961669921875
axis_x_reverse_minus_q_near	original	3	120	-80	10	0	9.81000000000000000038	-1.20137850996355349624e-15	0	9.81000041961669921875	-1.20137861377427666425e-15	0	9.81000041961669921875	-1.20137859282629620716e-15	1.12103877145985365674e-44	0.000112266973593992964362	4.58291319537152113267e-21	9.81000041961669921875	9.81000041961669921875
axis_x_reverse_minus_q_near	original	4	-100	100	-99	0	9.81000000000000000038	-1.20137850996355349624e-15	0	9.81000041961669921875	-1.20137861377427666425e-15	0	9.81000041961669921875	-1.20137859282629620716e-15	1.12103877145985365674e-44	0.000112266973593992964362	4.58291319537152113267e-21	9.81000041961669921875	9.81000041961669921875
axis_x_reverse_minus_q_near	original	5	255	-0.125	1	0	9.81000000000000000038	-1.20137850996355349624e-15	0	9.81000041961669921875	-1.20137861377427666425e-15	0	9.81000041961669921875	-1.20137859282629620716e-15	1.12103877145985365674e-44	0.000112266973593992964362	4.58291319537152113267e-21	9.81000041961669921875	9.81000041961669921875
axis_x_reverse_minus_q_near	roundtrip	0	0	0	0	0	9.81000000000000000038	-1.20137850996355349624e-15	0	9.81000041961669921875	-1.20137861377427666425e-15	0	9.81000041961669921875	-1.20137859282629620716e-15	1.12103877145985365674e-44	0.000112266973593992964362	4.58291319537152113267e-21	9.81000041961669921875	9.81000041961669921875
axis_x_reverse_minus_q_near	roundtrip	1	3	4	5	0	9.81000000000000000038	-1.20137850996355349624e-15	0	9.81000041961669921875	-1.20137861377427666425e-15	0	9.81000041961669921875	-1.20137859282629620716e-15	1.12103877145985365674e-44	0.000112266973593992964362	4.58291319537152113267e-21	9.81000041961669921875	9.81000041961669921875
axis_x_reverse_minus_q_near	roundtrip	2	-40	6	17	0	9.81000000000000000038	-1.20137850996355349624e-15	0	9.81000041961669921875	-1.20137861377427666425e-15	0	9.81000041961669921875	-1.20137859282629620716e-15	1.12103877145985365674e-44	0.000112266973593992964362	4.58291319537152113267e-21	9.81000041961669921875	9.81000041961669921875
axis_x_reverse_minus_q_near	roundtrip	3	120	-80	10	0	9.81000000000000000038	-1.20137850996355349624e-15	0	9.81000041961669921875	-1.20137861377427666425e-15	0	9.81000041961669921875	-1.20137859282629620716e-15	1.12103877145985365674e-44	0.000112266973593992964362	4.58291319537152113267e-21	9.81000041961669921875	9.81000041961669921875
axis_x_reverse_minus_q_near	roundtrip	4	-100	100	-99	0	9.81000000000000000038	-1.20137850996355349624e-15	0	9.81000041961669921875	-1.20137861377427666425e-15	0	9.81000041961669921875	-1.20137859282629620716e-15	1.12103877145985365674e-44	0.000112266973593992964362	4.58291319537152113267e-21	9.81000041961669921875	9.81000041961669921875
axis_x_reverse_minus_q_near	roundtrip	5	255	-0.125	1	0	9.81000000000000000038	-1.20137850996355349624e-15	0	9.81000041961669921875	-1.20137861377427666425e-15	0	9.81000041961669921875	-1.20137859282629620716e-15	1.12103877145985365674e-44	0.000112266973593992964362	4.58291319537152113267e-21	9.81000041961669921875	9.81000041961669921875
axis_x_reverse_minus_q_far	original	0	0	0	0	0	9.81000000000000000038	-1.20137850996355349624e-15	0	9.81000041961669921875	-1.20137861377427666425e-15	0	9.81000041961669921875	-1.20137859282629620716e-15	1.12103877145985365674e-44	0.000112266973593992964362	4.58291319537152113267e-21	9.81000041961669921875	9.81000041961669921875
axis_x_reverse_minus_q_far	original	1	3	4	5	0	9.81000000000000000038	-1.20137850996355349624e-15	0	9.81000041961669921875	-1.20137861377427666425e-15	0	9.81000041961669921875	-1.20137859282629620716e-15	1.12103877145985365674e-44	0.000112266973593992964362	4.58291319537152113267e-21	9.81000041961669921875	9.81000041961669921875
axis_x_reverse_minus_q_far	original	2	-40	6	17	0	9.81000000000000000038	-1.20137850996355349624e-15	0	9.81000041961669921875	-1.20137861377427666425e-15	0	9.81000041961669921875	-1.20137859282629620716e-15	1.12103877145985365674e-44	0.000112266973593992964362	4.58291319537152113267e-21	9.81000041961669921875	9.81000041961669921875
axis_x_reverse_minus_q_far	original	3	120	-80	10	0	9.81000000000000000038	-1.20137850996355349624e-15	0	9.81000041961669921875	-1.20137861377427666425e-15	0	9.81000041961669921875	-1.20137859282629620716e-15	1.12103877145985365674e-44	0.000112266973593992964362	4.58291319537152113267e-21	9.81000041961669921875	9.81000041961669921875
axis_x_reverse_minus_q_far	original	4	-100	100	-99	0	9.81000000000000000038	-1.20137850996355349624e-15	0	9.81000041961669921875	-1.20137861377427666425e-15	0	9.81000041961669921875	-1.20137859282629620716e-15	1.12103877145985365674e-44	0.000112266973593992964362	4.58291319537152113267e-21	9.81000041961669921875	9.81000041961669921875
axis_x_reverse_minus_q_far	original	5	255	-0.125	1	0	9.81000000000000000038	-1.20137850996355349624e-15	0	9.81000041961669921875	-1.20137861377427666425e-15	0	9.81000041961669921875	-1.20137859282629620716e-15	1.12103877145985365674e-44	0.000112266973593992964362	4.58291319537152113267e-21	9.81000041961669921875	9.81000041961669921875
axis_x_reverse_minus_q_far	roundtrip	0	0	0	0	0	9.81000000000000000038	-1.20137850996355349624e-15	0	9.81000041961669921875	-1.20137861377427666425e-15	0	9.81000041961669921875	-1.20137859282629620716e-15	1.12103877145985365674e-44	0.000112266973593992964362	4.58291319537152113267e-21	9.81000041961669921875	9.81000041961669921875
axis_x_reverse_minus_q_far	roundtrip	1	3	4	5	0	9.81000000000000000038	-1.20137850996355349624e-15	0	9.81000041961669921875	-1.20137861377427666425e-15	0	9.81000041961669921875	-1.20137859282629620716e-15	1.12103877145985365674e-44	0.000112266973593992964362	4.58291319537152113267e-21	9.81000041961669921875	9.81000041961669921875
axis_x_reverse_minus_q_far	roundtrip	2	-40	6	17	0	9.81000000000000000038	-1.20137850996355349624e-15	0	9.81000041961669921875	-1.20137861377427666425e-15	0	9.81000041961669921875	-1.20137859282629620716e-15	1.12103877145985365674e-44	0.000112266973593992964362	4.58291319537152113267e-21	9.81000041961669921875	9.81000041961669921875
axis_x_reverse_minus_q_far	roundtrip	3	120	-80	10	0	9.81000000000000000038	-1.20137850996355349624e-15	0	9.81000041961669921875	-1.20137861377427666425e-15	0	9.81000041961669921875	-1.20137859282629620716e-15	1.12103877145985365674e-44	0.000112266973593992964362	4.58291319537152113267e-21	9.81000041961669921875	9.81000041961669921875
axis_x_reverse_minus_q_far	roundtrip	4	-100	100	-99	0	9.81000000000000000038	-1.20137850996355349624e-15	0	9.81000041961669921875	-1.20137861377427666425e-15	0	9.81000041961669921875	-1.20137859282629620716e-15	1.12103877145985365674e-44	0.000112266973593992964362	4.58291319537152113267e-21	9.81000041961669921875	9.81000041961669921875
axis_x_reverse_minus_q_far	roundtrip	5	255	-0.125	1	0	9.81000000000000000038	-1.20137850996355349624e-15	0	9.81000041961669921875	-1.20137861377427666425e-15	0	9.81000041961669921875	-1.20137859282629620716e-15	1.12103877145985365674e-44	0.000112266973593992964362	4.58291319537152113267e-21	9.81000041961669921875	9.81000041961669921875
axis_z_reverse_q_near	original	0	0	0	0	1.20137850996355349624e-15	9.81000000000000000038	-0	1.20137861377427666425e-15	9.81000041961669921875	-0	1.20137859282629620716e-15	9.81000041961669921875	0	4.58291319537152113267e-21	0.000112266973593992964362	1.12103877145985365674e-44	9.81000041961669921875	9.81000041961669921875
axis_z_reverse_q_near	original	1	3	4	5	1.20137850996355349624e-15	9.81000000000000000038	-0	1.20137861377427666425e-15	9.81000041961669921875	-0	1.20137859282629620716e-15	9.81000041961669921875	0	4.58291319537152113267e-21	0.000112266973593992964362	1.12103877145985365674e-44	9.81000041961669921875	9.81000041961669921875
axis_z_reverse_q_near	original	2	-40	6	17	1.20137850996355349624e-15	9.81000000000000000038	-0	1.20137861377427666425e-15	9.81000041961669921875	-0	1.20137859282629620716e-15	9.81000041961669921875	0	4.58291319537152113267e-21	0.000112266973593992964362	1.12103877145985365674e-44	9.81000041961669921875	9.81000041961669921875
axis_z_reverse_q_near	original	3	120	-80	10	1.20137850996355349624e-15	9.81000000000000000038	-0	1.20137861377427666425e-15	9.81000041961669921875	-0	1.20137859282629620716e-15	9.81000041961669921875	0	4.58291319537152113267e-21	0.000112266973593992964362	1.12103877145985365674e-44	9.81000041961669921875	9.81000041961669921875
axis_z_reverse_q_near	original	4	-100	100	-99	1.20137850996355349624e-15	9.81000000000000000038	-0	1.20137861377427666425e-15	9.81000041961669921875	-0	1.20137859282629620716e-15	9.81000041961669921875	0	4.58291319537152113267e-21	0.000112266973593992964362	1.12103877145985365674e-44	9.81000041961669921875	9.81000041961669921875
axis_z_reverse_q_near	original	5	255	-0.125	1	1.20137850996355349624e-15	9.81000000000000000038	-0	1.20137861377427666425e-15	9.81000041961669921875	-0	1.20137859282629620716e-15	9.81000041961669921875	0	4.58291319537152113267e-21	0.000112266973593992964362	1.12103877145985365674e-44	9.81000041961669921875	9.81000041961669921875
axis_z_reverse_q_near	roundtrip	0	0	0	0	1.20137850996355349624e-15	9.81000000000000000038	-0	1.20137861377427666425e-15	9.81000041961669921875	-0	1.20137859282629620716e-15	9.81000041961669921875	0	4.58291319537152113267e-21	0.000112266973593992964362	1.12103877145985365674e-44	9.81000041961669921875	9.81000041961669921875
axis_z_reverse_q_near	roundtrip	1	3	4	5	1.20137850996355349624e-15	9.81000000000000000038	-0	1.20137861377427666425e-15	9.81000041961669921875	-0	1.20137859282629620716e-15	9.81000041961669921875	0	4.58291319537152113267e-21	0.000112266973593992964362	1.12103877145985365674e-44	9.81000041961669921875	9.81000041961669921875
axis_z_reverse_q_near	roundtrip	2	-40	6	17	1.20137850996355349624e-15	9.81000000000000000038	-0	1.20137861377427666425e-15	9.81000041961669921875	-0	1.20137859282629620716e-15	9.81000041961669921875	0	4.58291319537152113267e-21	0.000112266973593992964362	1.12103877145985365674e-44	9.81000041961669921875	9.81000041961669921875
axis_z_reverse_q_near	roundtrip	3	120	-80	10	1.20137850996355349624e-15	9.81000000000000000038	-0	1.20137861377427666425e-15	9.81000041961669921875	-0	1.20137859282629620716e-15	9.81000041961669921875	0	4.58291319537152113267e-21	0.000112266973593992964362	1.12103877145985365674e-44	9.81000041961669921875	9.81000041961669921875
axis_z_reverse_q_near	roundtrip	4	-100	100	-99	1.20137850996355349624e-15	9.81000000000000000038	-0	1.20137861377427666425e-15	9.81000041961669921875	-0	1.20137859282629620716e-15	9.81000041961669921875	0	4.58291319537152113267e-21	0.000112266973593992964362	1.12103877145985365674e-44	9.81000041961669921875	9.81000041961669921875
axis_z_reverse_q_near	roundtrip	5	255	-0.125	1	1.20137850996355349624e-15	9.81000000000000000038	-0	1.20137861377427666425e-15	9.81000041961669921875	-0	1.20137859282629620716e-15	9.81000041961669921875	0	4.58291319537152113267e-21	0.000112266973593992964362	1.12103877145985365674e-44	9.81000041961669921875	9.81000041961669921875
axis_z_reverse_q_far	original	0	0	0	0	1.20137850996355349624e-15	9.81000000000000000038	-0	1.20137861377427666425e-15	9.81000041961669921875	-0	1.20137859282629620716e-15	9.81000041961669921875	0	4.58291319537152113267e-21	0.000112266973593992964362	1.12103877145985365674e-44	9.81000041961669921875	9.81000041961669921875
axis_z_reverse_q_far	original	1	3	4	5	1.20137850996355349624e-15	9.81000000000000000038	-0	1.20137861377427666425e-15	9.81000041961669921875	-0	1.20137859282629620716e-15	9.81000041961669921875	0	4.58291319537152113267e-21	0.000112266973593992964362	1.12103877145985365674e-44	9.81000041961669921875	9.81000041961669921875
axis_z_reverse_q_far	original	2	-40	6	17	1.20137850996355349624e-15	9.81000000000000000038	-0	1.20137861377427666425e-15	9.81000041961669921875	-0	1.20137859282629620716e-15	9.81000041961669921875	0	4.58291319537152113267e-21	0.000112266973593992964362	1.12103877145985365674e-44	9.81000041961669921875	9.81000041961669921875
axis_z_reverse_q_far	original	3	120	-80	10	1.20137850996355349624e-15	9.81000000000000000038	-0	1.20137861377427666425e-15	9.81000041961669921875	-0	1.20137859282629620716e-15	9.81000041961669921875	0	4.58291319537152113267e-21	0.000112266973593992964362	1.12103877145985365674e-44	9.81000041961669921875	9.81000041961669921875
axis_z_reverse_q_far	original	4	-100	100	-99	1.20137850996355349624e-15	9.81000000000000000038	-0	1.20137861377427666425e-15	9.81000041961669921875	-0	1.20137859282629620716e-15	9.81000041961669921875	0	4.58291319537152113267e-21	0.000112266973593992964362	1.12103877145985365674e-44	9.81000041961669921875	9.81000041961669921875
axis_z_reverse_q_far	original	5	255	-0.125	1	1.20137850996355349624e-15	9.81000000000000000038	-0	1.20137861377427666425e-15	9.81000041961669921875	-0	1.20137859282629620716e-15	9.81000041961669921875	0	4.58291319537152113267e-21	0.000112266973593992964362	1.12103877145985365674e-44	9.81000041961669921875	9.81000041961669921875
axis_z_reverse_q_far	roundtrip	0	0	0	0	1.20137850996355349624e-15	9.81000000000000000038	-0	1.20137861377427666425e-15	9.81000041961669921875	-0	1.20137859282629620716e-15	9.81000041961669921875	0	4.58291319537152113267e-21	0.000112266973593992964362	1.12103877145985365674e-44	9.81000041961669921875	9.81000041961669921875
axis_z_reverse_q_far	roundtrip	1	3	4	5	1.20137850996355349624e-15	9.81000000000000000038	-0	1.20137861377427666425e-15	9.81000041961669921875	-0	1.20137859282629620716e-15	9.81000041961669921875	0	4.58291319537152113267e-21	0.000112266973593992964362	1.12103877145985365674e-44	9.81000041961669921875	9.81000041961669921875
axis_z_reverse_q_far	roundtrip	2	-40	6	17	1.20137850996355349624e-15	9.81000000000000000038	-0	1.20137861377427666425e-15	9.81000041961669921875	-0	1.20137859282629620716e-15	9.81000041961669921875	0	4.58291319537152113267e-21	0.000112266973593992964362	1.12103877145985365674e-44	9.81000041961669921875	9.81000041961669921875
axis_z_reverse_q_far	roundtrip	3	120	-80	10	1.20137850996355349624e-15	9.81000000000000000038	-0	1.20137861377427666425e-15	9.81000041961669921875	-0	1.20137859282629620716e-15	9.81000041961669921875	0	4.58291319537152113267e-21	0.000112266973593992964362	1.12103877145985365674e-44	9.81000041961669921875	9.81000041961669921875
axis_z_reverse_q_far	roundtrip	4	-100	100	-99	1.20137850996355349624e-15	9.81000000000000000038	-0	1.20137861377427666425e-15	9.81000041961669921875	-0	1.20137859282629620716e-15	9.81000041961669921875	0	4.58291319537152113267e-21	0.000112266973593992964362	1.12103877145985365674e-44	9.81000041961669921875	9.81000041961669921875
axis_z_reverse_q_far	roundtrip	5	255	-0.125	1	1.20137850996355349624e-15	9.81000000000000000038	-0	1.20137861377427666425e-15	9.81000041961669921875	-0	1.20137859282629620716e-15	9.81000041961669921875	0	4.58291319537152113267e-21	0.000112266973593992964362	1.12103877145985365674e-44	9.81000041961669921875	9.81000041961669921875
axis_z_reverse_minus_q_near	original	0	0	0	0	1.20137850996355349624e-15	9.81000000000000000038	-0	1.20137861377427666425e-15	9.81000041961669921875	-0	1.20137859282629620716e-15	9.81000041961669921875	0	4.58291319537152113267e-21	0.000112266973593992964362	1.12103877145985365674e-44	9.81000041961669921875	9.81000041961669921875
axis_z_reverse_minus_q_near	original	1	3	4	5	1.20137850996355349624e-15	9.81000000000000000038	-0	1.20137861377427666425e-15	9.81000041961669921875	-0	1.20137859282629620716e-15	9.81000041961669921875	0	4.58291319537152113267e-21	0.000112266973593992964362	1.12103877145985365674e-44	9.81000041961669921875	9.81000041961669921875
axis_z_reverse_minus_q_near	original	2	-40	6	17	1.20137850996355349624e-15	9.81000000000000000038	-0	1.20137861377427666425e-15	9.81000041961669921875	-0	1.20137859282629620716e-15	9.81000041961669921875	0	4.58291319537152113267e-21	0.000112266973593992964362	1.12103877145985365674e-44	9.81000041961669921875	9.81000041961669921875
axis_z_reverse_minus_q_near	original	3	120	-80	10	1.20137850996355349624e-15	9.81000000000000000038	-0	1.20137861377427666425e-15	9.81000041961669921875	-0	1.20137859282629620716e-15	9.81000041961669921875	0	4.58291319537152113267e-21	0.000112266973593992964362	1.12103877145985365674e-44	9.81000041961669921875	9.81000041961669921875
axis_z_reverse_minus_q_near	original	4	-100	100	-99	1.20137850996355349624e-15	9.81000000000000000038	-0	1.20137861377427666425e-15	9.81000041961669921875	-0	1.20137859282629620716e-15	9.81000041961669921875	0	4.58291319537152113267e-21	0.000112266973593992964362	1.12103877145985365674e-44	9.81000041961669921875	9.81000041961669921875
axis_z_reverse_minus_q_near	original	5	255	-0.125	1	1.20137850996355349624e-15	9.81000000000000000038	-0	1.20137861377427666425e-15	9.81000041961669921875	-0	1.20137859282629620716e-15	9.81000041961669921875	0	4.58291319537152113267e-21	0.000112266973593992964362	1.12103877145985365674e-44	9.81000041961669921875	9.81000041961669921875
axis_z_reverse_minus_q_near	roundtrip	0	0	0	0	1.20137850996355349624e-15	9.81000000000000000038	-0	1.20137861377427666425e-15	9.81000041961669921875	-0	1.20137859282629620716e-15	9.81000041961669921875	0	4.58291319537152113267e-21	0.000112266973593992964362	1.12103877145985365674e-44	9.81000041961669921875	9.81000041961669921875
axis_z_reverse_minus_q_near	roundtrip	1	3	4	5	1.20137850996355349624e-15	9.81000000000000000038	-0	1.20137861377427666425e-15	9.81000041961669921875	-0	1.20137859282629620716e-15	9.81000041961669921875	0	4.58291319537152113267e-21	0.000112266973593992964362	1.12103877145985365674e-44	9.81000041961669921875	9.81000041961669921875
axis_z_reverse_minus_q_near	roundtrip	2	-40	6	17	1.20137850996355349624e-15	9.81000000000000000038	-0	1.20137861377427666425e-15	9.81000041961669921875	-0	1.20137859282629620716e-15	9.81000041961669921875	0	4.58291319537152113267e-21	0.000112266973593992964362	1.12103877145985365674e-44	9.81000041961669921875	9.81000041961669921875
axis_z_reverse_minus_q_near	roundtrip	3	120	-80	10	1.20137850996355349624e-15	9.81000000000000000038	-0	1.20137861377427666425e-15	9.81000041961669921875	-0	1.20137859282629620716e-15	9.81000041961669921875	0	4.58291319537152113267e-21	0.000112266973593992964362	1.12103877145985365674e-44	9.81000041961669921875	9.81000041961669921875
axis_z_reverse_minus_q_near	roundtrip	4	-100	100	-99	1.20137850996355349624e-15	9.81000000000000000038	-0	1.20137861377427666425e-15	9.81000041961669921875	-0	1.20137859282629620716e-15	9.81000041961669921875	0	4.58291319537152113267e-21	0.000112266973593992964362	1.12103877145985365674e-44	9.81000041961669921875	9.81000041961669921875
axis_z_reverse_minus_q_near	roundtrip	5	255	-0.125	1	1.20137850996355349624e-15	9.81000000000000000038	-0	1.20137861377427666425e-15	9.81000041961669921875	-0	1.20137859282629620716e-15	9.81000041961669921875	0	4.58291319537152113267e-21	0.000112266973593992964362	1.12103877145985365674e-44	9.81000041961669921875	9.81000041961669921875
axis_z_reverse_minus_q_far	original	0	0	0	0	1.20137850996355349624e-15	9.81000000000000000038	-0	1.20137861377427666425e-15	9.81000041961669921875	-0	1.20137859282629620716e-15	9.81000041961669921875	0	4.58291319537152113267e-21	0.000112266973593992964362	1.12103877145985365674e-44	9.81000041961669921875	9.81000041961669921875
axis_z_reverse_minus_q_far	original	1	3	4	5	1.20137850996355349624e-15	9.81000000000000000038	-0	1.20137861377427666425e-15	9.81000041961669921875	-0	1.20137859282629620716e-15	9.81000041961669921875	0	4.58291319537152113267e-21	0.000112266973593992964362	1.12103877145985365674e-44	9.81000041961669921875	9.81000041961669921875
axis_z_reverse_minus_q_far	original	2	-40	6	17	1.20137850996355349624e-15	9.81000000000000000038	-0	1.20137861377427666425e-15	9.81000041961669921875	-0	1.20137859282629620716e-15	9.81000041961669921875	0	4.58291319537152113267e-21	0.000112266973593992964362	1.12103877145985365674e-44	9.81000041961669921875	9.81000041961669921875
axis_z_reverse_minus_q_far	original	3	120	-80	10	1.20137850996355349624e-15	9.81000000000000000038	-0	1.20137861377427666425e-15	9.81000041961669921875	-0	1.20137859282629620716e-15	9.81000041961669921875	0	4.58291319537152113267e-21	0.000112266973593992964362	1.12103877145985365674e-44	9.81000041961669921875	9.81000041961669921875
axis_z_reverse_minus_q_far	original	4	-100	100	-99	1.20137850996355349624e-15	9.81000000000000000038	-0	1.20137861377427666425e-15	9.81000041961669921875	-0	1.20137859282629620716e-15	9.81000041961669921875	0	4.58291319537152113267e-21	0.000112266973593992964362	1.12103877145985365674e-44	9.81000041961669921875	9.81000041961669921875
axis_z_reverse_minus_q_far	original	5	255	-0.125	1	1.20137850996355349624e-15	9.81000000000000000038	-0	1.20137861377427666425e-15	9.81000041961669921875	-0	1.20137859282629620716e-15	9.81000041961669921875	0	4.58291319537152113267e-21	0.000112266973593992964362	1.12103877145985365674e-44	9.81000041961669921875	9.81000041961669921875
axis_z_reverse_minus_q_far	roundtrip	0	0	0	0	1.20137850996355349624e-15	9.81000000000000000038	-0	1.20137861377427666425e-15	9.81000041961669921875	-0	1.20137859282629620716e-15	9.81000041961669921875	0	4.58291319537152113267e-21	0.000112266973593992964362	1.12103877145985365674e-44	9.81000041961669921875	9.81000041961669921875
axis_z_reverse_minus_q_far	roundtrip	1	3	4	5	1.20137850996355349624e-15	9.81000000000000000038	-0	1.20137861377427666425e-15	9.81000041961669921875	-0	1.20137859282629620716e-15	9.81000041961669921875	0	4.58291319537152113267e-21	0.000112266973593992964362	1.12103877145985365674e-44	9.81000041961669921875	9.81000041961669921875
axis_z_reverse_minus_q_far	roundtrip	2	-40	6	17	1.20137850996355349624e-15	9.81000000000000000038	-0	1.20137861377427666425e-15	9.81000041961669921875	-0	1.20137859282629620716e-15	9.81000041961669921875	0	4.58291319537152113267e-21	0.000112266973593992964362	1.12103877145985365674e-44	9.81000041961669921875	9.81000041961669921875
axis_z_reverse_minus_q_far	roundtrip	3	120	-80	10	1.20137850996355349624e-15	9.81000000000000000038	-0	1.20137861377427666425e-15	9.81000041961669921875	-0	1.20137859282629620716e-15	9.81000041961669921875	0	4.58291319537152113267e-21	0.000112266973593992964362	1.12103877145985365674e-44	9.81000041961669921875	9.81000041961669921875
axis_z_reverse_minus_q_far	roundtrip	4	-100	100	-99	1.20137850996355349624e-15	9.81000000000000000038	-0	1.20137861377427666425e-15	9.81000041961669921875	-0	1.20137859282629620716e-15	9.81000041961669921875	0	4.58291319537152113267e-21	0.000112266973593992964362	1.12103877145985365674e-44	9.81000041961669921875	9.81000041961669921875
axis_z_reverse_minus_q_far	roundtrip	5	255	-0.125	1	1.20137850996355349624e-15	9.81000000000000000038	-0	1.20137861377427666425e-15	9.81000041961669921875	-0	1.20137859282629620716e-15	9.81000041961669921875	0	4.58291319537152113267e-21	0.000112266973593992964362	1.12103877145985365674e-44	9.81000041961669921875	9.81000041961669921875
axis_y_yaw_q_near	original	0	0	0	0	0	-9.81000000000000000038	-0	0	-9.81000041961669921875	-0	0	-9.81000041961669921875	0	1.12103877145985365674e-44	3.74223245313309881206e-05	1.12103877145985365674e-44	9.81000041961669921875	9.81000041961669921875
axis_y_yaw_q_near	original	1	3	4	5	0	-9.81000000000000000038	-0	0	-9.81000041961669921875	-0	0	-9.81000041961669921875	0	1.12103877145985365674e-44	3.74223245313309881206e-05	1.12103877145985365674e-44	9.81000041961669921875	9.81000041961669921875
axis_y_yaw_q_near	original	2	-40	6	17	0	-9.81000000000000000038	-0	0	-9.81000041961669921875	-0	0	-9.81000041961669921875	0	1.12103877145985365674e-44	3.74223245313309881206e-05	1.12103877145985365674e-44	9.81000041961669921875	9.81000041961669921875
axis_y_yaw_q_near	original	3	120	-80	10	0	-9.81000000000000000038	-0	0	-9.81000041961669921875	-0	0	-9.81000041961669921875	0	1.12103877145985365674e-44	3.74223245313309881206e-05	1.12103877145985365674e-44	9.81000041961669921875	9.81000041961669921875
axis_y_yaw_q_near	original	4	-100	100	-99	0	-9.81000000000000000038	-0	0	-9.81000041961669921875	-0	0	-9.81000041961669921875	0	1.12103877145985365674e-44	3.74223245313309881206e-05	1.12103877145985365674e-44	9.81000041961669921875	9.81000041961669921875
axis_y_yaw_q_near	original	5	255	-0.125	1	0	-9.81000000000000000038	-0	0	-9.81000041961669921875	-0	0	-9.81000041961669921875	0	1.12103877145985365674e-44	3.74223245313309881206e-05	1.12103877145985365674e-44	9.81000041961669921875	9.81000041961669921875
axis_y_yaw_q_near	roundtrip	0	0	0	0	0	-9.81000000000000000038	-0	0	-9.81000041961669921875	-0	0	-9.81000041961669921875	0	1.12103877145985365674e-44	3.74223245313309881206e-05	1.12103877145985365674e-44	9.81000041961669921875	9.81000041961669921875
axis_y_yaw_q_near	roundtrip	1	3	4	5	0	-9.81000000000000000038	-0	0	-9.81000041961669921875	-0	0	-9.81000041961669921875	0	1.12103877145985365674e-44	3.74223245313309881206e-05	1.12103877145985365674e-44	9.81000041961669921875	9.81000041961669921875
axis_y_yaw_q_near	roundtrip	2	-40	6	17	0	-9.81000000000000000038	-0	0	-9.81000041961669921875	-0	0	-9.81000041961669921875	0	1.12103877145985365674e-44	3.74223245313309881206e-05	1.12103877145985365674e-44	9.81000041961669921875	9.81000041961669921875
axis_y_yaw_q_near	roundtrip	3	120	-80	10	0	-9.81000000000000000038	-0	0	-9.81000041961669921875	-0	0	-9.81000041961669921875	0	1.12103877145985365674e-44	3.74223245313309881206e-05	1.12103877145985365674e-44	9.81000041961669921875	9.81000041961669921875
axis_y_yaw_q_near	roundtrip	4	-100	100	-99	0	-9.81000000000000000038	-0	0	-9.81000041961669921875	-0	0	-9.81000041961669921875	0	1.12103877145985365674e-44	3.74223245313309881206e-05	1.12103877145985365674e-44	9.81000041961669921875	9.81000041961669921875
axis_y_yaw_q_near	roundtrip	5	255	-0.125	1	0	-9.81000000000000000038	-0	0	-9.81000041961669921875	-0	0	-9.81000041961669921875	0	1.12103877145985365674e-44	3.74223245313309881206e-05	1.12103877145985365674e-44	9.81000041961669921875	9.81000041961669921875
axis_y_yaw_q_far	original	0	0	0	0	0	-9.81000000000000000038	-0	0	-9.81000041961669921875	-0	0	-9.81000041961669921875	0	1.12103877145985365674e-44	3.74223245313309881206e-05	1.12103877145985365674e-44	9.81000041961669921875	9.81000041961669921875
axis_y_yaw_q_far	original	1	3	4	5	0	-9.81000000000000000038	-0	0	-9.81000041961669921875	-0	0	-9.81000041961669921875	0	1.12103877145985365674e-44	3.74223245313309881206e-05	1.12103877145985365674e-44	9.81000041961669921875	9.81000041961669921875
axis_y_yaw_q_far	original	2	-40	6	17	0	-9.81000000000000000038	-0	0	-9.81000041961669921875	-0	0	-9.81000041961669921875	0	1.12103877145985365674e-44	3.74223245313309881206e-05	1.12103877145985365674e-44	9.81000041961669921875	9.81000041961669921875
axis_y_yaw_q_far	original	3	120	-80	10	0	-9.81000000000000000038	-0	0	-9.81000041961669921875	-0	0	-9.81000041961669921875	0	1.12103877145985365674e-44	3.74223245313309881206e-05	1.12103877145985365674e-44	9.81000041961669921875	9.81000041961669921875
axis_y_yaw_q_far	original	4	-100	100	-99	0	-9.81000000000000000038	-0	0	-9.81000041961669921875	-0	0	-9.81000041961669921875	0	1.12103877145985365674e-44	3.74223245313309881206e-05	1.12103877145985365674e-44	9.81000041961669921875	9.81000041961669921875
axis_y_yaw_q_far	original	5	255	-0.125	1	0	-9.81000000000000000038	-0	0	-9.81000041961669921875	-0	0	-9.81000041961669921875	0	1.12103877145985365674e-44	3.74223245313309881206e-05	1.12103877145985365674e-44	9.81000041961669921875	9.81000041961669921875
axis_y_yaw_q_far	roundtrip	0	0	0	0	0	-9.81000000000000000038	-0	0	-9.81000041961669921875	-0	0	-9.81000041961669921875	0	1.12103877145985365674e-44	3.74223245313309881206e-05	1.12103877145985365674e-44	9.81000041961669921875	9.81000041961669921875
axis_y_yaw_q_far	roundtrip	1	3	4	5	0	-9.81000000000000000038	-0	0	-9.81000041961669921875	-0	0	-9.81000041961669921875	0	1.12103877145985365674e-44	3.74223245313309881206e-05	1.12103877145985365674e-44	9.81000041961669921875	9.81000041961669921875
axis_y_yaw_q_far	roundtrip	2	-40	6	17	0	-9.81000000000000000038	-0	0	-9.81000041961669921875	-0	0	-9.81000041961669921875	0	1.12103877145985365674e-44	3.74223245313309881206e-05	1.12103877145985365674e-44	9.81000041961669921875	9.81000041961669921875
axis_y_yaw_q_far	roundtrip	3	120	-80	10	0	-9.81000000000000000038	-0	0	-9.81000041961669921875	-0	0	-9.81000041961669921875	0	1.12103877145985365674e-44	3.74223245313309881206e-05	1.12103877145985365674e-44	9.81000041961669921875	9.81000041961669921875
axis_y_yaw_q_far	roundtrip	4	-100	100	-99	0	-9.81000000000000000038	-0	0	-9.81000041961669921875	-0	0	-9.81000041961669921875	0	1.12103877145985365674e-44	3.74223245313309881206e-05	1.12103877145985365674e-44	9.81000041961669921875	9.81000041961669921875
axis_y_yaw_q_far	roundtrip	5	255	-0.125	1	0	-9.81000000000000000038	-0	0	-9.81000041961669921875	-0	0	-9.81000041961669921875	0	1.12103877145985365674e-44	3.74223245313309881206e-05	1.12103877145985365674e-44	9.81000041961669921875	9.81000041961669921875
axis_y_yaw_minus_q_near	original	0	0	0	0	0	-9.81000000000000000038	-0	0	-9.81000041961669921875	-0	0	-9.81000041961669921875	0	1.12103877145985365674e-44	3.74223245313309881206e-05	1.12103877145985365674e-44	9.81000041961669921875	9.81000041961669921875
axis_y_yaw_minus_q_near	original	1	3	4	5	0	-9.81000000000000000038	-0	0	-9.81000041961669921875	-0	0	-9.81000041961669921875	0	1.12103877145985365674e-44	3.74223245313309881206e-05	1.12103877145985365674e-44	9.81000041961669921875	9.81000041961669921875
axis_y_yaw_minus_q_near	original	2	-40	6	17	0	-9.81000000000000000038	-0	0	-9.81000041961669921875	-0	0	-9.81000041961669921875	0	1.12103877145985365674e-44	3.74223245313309881206e-05	1.12103877145985365674e-44	9.81000041961669921875	9.81000041961669921875
axis_y_yaw_minus_q_near	original	3	120	-80	10	0	-9.81000000000000000038	-0	0	-9.81000041961669921875	-0	0	-9.81000041961669921875	0	1.12103877145985365674e-44	3.74223245313309881206e-05	1.12103877145985365674e-44	9.81000041961669921875	9.81000041961669921875
axis_y_yaw_minus_q_near	original	4	-100	100	-99	0	-9.81000000000000000038	-0	0	-9.81000041961669921875	-0	0	-9.81000041961669921875	0	1.12103877145985365674e-44	3.74223245313309881206e-05	1.12103877145985365674e-44	9.81000041961669921875	9.81000041961669921875
axis_y_yaw_minus_q_near	original	5	255	-0.125	1	0	-9.81000000000000000038	-0	0	-9.81000041961669921875	-0	0	-9.81000041961669921875	0	1.12103877145985365674e-44	3.74223245313309881206e-05	1.12103877145985365674e-44	9.81000041961669921875	9.81000041961669921875
axis_y_yaw_minus_q_near	roundtrip	0	0	0	0	0	-9.81000000000000000038	-0	0	-9.81000041961669921875	-0	0	-9.81000041961669921875	0	1.12103877145985365674e-44	3.74223245313309881206e-05	1.12103877145985365674e-44	9.81000041961669921875	9.81000041961669921875
axis_y_yaw_minus_q_near	roundtrip	1	3	4	5	0	-9.81000000000000000038	-0	0	-9.81000041961669921875	-0	0	-9.81000041961669921875	0	1.12103877145985365674e-44	3.74223245313309881206e-05	1.12103877145985365674e-44	9.81000041961669921875	9.81000041961669921875
axis_y_yaw_minus_q_near	roundtrip	2	-40	6	17	0	-9.81000000000000000038	-0	0	-9.81000041961669921875	-0	0	-9.81000041961669921875	0	1.12103877145985365674e-44	3.74223245313309881206e-05	1.12103877145985365674e-44	9.81000041961669921875	9.81000041961669921875
axis_y_yaw_minus_q_near	roundtrip	3	120	-80	10	0	-9.81000000000000000038	-0	0	-9.81000041961669921875	-0	0	-9.81000041961669921875	0	1.12103877145985365674e-44	3.74223245313309881206e-05	1.12103877145985365674e-44	9.81000041961669921875	9.81000041961669921875
axis_y_yaw_minus_q_near	roundtrip	4	-100	100	-99	0	-9.81000000000000000038	-0	0	-9.81000041961669921875	-0	0	-9.81000041961669921875	0	1.12103877145985365674e-44	3.74223245313309881206e-05	1.12103877145985365674e-44	9.81000041961669921875	9.81000041961669921875
axis_y_yaw_minus_q_near	roundtrip	5	255	-0.125	1	0	-9.81000000000000000038	-0	0	-9.81000041961669921875	-0	0	-9.81000041961669921875	0	1.12103877145985365674e-44	3.74223245313309881206e-05	1.12103877145985365674e-44	9.81000041961669921875	9.81000041961669921875
axis_y_yaw_minus_q_far	original	0	0	0	0	0	-9.81000000000000000038	-0	0	-9.81000041961669921875	-0	0	-9.81000041961669921875	0	1.12103877145985365674e-44	3.74223245313309881206e-05	1.12103877145985365674e-44	9.81000041961669921875	9.81000041961669921875
axis_y_yaw_minus_q_far	original	1	3	4	5	0	-9.81000000000000000038	-0	0	-9.81000041961669921875	-0	0	-9.81000041961669921875	0	1.12103877145985365674e-44	3.74223245313309881206e-05	1.12103877145985365674e-44	9.81000041961669921875	9.81000041961669921875
axis_y_yaw_minus_q_far	original	2	-40	6	17	0	-9.81000000000000000038	-0	0	-9.81000041961669921875	-0	0	-9.81000041961669921875	0	1.12103877145985365674e-44	3.74223245313309881206e-05	1.12103877145985365674e-44	9.81000041961669921875	9.81000041961669921875
axis_y_yaw_minus_q_far	original	3	120	-80	10	0	-9.81000000000000000038	-0	0	-9.81000041961669921875	-0	0	-9.81000041961669921875	0	1.12103877145985365674e-44	3.74223245313309881206e-05	1.12103877145985365674e-44	9.81000041961669921875	9.81000041961669921875
axis_y_yaw_minus_q_far	original	4	-100	100	-99	0	-9.81000000000000000038	-0	0	-9.81000041961669921875	-0	0	-9.81000041961669921875	0	1.12103877145985365674e-44	3.74223245313309881206e-05	1.12103877145985365674e-44	9.81000041961669921875	9.81000041961669921875
axis_y_yaw_minus_q_far	original	5	255	-0.125	1	0	-9.81000000000000000038	-0	0	-9.81000041961669921875	-0	0	-9.81000041961669921875	0	1.12103877145985365674e-44	3.74223245313309881206e-05	1.12103877145985365674e-44	9.81000041961669921875	9.81000041961669921875
axis_y_yaw_minus_q_far	roundtrip	0	0	0	0	0	-9.81000000000000000038	-0	0	-9.81000041961669921875	-0	0	-9.81000041961669921875	0	1.12103877145985365674e-44	3.74223245313309881206e-05	1.12103877145985365674e-44	9.81000041961669921875	9.81000041961669921875
axis_y_yaw_minus_q_far	roundtrip	1	3	4	5	0	-9.81000000000000000038	-0	0	-9.81000041961669921875	-0	0	-9.81000041961669921875	0	1.12103877145985365674e-44	3.74223245313309881206e-05	1.12103877145985365674e-44	9.81000041961669921875	9.81000041961669921875
axis_y_yaw_minus_q_far	roundtrip	2	-40	6	17	0	-9.81000000000000000038	-0	0	-9.81000041961669921875	-0	0	-9.81000041961669921875	0	1.12103877145985365674e-44	3.74223245313309881206e-05	1.12103877145985365674e-44	9.81000041961669921875	9.81000041961669921875
axis_y_yaw_minus_q_far	roundtrip	3	120	-80	10	0	-9.81000000000000000038	-0	0	-9.81000041961669921875	-0	0	-9.81000041961669921875	0	1.12103877145985365674e-44	3.74223245313309881206e-05	1.12103877145985365674e-44	9.81000041961669921875	9.81000041961669921875
axis_y_yaw_minus_q_far	roundtrip	4	-100	100	-99	0	-9.81000000000000000038	-0	0	-9.81000041961669921875	-0	0	-9.81000041961669921875	0	1.12103877145985365674e-44	3.74223245313309881206e-05	1.12103877145985365674e-44	9.81000041961669921875	9.81000041961669921875
axis_y_yaw_minus_q_far	roundtrip	5	255	-0.125	1	0	-9.81000000000000000038	-0	0	-9.81000041961669921875	-0	0	-9.81000041961669921875	0	1.12103877145985365674e-44	3.74223245313309881206e-05	1.12103877145985365674e-44	9.81000041961669921875	9.81000041961669921875
arbitrary_default_q_near	original	0	0	0	0	-5.60238188672694226384	-8.02440063357369932993	-0.677061051291447007594	-5.60238226222201329526	-8.02440088621143488099	-0.677061029885127799003	-5.60238218307495117188	-8.0244007110595703125	-0.677060961723327636719	2.13714738223870684908e-05	4.42338721729054888225e-05	1.07566495413600321682e-05	9.81000041961669921875	9.8100002264413180119
arbitrary_default_q_near	original	1	3	4	5	-5.60238188672694226384	-8.02440063357369932993	-0.677061051291447007594	-5.60238226222201329526	-8.02440088621143488099	-0.677061029885127799003	-5.60238218307495117188	-8.0244007110595703125	-0.677060961723327636719	2.13714738223870684908e-05	4.42338721729054888225e-05	1.07566495413600321682e-05	9.81000041961669921875	9.8100002264413180119
arbitrary_default_q_near	original	2	-40	6	17	-5.60238188672694226384	-8.02440063357369932993	-0.677061051291447007594	-5.60238226222201329526	-8.02440088621143488099	-0.677061029885127799003	-5.60238218307495117188	-8.0244007110595703125	-0.677060961723327636719	2.13714738223870684908e-05	4.42338721729054888225e-05	1.07566495413600321682e-05	9.81000041961669921875	9.8100002264413180119
arbitrary_default_q_near	original	3	120	-80	10	-5.60238188672694226384	-8.02440063357369932993	-0.677061051291447007594	-5.60238226222201329526	-8.02440088621143488099	-0.677061029885127799003	-5.60238218307495117188	-8.0244007110595703125	-0.677060961723327636719	2.13714738223870684908e-05	4.42338721729054888225e-05	1.07566495413600321682e-05	9.81000041961669921875	9.8100002264413180119
arbitrary_default_q_near	original	4	-100	100	-99	-5.60238188672694226384	-8.02440063357369932993	-0.677061051291447007594	-5.60238226222201329526	-8.02440088621143488099	-0.677061029885127799003	-5.60238218307495117188	-8.0244007110595703125	-0.677060961723327636719	2.13714738223870684908e-05	4.42338721729054888225e-05	1.07566495413600321682e-05	9.81000041961669921875	9.8100002264413180119
arbitrary_default_q_near	original	5	255	-0.125	1	-5.60238188672694226384	-8.02440063357369932993	-0.677061051291447007594	-5.60238226222201329526	-8.02440088621143488099	-0.677061029885127799003	-5.60238218307495117188	-8.0244007110595703125	-0.677060961723327636719	2.13714738223870684908e-05	4.42338721729054888225e-05	1.07566495413600321682e-05	9.81000041961669921875	9.8100002264413180119
arbitrary_default_q_near	roundtrip	0	0	0	0	-5.60238188672694226384	-8.02440063357369932993	-0.677061051291447007594	-5.60238226222201329526	-8.02440088621143488099	-0.677061029885127799003	-5.60238218307495117188	-8.0244007110595703125	-0.677060961723327636719	2.13714738223870684908e-05	4.42338721729054888225e-05	1.07566495413600321682e-05	9.81000041961669921875	9.8100002264413180119
arbitrary_default_q_near	roundtrip	1	3	4	5	-5.60238188672694226384	-8.02440063357369932993	-0.677061051291447007594	-5.60238226222201329526	-8.02440088621143488099	-0.677061029885127799003	-5.60238218307495117188	-8.0244007110595703125	-0.677060961723327636719	2.13714738223870684908e-05	4.42338721729054888225e-05	1.07566495413600321682e-05	9.81000041961669921875	9.8100002264413180119
arbitrary_default_q_near	roundtrip	2	-40	6	17	-5.60238188672694226384	-8.02440063357369932993	-0.677061051291447007594	-5.60238226222201329526	-8.02440088621143488099	-0.677061029885127799003	-5.60238218307495117188	-8.0244007110595703125	-0.677060961723327636719	2.13714738223870684908e-05	4.42338721729054888225e-05	1.07566495413600321682e-05	9.81000041961669921875	9.8100002264413180119
arbitrary_default_q_near	roundtrip	3	120	-80	10	-5.60238188672694226384	-8.02440063357369932993	-0.677061051291447007594	-5.60238226222201329526	-8.02440088621143488099	-0.677061029885127799003	-5.60238218307495117188	-8.0244007110595703125	-0.677060961723327636719	2.13714738223870684908e-05	4.42338721729054888225e-05	1.07566495413600321682e-05	9.81000041961669921875	9.8100002264413180119
arbitrary_default_q_near	roundtrip	4	-100	100	-99	-5.60238188672694226384	-8.02440063357369932993	-0.677061051291447007594	-5.60238226222201329526	-8.02440088621143488099	-0.677061029885127799003	-5.60238218307495117188	-8.0244007110595703125	-0.677060961723327636719	2.13714738223870684908e-05	4.42338721729054888225e-05	1.07566495413600321682e-05	9.81000041961669921875	9.8100002264413180119
arbitrary_default_q_near	roundtrip	5	255	-0.125	1	-5.60238188672694226384	-8.02440063357369932993	-0.677061051291447007594	-5.60238226222201329526	-8.02440088621143488099	-0.677061029885127799003	-5.60238218307495117188	-8.0244007110595703125	-0.677060961723327636719	2.13714738223870684908e-05	4.42338721729054888225e-05	1.07566495413600321682e-05	9.81000041961669921875	9.8100002264413180119
arbitrary_default_q_far	original	0	0	0	0	-5.60238188672694226384	-8.02440063357369932993	-0.677061051291447007594	-5.60238226222201329526	-8.02440088621143488099	-0.677061029885127799003	-5.60238218307495117188	-8.0244007110595703125	-0.677060961723327636719	2.13714738223870684908e-05	4.42338721729054888225e-05	1.07566495413600321682e-05	9.81000041961669921875	9.8100002264413180119
arbitrary_default_q_far	original	1	3	4	5	-5.60238188672694226384	-8.02440063357369932993	-0.677061051291447007594	-5.60238226222201329526	-8.02440088621143488099	-0.677061029885127799003	-5.60238218307495117188	-8.0244007110595703125	-0.677060961723327636719	2.13714738223870684908e-05	4.42338721729054888225e-05	1.07566495413600321682e-05	9.81000041961669921875	9.8100002264413180119
arbitrary_default_q_far	original	2	-40	6	17	-5.60238188672694226384	-8.02440063357369932993	-0.677061051291447007594	-5.60238226222201329526	-8.02440088621143488099	-0.677061029885127799003	-5.60238218307495117188	-8.0244007110595703125	-0.677060961723327636719	2.13714738223870684908e-05	4.42338721729054888225e-05	1.07566495413600321682e-05	9.81000041961669921875	9.8100002264413180119
arbitrary_default_q_far	original	3	120	-80	10	-5.60238188672694226384	-8.02440063357369932993	-0.677061051291447007594	-5.60238226222201329526	-8.02440088621143488099	-0.677061029885127799003	-5.60238218307495117188	-8.0244007110595703125	-0.677060961723327636719	2.13714738223870684908e-05	4.42338721729054888225e-05	1.07566495413600321682e-05	9.81000041961669921875	9.8100002264413180119
arbitrary_default_q_far	original	4	-100	100	-99	-5.60238188672694226384	-8.02440063357369932993	-0.677061051291447007594	-5.60238226222201329526	-8.02440088621143488099	-0.677061029885127799003	-5.60238218307495117188	-8.0244007110595703125	-0.677060961723327636719	2.13714738223870684908e-05	4.42338721729054888225e-05	1.07566495413600321682e-05	9.81000041961669921875	9.8100002264413180119
arbitrary_default_q_far	original	5	255	-0.125	1	-5.60238188672694226384	-8.02440063357369932993	-0.677061051291447007594	-5.60238226222201329526	-8.02440088621143488099	-0.677061029885127799003	-5.60238218307495117188	-8.0244007110595703125	-0.677060961723327636719	2.13714738223870684908e-05	4.42338721729054888225e-05	1.07566495413600321682e-05	9.81000041961669921875	9.8100002264413180119
arbitrary_default_q_far	roundtrip	0	0	0	0	-5.60238188672694226384	-8.02440063357369932993	-0.677061051291447007594	-5.60238226222201329526	-8.02440088621143488099	-0.677061029885127799003	-5.60238218307495117188	-8.0244007110595703125	-0.677060961723327636719	2.13714738223870684908e-05	4.42338721729054888225e-05	1.07566495413600321682e-05	9.81000041961669921875	9.8100002264413180119
arbitrary_default_q_far	roundtrip	1	3	4	5	-5.60238188672694226384	-8.02440063357369932993	-0.677061051291447007594	-5.60238226222201329526	-8.02440088621143488099	-0.677061029885127799003	-5.60238218307495117188	-8.0244007110595703125	-0.677060961723327636719	2.13714738223870684908e-05	4.42338721729054888225e-05	1.07566495413600321682e-05	9.81000041961669921875	9.8100002264413180119
arbitrary_default_q_far	roundtrip	2	-40	6	17	-5.60238188672694226384	-8.02440063357369932993	-0.677061051291447007594	-5.60238226222201329526	-8.02440088621143488099	-0.677061029885127799003	-5.60238218307495117188	-8.0244007110595703125	-0.677060961723327636719	2.13714738223870684908e-05	4.42338721729054888225e-05	1.07566495413600321682e-05	9.81000041961669921875	9.8100002264413180119
arbitrary_default_q_far	roundtrip	3	120	-80	10	-5.60238188672694226384	-8.02440063357369932993	-0.677061051291447007594	-5.60238226222201329526	-8.02440088621143488099	-0.677061029885127799003	-5.60238218307495117188	-8.0244007110595703125	-0.677060961723327636719	2.13714738223870684908e-05	4.42338721729054888225e-05	1.07566495413600321682e-05	9.81000041961669921875	9.8100002264413180119
arbitrary_default_q_far	roundtrip	4	-100	100	-99	-5.60238188672694226384	-8.02440063357369932993	-0.677061051291447007594	-5.60238226222201329526	-8.02440088621143488099	-0.677061029885127799003	-5.60238218307495117188	-8.0244007110595703125	-0.677060961723327636719	2.13714738223870684908e-05	4.42338721729054888225e-05	1.07566495413600321682e-05	9.81000041961669921875	9.8100002264413180119
arbitrary_default_q_far	roundtrip	5	255	-0.125	1	-5.60238188672694226384	-8.02440063357369932993	-0.677061051291447007594	-5.60238226222201329526	-8.02440088621143488099	-0.677061029885127799003	-5.60238218307495117188	-8.0244007110595703125	-0.677060961723327636719	2.13714738223870684908e-05	4.42338721729054888225e-05	1.07566495413600321682e-05	9.81000041961669921875	9.8100002264413180119
arbitrary_default_minus_q_near	original	0	0	0	0	-5.60238188672694226384	-8.02440063357369932993	-0.677061051291447007594	-5.60238226222201329526	-8.02440088621143488099	-0.677061029885127799003	-5.60238218307495117188	-8.0244007110595703125	-0.677060961723327636719	2.13714738223870684908e-05	4.42338721729054888225e-05	1.07566495413600321682e-05	9.81000041961669921875	9.8100002264413180119
arbitrary_default_minus_q_near	original	1	3	4	5	-5.60238188672694226384	-8.02440063357369932993	-0.677061051291447007594	-5.60238226222201329526	-8.02440088621143488099	-0.677061029885127799003	-5.60238218307495117188	-8.0244007110595703125	-0.677060961723327636719	2.13714738223870684908e-05	4.42338721729054888225e-05	1.07566495413600321682e-05	9.81000041961669921875	9.8100002264413180119
arbitrary_default_minus_q_near	original	2	-40	6	17	-5.60238188672694226384	-8.02440063357369932993	-0.677061051291447007594	-5.60238226222201329526	-8.02440088621143488099	-0.677061029885127799003	-5.60238218307495117188	-8.0244007110595703125	-0.677060961723327636719	2.13714738223870684908e-05	4.42338721729054888225e-05	1.07566495413600321682e-05	9.81000041961669921875	9.8100002264413180119
arbitrary_default_minus_q_near	original	3	120	-80	10	-5.60238188672694226384	-8.02440063357369932993	-0.677061051291447007594	-5.60238226222201329526	-8.02440088621143488099	-0.677061029885127799003	-5.60238218307495117188	-8.0244007110595703125	-0.677060961723327636719	2.13714738223870684908e-05	4.42338721729054888225e-05	1.07566495413600321682e-05	9.81000041961669921875	9.8100002264413180119
arbitrary_default_minus_q_near	original	4	-100	100	-99	-5.60238188672694226384	-8.02440063357369932993	-0.677061051291447007594	-5.60238226222201329526	-8.02440088621143488099	-0.677061029885127799003	-5.60238218307495117188	-8.0244007110595703125	-0.677060961723327636719	2.13714738223870684908e-05	4.42338721729054888225e-05	1.07566495413600321682e-05	9.81000041961669921875	9.8100002264413180119
arbitrary_default_minus_q_near	original	5	255	-0.125	1	-5.60238188672694226384	-8.02440063357369932993	-0.677061051291447007594	-5.60238226222201329526	-8.02440088621143488099	-0.677061029885127799003	-5.60238218307495117188	-8.0244007110595703125	-0.677060961723327636719	2.13714738223870684908e-05	4.42338721729054888225e-05	1.07566495413600321682e-05	9.81000041961669921875	9.8100002264413180119
arbitrary_default_minus_q_near	roundtrip	0	0	0	0	-5.60238188672694226384	-8.02440063357369932993	-0.677061051291447007594	-5.60238226222201329526	-8.02440088621143488099	-0.677061029885127799003	-5.60238218307495117188	-8.0244007110595703125	-0.677060961723327636719	2.13714738223870684908e-05	4.42338721729054888225e-05	1.07566495413600321682e-05	9.81000041961669921875	9.8100002264413180119
arbitrary_default_minus_q_near	roundtrip	1	3	4	5	-5.60238188672694226384	-8.02440063357369932993	-0.677061051291447007594	-5.60238226222201329526	-8.02440088621143488099	-0.677061029885127799003	-5.60238218307495117188	-8.0244007110595703125	-0.677060961723327636719	2.13714738223870684908e-05	4.42338721729054888225e-05	1.07566495413600321682e-05	9.81000041961669921875	9.8100002264413180119
arbitrary_default_minus_q_near	roundtrip	2	-40	6	17	-5.60238188672694226384	-8.02440063357369932993	-0.677061051291447007594	-5.60238226222201329526	-8.02440088621143488099	-0.677061029885127799003	-5.60238218307495117188	-8.0244007110595703125	-0.677060961723327636719	2.13714738223870684908e-05	4.42338721729054888225e-05	1.07566495413600321682e-05	9.81000041961669921875	9.8100002264413180119
arbitrary_default_minus_q_near	roundtrip	3	120	-80	10	-5.60238188672694226384	-8.02440063357369932993	-0.677061051291447007594	-5.60238226222201329526	-8.02440088621143488099	-0.677061029885127799003	-5.60238218307495117188	-8.0244007110595703125	-0.677060961723327636719	2.13714738223870684908e-05	4.42338721729054888225e-05	1.07566495413600321682e-05	9.81000041961669921875	9.8100002264413180119
arbitrary_default_minus_q_near	roundtrip	4	-100	100	-99	-5.60238188672694226384	-8.02440063357369932993	-0.677061051291447007594	-5.60238226222201329526	-8.02440088621143488099	-0.677061029885127799003	-5.60238218307495117188	-8.0244007110595703125	-0.677060961723327636719	2.13714738223870684908e-05	4.42338721729054888225e-05	1.07566495413600321682e-05	9.81000041961669921875	9.8100002264413180119
arbitrary_default_minus_q_near	roundtrip	5	255	-0.125	1	-5.60238188672694226384	-8.02440063357369932993	-0.677061051291447007594	-5.60238226222201329526	-8.02440088621143488099	-0.677061029885127799003	-5.60238218307495117188	-8.0244007110595703125	-0.677060961723327636719	2.13714738223870684908e-05	4.42338721729054888225e-05	1.07566495413600321682e-05	9.81000041961669921875	9.8100002264413180119
arbitrary_default_minus_q_far	original	0	0	0	0	-5.60238188672694226384	-8.02440063357369932993	-0.677061051291447007594	-5.60238226222201329526	-8.02440088621143488099	-0.677061029885127799003	-5.60238218307495117188	-8.0244007110595703125	-0.677060961723327636719	2.13714738223870684908e-05	4.42338721729054888225e-05	1.07566495413600321682e-05	9.81000041961669921875	9.8100002264413180119
arbitrary_default_minus_q_far	original	1	3	4	5	-5.60238188672694226384	-8.02440063357369932993	-0.677061051291447007594	-5.60238226222201329526	-8.02440088621143488099	-0.677061029885127799003	-5.60238218307495117188	-8.0244007110595703125	-0.677060961723327636719	2.13714738223870684908e-05	4.42338721729054888225e-05	1.07566495413600321682e-05	9.81000041961669921875	9.8100002264413180119
arbitrary_default_minus_q_far	original	2	-40	6	17	-5.60238188672694226384	-8.02440063357369932993	-0.677061051291447007594	-5.60238226222201329526	-8.02440088621143488099	-0.677061029885127799003	-5.60238218307495117188	-8.0244007110595703125	-0.677060961723327636719	2.13714738223870684908e-05	4.42338721729054888225e-05	1.07566495413600321682e-05	9.81000041961669921875	9.8100002264413180119
arbitrary_default_minus_q_far	original	3	120	-80	10	-5.60238188672694226384	-8.02440063357369932993	-0.677061051291447007594	-5.60238226222201329526	-8.02440088621143488099	-0.677061029885127799003	-5.60238218307495117188	-8.0244007110595703125	-0.677060961723327636719	2.13714738223870684908e-05	4.42338721729054888225e-05	1.07566495413600321682e-05	9.81000041961669921875	9.8100002264413180119
arbitrary_default_minus_q_far	original	4	-100	100	-99	-5.60238188672694226384	-8.02440063357369932993	-0.677061051291447007594	-5.60238226222201329526	-8.02440088621143488099	-0.677061029885127799003	-5.60238218307495117188	-8.0244007110595703125	-0.677060961723327636719	2.13714738223870684908e-05	4.42338721729054888225e-05	1.07566495413600321682e-05	9.81000041961669921875	9.8100002264413180119
arbitrary_default_minus_q_far	original	5	255	-0.125	1	-5.60238188672694226384	-8.02440063357369932993	-0.677061051291447007594	-5.60238226222201329526	-8.02440088621143488099	-0.677061029885127799003	-5.60238218307495117188	-8.0244007110595703125	-0.677060961723327636719	2.13714738223870684908e-05	4.42338721729054888225e-05	1.07566495413600321682e-05	9.81000041961669921875	9.8100002264413180119
arbitrary_default_minus_q_far	roundtrip	0	0	0	0	-5.60238188672694226384	-8.02440063357369932993	-0.677061051291447007594	-5.60238226222201329526	-8.02440088621143488099	-0.677061029885127799003	-5.60238218307495117188	-8.0244007110595703125	-0.677060961723327636719	2.13714738223870684908e-05	4.42338721729054888225e-05	1.07566495413600321682e-05	9.81000041961669921875	9.8100002264413180119
arbitrary_default_minus_q_far	roundtrip	1	3	4	5	-5.60238188672694226384	-8.02440063357369932993	-0.677061051291447007594	-5.60238226222201329526	-8.02440088621143488099	-0.677061029885127799003	-5.60238218307495117188	-8.0244007110595703125	-0.677060961723327636719	2.13714738223870684908e-05	4.42338721729054888225e-05	1.07566495413600321682e-05	9.81000041961669921875	9.8100002264413180119
arbitrary_default_minus_q_far	roundtrip	2	-40	6	17	-5.60238188672694226384	-8.02440063357369932993	-0.677061051291447007594	-5.60238226222201329526	-8.02440088621143488099	-0.677061029885127799003	-5.60238218307495117188	-8.0244007110595703125	-0.677060961723327636719	2.13714738223870684908e-05	4.42338721729054888225e-05	1.07566495413600321682e-05	9.81000041961669921875	9.8100002264413180119
arbitrary_default_minus_q_far	roundtrip	3	120	-80	10	-5.60238188672694226384	-8.02440063357369932993	-0.677061051291447007594	-5.60238226222201329526	-8.02440088621143488099	-0.677061029885127799003	-5.60238218307495117188	-8.0244007110595703125	-0.677060961723327636719	2.13714738223870684908e-05	4.42338721729054888225e-05	1.07566495413600321682e-05	9.81000041961669921875	9.8100002264413180119
arbitrary_default_minus_q_far	roundtrip	4	-100	100	-99	-5.60238188672694226384	-8.02440063357369932993	-0.677061051291447007594	-5.60238226222201329526	-8.02440088621143488099	-0.677061029885127799003	-5.60238218307495117188	-8.0244007110595703125	-0.677060961723327636719	2.13714738223870684908e-05	4.42338721729054888225e-05	1.07566495413600321682e-05	9.81000041961669921875	9.8100002264413180119
arbitrary_default_minus_q_far	roundtrip	5	255	-0.125	1	-5.60238188672694226384	-8.02440063357369932993	-0.677061051291447007594	-5.60238226222201329526	-8.02440088621143488099	-0.677061029885127799003	-5.60238218307495117188	-8.0244007110595703125	-0.677060961723327636719	2.13714738223870684908e-05	4.42338721729054888225e-05	1.07566495413600321682e-05	9.81000041961669921875	9.8100002264413180119
arbitrary_3_7_q_near	original	0	0	0	0	-2.11302884616612501271	-3.02653234905430046104	-0.255364514758241990621	-2.11302892463829053936	-3.026532353887058525	-0.255364499052451621636	-2.11302900314331054688	-3.02653241157531738281	-0.255364447832107543945	8.06059640973930465211e-06	1.66835190772989288885e-05	4.0570440482717336198e-06	3.70000004768371582031	3.70000013616990508893
arbitrary_3_7_q_near	original	1	3	4	5	-2.11302884616612501271	-3.02653234905430046104	-0.255364514758241990621	-2.11302892463829053936	-3.026532353887058525	-0.255364499052451621636	-2.11302900314331054688	-3.02653241157531738281	-0.255364447832107543945	8.06059640973930465211e-06	1.66835190772989288885e-05	4.0570440482717336198e-06	3.70000004768371582031	3.70000013616990508893
arbitrary_3_7_q_near	original	2	-40	6	17	-2.11302884616612501271	-3.02653234905430046104	-0.255364514758241990621	-2.11302892463829053936	-3.026532353887058525	-0.255364499052451621636	-2.11302900314331054688	-3.02653241157531738281	-0.255364447832107543945	8.06059640973930465211e-06	1.66835190772989288885e-05	4.0570440482717336198e-06	3.70000004768371582031	3.70000013616990508893
arbitrary_3_7_q_near	original	3	120	-80	10	-2.11302884616612501271	-3.02653234905430046104	-0.255364514758241990621	-2.11302892463829053936	-3.026532353887058525	-0.255364499052451621636	-2.11302900314331054688	-3.02653241157531738281	-0.255364447832107543945	8.06059640973930465211e-06	1.66835190772989288885e-05	4.0570440482717336198e-06	3.70000004768371582031	3.70000013616990508893
arbitrary_3_7_q_near	original	4	-100	100	-99	-2.11302884616612501271	-3.02653234905430046104	-0.255364514758241990621	-2.11302892463829053936	-3.026532353887058525	-0.255364499052451621636	-2.11302900314331054688	-3.02653241157531738281	-0.255364447832107543945	8.06059640973930465211e-06	1.66835190772989288885e-05	4.0570440482717336198e-06	3.70000004768371582031	3.70000013616990508893
arbitrary_3_7_q_near	original	5	255	-0.125	1	-2.11302884616612501271	-3.02653234905430046104	-0.255364514758241990621	-2.11302892463829053936	-3.026532353887058525	-0.255364499052451621636	-2.11302900314331054688	-3.02653241157531738281	-0.255364447832107543945	8.06059640973930465211e-06	1.66835190772989288885e-05	4.0570440482717336198e-06	3.70000004768371582031	3.70000013616990508893
arbitrary_3_7_q_near	roundtrip	0	0	0	0	-2.11302884616612501271	-3.02653234905430046104	-0.255364514758241990621	-2.11302892463829053936	-3.026532353887058525	-0.255364499052451621636	-2.11302900314331054688	-3.02653241157531738281	-0.255364447832107543945	8.06059640973930465211e-06	1.66835190772989288885e-05	4.0570440482717336198e-06	3.70000004768371582031	3.70000013616990508893
arbitrary_3_7_q_near	roundtrip	1	3	4	5	-2.11302884616612501271	-3.02653234905430046104	-0.255364514758241990621	-2.11302892463829053936	-3.026532353887058525	-0.255364499052451621636	-2.11302900314331054688	-3.02653241157531738281	-0.255364447832107543945	8.06059640973930465211e-06	1.66835190772989288885e-05	4.0570440482717336198e-06	3.70000004768371582031	3.70000013616990508893
arbitrary_3_7_q_near	roundtrip	2	-40	6	17	-2.11302884616612501271	-3.02653234905430046104	-0.255364514758241990621	-2.11302892463829053936	-3.026532353887058525	-0.255364499052451621636	-2.11302900314331054688	-3.02653241157531738281	-0.255364447832107543945	8.06059640973930465211e-06	1.66835190772989288885e-05	4.0570440482717336198e-06	3.70000004768371582031	3.70000013616990508893
arbitrary_3_7_q_near	roundtrip	3	120	-80	10	-2.11302884616612501271	-3.02653234905430046104	-0.255364514758241990621	-2.11302892463829053936	-3.026532353887058525	-0.255364499052451621636	-2.11302900314331054688	-3.02653241157531738281	-0.255364447832107543945	8.06059640973930465211e-06	1.66835190772989288885e-05	4.0570440482717336198e-06	3.70000004768371582031	3.70000013616990508893
arbitrary_3_7_q_near	roundtrip	4	-100	100	-99	-2.11302884616612501271	-3.02653234905430046104	-0.255364514758241990621	-2.11302892463829053936	-3.026532353887058525	-0.255364499052451621636	-2.11302900314331054688	-3.02653241157531738281	-0.255364447832107543945	8.06059640973930465211e-06	1.66835190772989288885e-05	4.0570440482717336198e-06	3.70000004768371582031	3.70000013616990508893
arbitrary_3_7_q_near	roundtrip	5	255	-0.125	1	-2.11302884616612501271	-3.02653234905430046104	-0.255364514758241990621	-2.11302892463829053936	-3.026532353887058525	-0.255364499052451621636	-2.11302900314331054688	-3.02653241157531738281	-0.255364447832107543945	8.06059640973930465211e-06	1.66835190772989288885e-05	4.0570440482717336198e-06	3.70000004768371582031	3.70000013616990508893
arbitrary_3_7_q_far	original	0	0	0	0	-2.11302884616612501271	-3.02653234905430046104	-0.255364514758241990621	-2.11302892463829053936	-3.026532353887058525	-0.255364499052451621636	-2.11302900314331054688	-3.02653241157531738281	-0.255364447832107543945	8.06059640973930465211e-06	1.66835190772989288885e-05	4.0570440482717336198e-06	3.70000004768371582031	3.70000013616990508893
arbitrary_3_7_q_far	original	1	3	4	5	-2.11302884616612501271	-3.02653234905430046104	-0.255364514758241990621	-2.11302892463829053936	-3.026532353887058525	-0.255364499052451621636	-2.11302900314331054688	-3.02653241157531738281	-0.255364447832107543945	8.06059640973930465211e-06	1.66835190772989288885e-05	4.0570440482717336198e-06	3.70000004768371582031	3.70000013616990508893
arbitrary_3_7_q_far	original	2	-40	6	17	-2.11302884616612501271	-3.02653234905430046104	-0.255364514758241990621	-2.11302892463829053936	-3.026532353887058525	-0.255364499052451621636	-2.11302900314331054688	-3.02653241157531738281	-0.255364447832107543945	8.06059640973930465211e-06	1.66835190772989288885e-05	4.0570440482717336198e-06	3.70000004768371582031	3.70000013616990508893
arbitrary_3_7_q_far	original	3	120	-80	10	-2.11302884616612501271	-3.02653234905430046104	-0.255364514758241990621	-2.11302892463829053936	-3.026532353887058525	-0.255364499052451621636	-2.11302900314331054688	-3.02653241157531738281	-0.255364447832107543945	8.06059640973930465211e-06	1.66835190772989288885e-05	4.0570440482717336198e-06	3.70000004768371582031	3.70000013616990508893
arbitrary_3_7_q_far	original	4	-100	100	-99	-2.11302884616612501271	-3.02653234905430046104	-0.255364514758241990621	-2.11302892463829053936	-3.026532353887058525	-0.255364499052451621636	-2.11302900314331054688	-3.02653241157531738281	-0.255364447832107543945	8.06059640973930465211e-06	1.66835190772989288885e-05	4.0570440482717336198e-06	3.70000004768371582031	3.70000013616990508893
arbitrary_3_7_q_far	original	5	255	-0.125	1	-2.11302884616612501271	-3.02653234905430046104	-0.255364514758241990621	-2.11302892463829053936	-3.026532353887058525	-0.255364499052451621636	-2.11302900314331054688	-3.02653241157531738281	-0.255364447832107543945	8.06059640973930465211e-06	1.66835190772989288885e-05	4.0570440482717336198e-06	3.70000004768371582031	3.70000013616990508893
arbitrary_3_7_q_far	roundtrip	0	0	0	0	-2.11302884616612501271	-3.02653234905430046104	-0.255364514758241990621	-2.11302892463829053936	-3.026532353887058525	-0.255364499052451621636	-2.11302900314331054688	-3.02653241157531738281	-0.255364447832107543945	8.06059640973930465211e-06	1.66835190772989288885e-05	4.0570440482717336198e-06	3.70000004768371582031	3.70000013616990508893
arbitrary_3_7_q_far	roundtrip	1	3	4	5	-2.11302884616612501271	-3.02653234905430046104	-0.255364514758241990621	-2.11302892463829053936	-3.026532353887058525	-0.255364499052451621636	-2.11302900314331054688	-3.02653241157531738281	-0.255364447832107543945	8.06059640973930465211e-06	1.66835190772989288885e-05	4.0570440482717336198e-06	3.70000004768371582031	3.70000013616990508893
arbitrary_3_7_q_far	roundtrip	2	-40	6	17	-2.11302884616612501271	-3.02653234905430046104	-0.255364514758241990621	-2.11302892463829053936	-3.026532353887058525	-0.255364499052451621636	-2.11302900314331054688	-3.02653241157531738281	-0.255364447832107543945	8.06059640973930465211e-06	1.66835190772989288885e-05	4.0570440482717336198e-06	3.70000004768371582031	3.70000013616990508893
arbitrary_3_7_q_far	roundtrip	3	120	-80	10	-2.11302884616612501271	-3.02653234905430046104	-0.255364514758241990621	-2.11302892463829053936	-3.026532353887058525	-0.255364499052451621636	-2.11302900314331054688	-3.02653241157531738281	-0.255364447832107543945	8.06059640973930465211e-06	1.66835190772989288885e-05	4.0570440482717336198e-06	3.70000004768371582031	3.70000013616990508893
arbitrary_3_7_q_far	roundtrip	4	-100	100	-99	-2.11302884616612501271	-3.02653234905430046104	-0.255364514758241990621	-2.11302892463829053936	-3.026532353887058525	-0.255364499052451621636	-2.11302900314331054688	-3.02653241157531738281	-0.255364447832107543945	8.06059640973930465211e-06	1.66835190772989288885e-05	4.0570440482717336198e-06	3.70000004768371582031	3.70000013616990508893
arbitrary_3_7_q_far	roundtrip	5	255	-0.125	1	-2.11302884616612501271	-3.02653234905430046104	-0.255364514758241990621	-2.11302892463829053936	-3.026532353887058525	-0.255364499052451621636	-2.11302900314331054688	-3.02653241157531738281	-0.255364447832107543945	8.06059640973930465211e-06	1.66835190772989288885e-05	4.0570440482717336198e-06	3.70000004768371582031	3.70000013616990508893
arbitrary_3_7_minus_q_near	original	0	0	0	0	-2.11302884616612501271	-3.02653234905430046104	-0.255364514758241990621	-2.11302892463829053936	-3.026532353887058525	-0.255364499052451621636	-2.11302900314331054688	-3.02653241157531738281	-0.255364447832107543945	8.06059640973930465211e-06	1.66835190772989288885e-05	4.0570440482717336198e-06	3.70000004768371582031	3.70000013616990508893
arbitrary_3_7_minus_q_near	original	1	3	4	5	-2.11302884616612501271	-3.02653234905430046104	-0.255364514758241990621	-2.11302892463829053936	-3.026532353887058525	-0.255364499052451621636	-2.11302900314331054688	-3.02653241157531738281	-0.255364447832107543945	8.06059640973930465211e-06	1.66835190772989288885e-05	4.0570440482717336198e-06	3.70000004768371582031	3.70000013616990508893
arbitrary_3_7_minus_q_near	original	2	-40	6	17	-2.11302884616612501271	-3.02653234905430046104	-0.255364514758241990621	-2.11302892463829053936	-3.026532353887058525	-0.255364499052451621636	-2.11302900314331054688	-3.02653241157531738281	-0.255364447832107543945	8.06059640973930465211e-06	1.66835190772989288885e-05	4.0570440482717336198e-06	3.70000004768371582031	3.70000013616990508893
arbitrary_3_7_minus_q_near	original	3	120	-80	10	-2.11302884616612501271	-3.02653234905430046104	-0.255364514758241990621	-2.11302892463829053936	-3.026532353887058525	-0.255364499052451621636	-2.11302900314331054688	-3.02653241157531738281	-0.255364447832107543945	8.06059640973930465211e-06	1.66835190772989288885e-05	4.0570440482717336198e-06	3.70000004768371582031	3.70000013616990508893
arbitrary_3_7_minus_q_near	original	4	-100	100	-99	-2.11302884616612501271	-3.02653234905430046104	-0.255364514758241990621	-2.11302892463829053936	-3.026532353887058525	-0.255364499052451621636	-2.11302900314331054688	-3.02653241157531738281	-0.255364447832107543945	8.06059640973930465211e-06	1.66835190772989288885e-05	4.0570440482717336198e-06	3.70000004768371582031	3.70000013616990508893
arbitrary_3_7_minus_q_near	original	5	255	-0.125	1	-2.11302884616612501271	-3.02653234905430046104	-0.255364514758241990621	-2.11302892463829053936	-3.026532353887058525	-0.255364499052451621636	-2.11302900314331054688	-3.02653241157531738281	-0.255364447832107543945	8.06059640973930465211e-06	1.66835190772989288885e-05	4.0570440482717336198e-06	3.70000004768371582031	3.70000013616990508893
arbitrary_3_7_minus_q_near	roundtrip	0	0	0	0	-2.11302884616612501271	-3.02653234905430046104	-0.255364514758241990621	-2.11302892463829053936	-3.026532353887058525	-0.255364499052451621636	-2.11302900314331054688	-3.02653241157531738281	-0.255364447832107543945	8.06059640973930465211e-06	1.66835190772989288885e-05	4.0570440482717336198e-06	3.70000004768371582031	3.70000013616990508893
arbitrary_3_7_minus_q_near	roundtrip	1	3	4	5	-2.11302884616612501271	-3.02653234905430046104	-0.255364514758241990621	-2.11302892463829053936	-3.026532353887058525	-0.255364499052451621636	-2.11302900314331054688	-3.02653241157531738281	-0.255364447832107543945	8.06059640973930465211e-06	1.66835190772989288885e-05	4.0570440482717336198e-06	3.70000004768371582031	3.70000013616990508893
arbitrary_3_7_minus_q_near	roundtrip	2	-40	6	17	-2.11302884616612501271	-3.02653234905430046104	-0.255364514758241990621	-2.11302892463829053936	-3.026532353887058525	-0.255364499052451621636	-2.11302900314331054688	-3.02653241157531738281	-0.255364447832107543945	8.06059640973930465211e-06	1.66835190772989288885e-05	4.0570440482717336198e-06	3.70000004768371582031	3.70000013616990508893
arbitrary_3_7_minus_q_near	roundtrip	3	120	-80	10	-2.11302884616612501271	-3.02653234905430046104	-0.255364514758241990621	-2.11302892463829053936	-3.026532353887058525	-0.255364499052451621636	-2.11302900314331054688	-3.02653241157531738281	-0.255364447832107543945	8.06059640973930465211e-06	1.66835190772989288885e-05	4.0570440482717336198e-06	3.70000004768371582031	3.70000013616990508893
arbitrary_3_7_minus_q_near	roundtrip	4	-100	100	-99	-2.11302884616612501271	-3.02653234905430046104	-0.255364514758241990621	-2.11302892463829053936	-3.026532353887058525	-0.255364499052451621636	-2.11302900314331054688	-3.02653241157531738281	-0.255364447832107543945	8.06059640973930465211e-06	1.66835190772989288885e-05	4.0570440482717336198e-06	3.70000004768371582031	3.70000013616990508893
arbitrary_3_7_minus_q_near	roundtrip	5	255	-0.125	1	-2.11302884616612501271	-3.02653234905430046104	-0.255364514758241990621	-2.11302892463829053936	-3.026532353887058525	-0.255364499052451621636	-2.11302900314331054688	-3.02653241157531738281	-0.255364447832107543945	8.06059640973930465211e-06	1.66835190772989288885e-05	4.0570440482717336198e-06	3.70000004768371582031	3.70000013616990508893
arbitrary_3_7_minus_q_far	original	0	0	0	0	-2.11302884616612501271	-3.02653234905430046104	-0.255364514758241990621	-2.11302892463829053936	-3.026532353887058525	-0.255364499052451621636	-2.11302900314331054688	-3.02653241157531738281	-0.255364447832107543945	8.06059640973930465211e-06	1.66835190772989288885e-05	4.0570440482717336198e-06	3.70000004768371582031	3.70000013616990508893
arbitrary_3_7_minus_q_far	original	1	3	4	5	-2.11302884616612501271	-3.02653234905430046104	-0.255364514758241990621	-2.11302892463829053936	-3.026532353887058525	-0.255364499052451621636	-2.11302900314331054688	-3.02653241157531738281	-0.255364447832107543945	8.06059640973930465211e-06	1.66835190772989288885e-05	4.0570440482717336198e-06	3.70000004768371582031	3.70000013616990508893
arbitrary_3_7_minus_q_far	original	2	-40	6	17	-2.11302884616612501271	-3.02653234905430046104	-0.255364514758241990621	-2.11302892463829053936	-3.026532353887058525	-0.255364499052451621636	-2.11302900314331054688	-3.02653241157531738281	-0.255364447832107543945	8.06059640973930465211e-06	1.66835190772989288885e-05	4.0570440482717336198e-06	3.70000004768371582031	3.70000013616990508893
arbitrary_3_7_minus_q_far	original	3	120	-80	10	-2.11302884616612501271	-3.02653234905430046104	-0.255364514758241990621	-2.11302892463829053936	-3.026532353887058525	-0.255364499052451621636	-2.11302900314331054688	-3.02653241157531738281	-0.255364447832107543945	8.06059640973930465211e-06	1.66835190772989288885e-05	4.0570440482717336198e-06	3.70000004768371582031	3.70000013616990508893
arbitrary_3_7_minus_q_far	original	4	-100	100	-99	-2.11302884616612501271	-3.02653234905430046104	-0.255364514758241990621	-2.11302892463829053936	-3.026532353887058525	-0.255364499052451621636	-2.11302900314331054688	-3.02653241157531738281	-0.255364447832107543945	8.06059640973930465211e-06	1.66835190772989288885e-05	4.0570440482717336198e-06	3.70000004768371582031	3.70000013616990508893
arbitrary_3_7_minus_q_far	original	5	255	-0.125	1	-2.11302884616612501271	-3.02653234905430046104	-0.255364514758241990621	-2.11302892463829053936	-3.026532353887058525	-0.255364499052451621636	-2.11302900314331054688	-3.02653241157531738281	-0.255364447832107543945	8.06059640973930465211e-06	1.66835190772989288885e-05	4.0570440482717336198e-06	3.70000004768371582031	3.70000013616990508893
arbitrary_3_7_minus_q_far	roundtrip	0	0	0	0	-2.11302884616612501271	-3.02653234905430046104	-0.255364514758241990621	-2.11302892463829053936	-3.026532353887058525	-0.255364499052451621636	-2.11302900314331054688	-3.02653241157531738281	-0.255364447832107543945	8.06059640973930465211e-06	1.66835190772989288885e-05	4.0570440482717336198e-06	3.70000004768371582031	3.70000013616990508893
arbitrary_3_7_minus_q_far	roundtrip	1	3	4	5	-2.11302884616612501271	-3.02653234905430046104	-0.255364514758241990621	-2.11302892463829053936	-3.026532353887058525	-0.255364499052451621636	-2.11302900314331054688	-3.02653241157531738281	-0.255364447832107543945	8.06059640973930465211e-06	1.66835190772989288885e-05	4.0570440482717336198e-06	3.70000004768371582031	3.70000013616990508893
arbitrary_3_7_minus_q_far	roundtrip	2	-40	6	17	-2.11302884616612501271	-3.02653234905430046104	-0.255364514758241990621	-2.11302892463829053936	-3.026532353887058525	-0.255364499052451621636	-2.11302900314331054688	-3.02653241157531738281	-0.255364447832107543945	8.06059640973930465211e-06	1.66835190772989288885e-05	4.0570440482717336198e-06	3.70000004768371582031	3.70000013616990508893
arbitrary_3_7_minus_q_far	roundtrip	3	120	-80	10	-2.11302884616612501271	-3.02653234905430046104	-0.255364514758241990621	-2.11302892463829053936	-3.026532353887058525	-0.255364499052451621636	-2.11302900314331054688	-3.02653241157531738281	-0.255364447832107543945	8.06059640973930465211e-06	1.66835190772989288885e-05	4.0570440482717336198e-06	3.70000004768371582031	3.70000013616990508893
arbitrary_3_7_minus_q_far	roundtrip	4	-100	100	-99	-2.11302884616612501271	-3.02653234905430046104	-0.255364514758241990621	-2.11302892463829053936	-3.026532353887058525	-0.255364499052451621636	-2.11302900314331054688	-3.02653241157531738281	-0.255364447832107543945	8.06059640973930465211e-06	1.66835190772989288885e-05	4.0570440482717336198e-06	3.70000004768371582031	3.70000013616990508893
arbitrary_3_7_minus_q_far	roundtrip	5	255	-0.125	1	-2.11302884616612501271	-3.02653234905430046104	-0.255364514758241990621	-2.11302892463829053936	-3.026532353887058525	-0.255364499052451621636	-2.11302900314331054688	-3.02653241157531738281	-0.255364447832107543945	8.06059640973930465211e-06	1.66835190772989288885e-05	4.0570440482717336198e-06	3.70000004768371582031	3.70000013616990508893
arbitrary_zero_q_near	original	0	0	0	0	-0	-0	0	-0	-0	0	0	0	0	1.12103877145985365674e-44	1.12103877145985365674e-44	1.12103877145985365674e-44	0	0
arbitrary_zero_q_near	original	1	3	4	5	-0	-0	0	-0	-0	0	0	0	0	1.12103877145985365674e-44	1.12103877145985365674e-44	1.12103877145985365674e-44	0	0
arbitrary_zero_q_near	original	2	-40	6	17	-0	-0	0	-0	-0	0	0	0	0	1.12103877145985365674e-44	1.12103877145985365674e-44	1.12103877145985365674e-44	0	0
arbitrary_zero_q_near	original	3	120	-80	10	-0	-0	0	-0	-0	0	0	0	0	1.12103877145985365674e-44	1.12103877145985365674e-44	1.12103877145985365674e-44	0	0
arbitrary_zero_q_near	original	4	-100	100	-99	-0	-0	0	-0	-0	0	0	0	0	1.12103877145985365674e-44	1.12103877145985365674e-44	1.12103877145985365674e-44	0	0
arbitrary_zero_q_near	original	5	255	-0.125	1	-0	-0	0	-0	-0	0	0	0	0	1.12103877145985365674e-44	1.12103877145985365674e-44	1.12103877145985365674e-44	0	0
arbitrary_zero_q_near	roundtrip	0	0	0	0	-0	-0	0	-0	-0	0	0	0	0	1.12103877145985365674e-44	1.12103877145985365674e-44	1.12103877145985365674e-44	0	0
arbitrary_zero_q_near	roundtrip	1	3	4	5	-0	-0	0	-0	-0	0	0	0	0	1.12103877145985365674e-44	1.12103877145985365674e-44	1.12103877145985365674e-44	0	0
arbitrary_zero_q_near	roundtrip	2	-40	6	17	-0	-0	0	-0	-0	0	0	0	0	1.12103877145985365674e-44	1.12103877145985365674e-44	1.12103877145985365674e-44	0	0
arbitrary_zero_q_near	roundtrip	3	120	-80	10	-0	-0	0	-0	-0	0	0	0	0	1.12103877145985365674e-44	1.12103877145985365674e-44	1.12103877145985365674e-44	0	0
arbitrary_zero_q_near	roundtrip	4	-100	100	-99	-0	-0	0	-0	-0	0	0	0	0	1.12103877145985365674e-44	1.12103877145985365674e-44	1.12103877145985365674e-44	0	0
arbitrary_zero_q_near	roundtrip	5	255	-0.125	1	-0	-0	0	-0	-0	0	0	0	0	1.12103877145985365674e-44	1.12103877145985365674e-44	1.12103877145985365674e-44	0	0
arbitrary_zero_q_far	original	0	0	0	0	-0	-0	0	-0	-0	0	0	0	0	1.12103877145985365674e-44	1.12103877145985365674e-44	1.12103877145985365674e-44	0	0
arbitrary_zero_q_far	original	1	3	4	5	-0	-0	0	-0	-0	0	0	0	0	1.12103877145985365674e-44	1.12103877145985365674e-44	1.12103877145985365674e-44	0	0
arbitrary_zero_q_far	original	2	-40	6	17	-0	-0	0	-0	-0	0	0	0	0	1.12103877145985365674e-44	1.12103877145985365674e-44	1.12103877145985365674e-44	0	0
arbitrary_zero_q_far	original	3	120	-80	10	-0	-0	0	-0	-0	0	0	0	0	1.12103877145985365674e-44	1.12103877145985365674e-44	1.12103877145985365674e-44	0	0
arbitrary_zero_q_far	original	4	-100	100	-99	-0	-0	0	-0	-0	0	0	0	0	1.12103877145985365674e-44	1.12103877145985365674e-44	1.12103877145985365674e-44	0	0
arbitrary_zero_q_far	original	5	255	-0.125	1	-0	-0	0	-0	-0	0	0	0	0	1.12103877145985365674e-44	1.12103877145985365674e-44	1.12103877145985365674e-44	0	0
arbitrary_zero_q_far	roundtrip	0	0	0	0	-0	-0	0	-0	-0	0	0	0	0	1.12103877145985365674e-44	1.12103877145985365674e-44	1.12103877145985365674e-44	0	0
arbitrary_zero_q_far	roundtrip	1	3	4	5	-0	-0	0	-0	-0	0	0	0	0	1.12103877145985365674e-44	1.12103877145985365674e-44	1.12103877145985365674e-44	0	0
arbitrary_zero_q_far	roundtrip	2	-40	6	17	-0	-0	0	-0	-0	0	0	0	0	1.12103877145985365674e-44	1.12103877145985365674e-44	1.12103877145985365674e-44	0	0
arbitrary_zero_q_far	roundtrip	3	120	-80	10	-0	-0	0	-0	-0	0	0	0	0	1.12103877145985365674e-44	1.12103877145985365674e-44	1.12103877145985365674e-44	0	0
arbitrary_zero_q_far	roundtrip	4	-100	100	-99	-0	-0	0	-0	-0	0	0	0	0	1.12103877145985365674e-44	1.12103877145985365674e-44	1.12103877145985365674e-44	0	0
arbitrary_zero_q_far	roundtrip	5	255	-0.125	1	-0	-0	0	-0	-0	0	0	0	0	1.12103877145985365674e-44	1.12103877145985365674e-44	1.12103877145985365674e-44	0	0
arbitrary_zero_minus_q_near	original	0	0	0	0	-0	-0	0	-0	-0	0	0	0	0	1.12103877145985365674e-44	1.12103877145985365674e-44	1.12103877145985365674e-44	0	0
arbitrary_zero_minus_q_near	original	1	3	4	5	-0	-0	0	-0	-0	0	0	0	0	1.12103877145985365674e-44	1.12103877145985365674e-44	1.12103877145985365674e-44	0	0
arbitrary_zero_minus_q_near	original	2	-40	6	17	-0	-0	0	-0	-0	0	0	0	0	1.12103877145985365674e-44	1.12103877145985365674e-44	1.12103877145985365674e-44	0	0
arbitrary_zero_minus_q_near	original	3	120	-80	10	-0	-0	0	-0	-0	0	0	0	0	1.12103877145985365674e-44	1.12103877145985365674e-44	1.12103877145985365674e-44	0	0
arbitrary_zero_minus_q_near	original	4	-100	100	-99	-0	-0	0	-0	-0	0	0	0	0	1.12103877145985365674e-44	1.12103877145985365674e-44	1.12103877145985365674e-44	0	0
arbitrary_zero_minus_q_near	original	5	255	-0.125	1	-0	-0	0	-0	-0	0	0	0	0	1.12103877145985365674e-44	1.12103877145985365674e-44	1.12103877145985365674e-44	0	0
arbitrary_zero_minus_q_near	roundtrip	0	0	0	0	-0	-0	0	-0	-0	0	0	0	0	1.12103877145985365674e-44	1.12103877145985365674e-44	1.12103877145985365674e-44	0	0
arbitrary_zero_minus_q_near	roundtrip	1	3	4	5	-0	-0	0	-0	-0	0	0	0	0	1.12103877145985365674e-44	1.12103877145985365674e-44	1.12103877145985365674e-44	0	0
arbitrary_zero_minus_q_near	roundtrip	2	-40	6	17	-0	-0	0	-0	-0	0	0	0	0	1.12103877145985365674e-44	1.12103877145985365674e-44	1.12103877145985365674e-44	0	0
arbitrary_zero_minus_q_near	roundtrip	3	120	-80	10	-0	-0	0	-0	-0	0	0	0	0	1.12103877145985365674e-44	1.12103877145985365674e-44	1.12103877145985365674e-44	0	0
arbitrary_zero_minus_q_near	roundtrip	4	-100	100	-99	-0	-0	0	-0	-0	0	0	0	0	1.12103877145985365674e-44	1.12103877145985365674e-44	1.12103877145985365674e-44	0	0
arbitrary_zero_minus_q_near	roundtrip	5	255	-0.125	1	-0	-0	0	-0	-0	0	0	0	0	1.12103877145985365674e-44	1.12103877145985365674e-44	1.12103877145985365674e-44	0	0
arbitrary_zero_minus_q_far	original	0	0	0	0	-0	-0	0	-0	-0	0	0	0	0	1.12103877145985365674e-44	1.12103877145985365674e-44	1.12103877145985365674e-44	0	0
arbitrary_zero_minus_q_far	original	1	3	4	5	-0	-0	0	-0	-0	0	0	0	0	1.12103877145985365674e-44	1.12103877145985365674e-44	1.12103877145985365674e-44	0	0
arbitrary_zero_minus_q_far	original	2	-40	6	17	-0	-0	0	-0	-0	0	0	0	0	1.12103877145985365674e-44	1.12103877145985365674e-44	1.12103877145985365674e-44	0	0
arbitrary_zero_minus_q_far	original	3	120	-80	10	-0	-0	0	-0	-0	0	0	0	0	1.12103877145985365674e-44	1.12103877145985365674e-44	1.12103877145985365674e-44	0	0
arbitrary_zero_minus_q_far	original	4	-100	100	-99	-0	-0	0	-0	-0	0	0	0	0	1.12103877145985365674e-44	1.12103877145985365674e-44	1.12103877145985365674e-44	0	0
arbitrary_zero_minus_q_far	original	5	255	-0.125	1	-0	-0	0	-0	-0	0	0	0	0	1.12103877145985365674e-44	1.12103877145985365674e-44	1.12103877145985365674e-44	0	0
arbitrary_zero_minus_q_far	roundtrip	0	0	0	0	-0	-0	0	-0	-0	0	0	0	0	1.12103877145985365674e-44	1.12103877145985365674e-44	1.12103877145985365674e-44	0	0
arbitrary_zero_minus_q_far	roundtrip	1	3	4	5	-0	-0	0	-0	-0	0	0	0	0	1.12103877145985365674e-44	1.12103877145985365674e-44	1.12103877145985365674e-44	0	0
arbitrary_zero_minus_q_far	roundtrip	2	-40	6	17	-0	-0	0	-0	-0	0	0	0	0	1.12103877145985365674e-44	1.12103877145985365674e-44	1.12103877145985365674e-44	0	0
arbitrary_zero_minus_q_far	roundtrip	3	120	-80	10	-0	-0	0	-0	-0	0	0	0	0	1.12103877145985365674e-44	1.12103877145985365674e-44	1.12103877145985365674e-44	0	0
arbitrary_zero_minus_q_far	roundtrip	4	-100	100	-99	-0	-0	0	-0	-0	0	0	0	0	1.12103877145985365674e-44	1.12103877145985365674e-44	1.12103877145985365674e-44	0	0
arbitrary_zero_minus_q_far	roundtrip	5	255	-0.125	1	-0	-0	0	-0	-0	0	0	0	0	1.12103877145985365674e-44	1.12103877145985365674e-44	1.12103877145985365674e-44	0	0
arbitrary_nonunit_q_near	original	0	0	0	0	-5.60238188672694226991	-8.02440063357369932559	-0.677061051291447015509	-5.60238213221264627281	-8.02440097279181407518	-0.677061079520958662074	-5.60238218307495117188	-8.0244007110595703125	-0.677060961723327636719	2.13714733264387997119e-05	4.42338718426262931384e-05	1.07566496748370959135e-05	9.81000041961669921875	9.8100002264413180119
arbitrary_nonunit_q_near	original	1	3	4	5	-5.60238188672694226991	-8.02440063357369932559	-0.677061051291447015509	-5.60238213221264627281	-8.02440097279181407518	-0.677061079520958662074	-5.60238218307495117188	-8.0244007110595703125	-0.677060961723327636719	2.13714733264387997119e-05	4.42338718426262931384e-05	1.07566496748370959135e-05	9.81000041961669921875	9.8100002264413180119
arbitrary_nonunit_q_near	original	2	-40	6	17	-5.60238188672694226991	-8.02440063357369932559	-0.677061051291447015509	-5.60238213221264627281	-8.02440097279181407518	-0.677061079520958662074	-5.60238218307495117188	-8.0244007110595703125	-0.677060961723327636719	2.13714733264387997119e-05	4.42338718426262931384e-05	1.07566496748370959135e-05	9.81000041961669921875	9.8100002264413180119
arbitrary_nonunit_q_near	original	3	120	-80	10	-5.60238188672694226991	-8.02440063357369932559	-0.677061051291447015509	-5.60238213221264627281	-8.02440097279181407518	-0.677061079520958662074	-5.60238218307495117188	-8.0244007110595703125	-0.677060961723327636719	2.13714733264387997119e-05	4.42338718426262931384e-05	1.07566496748370959135e-05	9.81000041961669921875	9.8100002264413180119
arbitrary_nonunit_q_near	original	4	-100	100	-99	-5.60238188672694226991	-8.02440063357369932559	-0.677061051291447015509	-5.60238213221264627281	-8.02440097279181407518	-0.677061079520958662074	-5.60238218307495117188	-8.0244007110595703125	-0.677060961723327636719	2.13714733264387997119e-05	4.42338718426262931384e-05	1.07566496748370959135e-05	9.81000041961669921875	9.8100002264413180119
arbitrary_nonunit_q_near	original	5	255	-0.125	1	-5.60238188672694226991	-8.02440063357369932559	-0.677061051291447015509	-5.60238213221264627281	-8.02440097279181407518	-0.677061079520958662074	-5.60238218307495117188	-8.0244007110595703125	-0.677060961723327636719	2.13714733264387997119e-05	4.42338718426262931384e-05	1.07566496748370959135e-05	9.81000041961669921875	9.8100002264413180119
arbitrary_nonunit_q_near	roundtrip	0	0	0	0	-5.60238188672694226991	-8.02440063357369932559	-0.677061051291447015509	-5.60238213221264627281	-8.02440097279181407518	-0.677061079520958662074	-5.60238218307495117188	-8.0244007110595703125	-0.677060961723327636719	2.13714733264387997119e-05	4.42338718426262931384e-05	1.07566496748370959135e-05	9.81000041961669921875	9.8100002264413180119
arbitrary_nonunit_q_near	roundtrip	1	3	4	5	-5.60238188672694226991	-8.02440063357369932559	-0.677061051291447015509	-5.60238213221264627281	-8.02440097279181407518	-0.677061079520958662074	-5.60238218307495117188	-8.0244007110595703125	-0.677060961723327636719	2.13714733264387997119e-05	4.42338718426262931384e-05	1.07566496748370959135e-05	9.81000041961669921875	9.8100002264413180119
arbitrary_nonunit_q_near	roundtrip	2	-40	6	17	-5.60238188672694226991	-8.02440063357369932559	-0.677061051291447015509	-5.60238213221264627281	-8.02440097279181407518	-0.677061079520958662074	-5.60238218307495117188	-8.0244007110595703125	-0.677060961723327636719	2.13714733264387997119e-05	4.42338718426262931384e-05	1.07566496748370959135e-05	9.81000041961669921875	9.8100002264413180119
arbitrary_nonunit_q_near	roundtrip	3	120	-80	10	-5.60238188672694226991	-8.02440063357369932559	-0.677061051291447015509	-5.60238213221264627281	-8.02440097279181407518	-0.677061079520958662074	-5.60238218307495117188	-8.0244007110595703125	-0.677060961723327636719	2.13714733264387997119e-05	4.42338718426262931384e-05	1.07566496748370959135e-05	9.81000041961669921875	9.8100002264413180119
arbitrary_nonunit_q_near	roundtrip	4	-100	100	-99	-5.60238188672694226991	-8.02440063357369932559	-0.677061051291447015509	-5.60238213221264627281	-8.02440097279181407518	-0.677061079520958662074	-5.60238218307495117188	-8.0244007110595703125	-0.677060961723327636719	2.13714733264387997119e-05	4.42338718426262931384e-05	1.07566496748370959135e-05	9.81000041961669921875	9.8100002264413180119
arbitrary_nonunit_q_near	roundtrip	5	255	-0.125	1	-5.60238188672694226991	-8.02440063357369932559	-0.677061051291447015509	-5.60238213221264627281	-8.02440097279181407518	-0.677061079520958662074	-5.60238218307495117188	-8.0244007110595703125	-0.677060961723327636719	2.13714733264387997119e-05	4.42338718426262931384e-05	1.07566496748370959135e-05	9.81000041961669921875	9.8100002264413180119
arbitrary_nonunit_q_far	original	0	0	0	0	-5.60238188672694226991	-8.02440063357369932559	-0.677061051291447015509	-5.60238213221264627281	-8.02440097279181407518	-0.677061079520958662074	-5.60238218307495117188	-8.0244007110595703125	-0.677060961723327636719	2.13714733264387997119e-05	4.42338718426262931384e-05	1.07566496748370959135e-05	9.81000041961669921875	9.8100002264413180119
arbitrary_nonunit_q_far	original	1	3	4	5	-5.60238188672694226991	-8.02440063357369932559	-0.677061051291447015509	-5.60238213221264627281	-8.02440097279181407518	-0.677061079520958662074	-5.60238218307495117188	-8.0244007110595703125	-0.677060961723327636719	2.13714733264387997119e-05	4.42338718426262931384e-05	1.07566496748370959135e-05	9.81000041961669921875	9.8100002264413180119
arbitrary_nonunit_q_far	original	2	-40	6	17	-5.60238188672694226991	-8.02440063357369932559	-0.677061051291447015509	-5.60238213221264627281	-8.02440097279181407518	-0.677061079520958662074	-5.60238218307495117188	-8.0244007110595703125	-0.677060961723327636719	2.13714733264387997119e-05	4.42338718426262931384e-05	1.07566496748370959135e-05	9.81000041961669921875	9.8100002264413180119
arbitrary_nonunit_q_far	original	3	120	-80	10	-5.60238188672694226991	-8.02440063357369932559	-0.677061051291447015509	-5.60238213221264627281	-8.02440097279181407518	-0.677061079520958662074	-5.60238218307495117188	-8.0244007110595703125	-0.677060961723327636719	2.13714733264387997119e-05	4.42338718426262931384e-05	1.07566496748370959135e-05	9.81000041961669921875	9.8100002264413180119
arbitrary_nonunit_q_far	original	4	-100	100	-99	-5.60238188672694226991	-8.02440063357369932559	-0.677061051291447015509	-5.60238213221264627281	-8.02440097279181407518	-0.677061079520958662074	-5.60238218307495117188	-8.0244007110595703125	-0.677060961723327636719	2.13714733264387997119e-05	4.42338718426262931384e-05	1.07566496748370959135e-05	9.81000041961669921875	9.8100002264413180119
arbitrary_nonunit_q_far	original	5	255	-0.125	1	-5.60238188672694226991	-8.02440063357369932559	-0.677061051291447015509	-5.60238213221264627281	-8.02440097279181407518	-0.677061079520958662074	-5.60238218307495117188	-8.0244007110595703125	-0.677060961723327636719	2.13714733264387997119e-05	4.42338718426262931384e-05	1.07566496748370959135e-05	9.81000041961669921875	9.8100002264413180119
arbitrary_nonunit_q_far	roundtrip	0	0	0	0	-5.60238188672694226991	-8.02440063357369932559	-0.677061051291447015509	-5.60238213221264627281	-8.02440097279181407518	-0.677061079520958662074	-5.60238218307495117188	-8.0244007110595703125	-0.677060961723327636719	2.13714733264387997119e-05	4.42338718426262931384e-05	1.07566496748370959135e-05	9.81000041961669921875	9.8100002264413180119
arbitrary_nonunit_q_far	roundtrip	1	3	4	5	-5.60238188672694226991	-8.02440063357369932559	-0.677061051291447015509	-5.60238213221264627281	-8.02440097279181407518	-0.677061079520958662074	-5.60238218307495117188	-8.0244007110595703125	-0.677060961723327636719	2.13714733264387997119e-05	4.42338718426262931384e-05	1.07566496748370959135e-05	9.81000041961669921875	9.8100002264413180119
arbitrary_nonunit_q_far	roundtrip	2	-40	6	17	-5.60238188672694226991	-8.02440063357369932559	-0.677061051291447015509	-5.60238213221264627281	-8.02440097279181407518	-0.677061079520958662074	-5.60238218307495117188	-8.0244007110595703125	-0.677060961723327636719	2.13714733264387997119e-05	4.42338718426262931384e-05	1.07566496748370959135e-05	9.81000041961669921875	9.8100002264413180119
arbitrary_nonunit_q_far	roundtrip	3	120	-80	10	-5.60238188672694226991	-8.02440063357369932559	-0.677061051291447015509	-5.60238213221264627281	-8.02440097279181407518	-0.677061079520958662074	-5.60238218307495117188	-8.0244007110595703125	-0.677060961723327636719	2.13714733264387997119e-05	4.42338718426262931384e-05	1.07566496748370959135e-05	9.81000041961669921875	9.8100002264413180119
arbitrary_nonunit_q_far	roundtrip	4	-100	100	-99	-5.60238188672694226991	-8.02440063357369932559	-0.677061051291447015509	-5.60238213221264627281	-8.02440097279181407518	-0.677061079520958662074	-5.60238218307495117188	-8.0244007110595703125	-0.677060961723327636719	2.13714733264387997119e-05	4.42338718426262931384e-05	1.07566496748370959135e-05	9.81000041961669921875	9.8100002264413180119
arbitrary_nonunit_q_far	roundtrip	5	255	-0.125	1	-5.60238188672694226991	-8.02440063357369932559	-0.677061051291447015509	-5.60238213221264627281	-8.02440097279181407518	-0.677061079520958662074	-5.60238218307495117188	-8.0244007110595703125	-0.677060961723327636719	2.13714733264387997119e-05	4.42338718426262931384e-05	1.07566496748370959135e-05	9.81000041961669921875	9.8100002264413180119
arbitrary_nonunit_minus_q_near	original	0	0	0	0	-5.60238188672694226991	-8.02440063357369932559	-0.677061051291447015509	-5.60238213221264627281	-8.02440097279181407518	-0.677061079520958662074	-5.60238218307495117188	-8.0244007110595703125	-0.677060961723327636719	2.13714733264387997119e-05	4.42338718426262931384e-05	1.07566496748370959135e-05	9.81000041961669921875	9.8100002264413180119
arbitrary_nonunit_minus_q_near	original	1	3	4	5	-5.60238188672694226991	-8.02440063357369932559	-0.677061051291447015509	-5.60238213221264627281	-8.02440097279181407518	-0.677061079520958662074	-5.60238218307495117188	-8.0244007110595703125	-0.677060961723327636719	2.13714733264387997119e-05	4.42338718426262931384e-05	1.07566496748370959135e-05	9.81000041961669921875	9.8100002264413180119
arbitrary_nonunit_minus_q_near	original	2	-40	6	17	-5.60238188672694226991	-8.02440063357369932559	-0.677061051291447015509	-5.60238213221264627281	-8.02440097279181407518	-0.677061079520958662074	-5.60238218307495117188	-8.0244007110595703125	-0.677060961723327636719	2.13714733264387997119e-05	4.42338718426262931384e-05	1.07566496748370959135e-05	9.81000041961669921875	9.8100002264413180119
arbitrary_nonunit_minus_q_near	original	3	120	-80	10	-5.60238188672694226991	-8.02440063357369932559	-0.677061051291447015509	-5.60238213221264627281	-8.02440097279181407518	-0.677061079520958662074	-5.60238218307495117188	-8.0244007110595703125	-0.677060961723327636719	2.13714733264387997119e-05	4.42338718426262931384e-05	1.07566496748370959135e-05	9.81000041961669921875	9.8100002264413180119
arbitrary_nonunit_minus_q_near	original	4	-100	100	-99	-5.60238188672694226991	-8.02440063357369932559	-0.677061051291447015509	-5.60238213221264627281	-8.02440097279181407518	-0.677061079520958662074	-5.60238218307495117188	-8.0244007110595703125	-0.677060961723327636719	2.13714733264387997119e-05	4.42338718426262931384e-05	1.07566496748370959135e-05	9.81000041961669921875	9.8100002264413180119
arbitrary_nonunit_minus_q_near	original	5	255	-0.125	1	-5.60238188672694226991	-8.02440063357369932559	-0.677061051291447015509	-5.60238213221264627281	-8.02440097279181407518	-0.677061079520958662074	-5.60238218307495117188	-8.0244007110595703125	-0.677060961723327636719	2.13714733264387997119e-05	4.42338718426262931384e-05	1.07566496748370959135e-05	9.81000041961669921875	9.8100002264413180119
arbitrary_nonunit_minus_q_near	roundtrip	0	0	0	0	-5.60238188672694226991	-8.02440063357369932559	-0.677061051291447015509	-5.60238213221264627281	-8.02440097279181407518	-0.677061079520958662074	-5.60238218307495117188	-8.0244007110595703125	-0.677060961723327636719	2.13714733264387997119e-05	4.42338718426262931384e-05	1.07566496748370959135e-05	9.81000041961669921875	9.8100002264413180119
arbitrary_nonunit_minus_q_near	roundtrip	1	3	4	5	-5.60238188672694226991	-8.02440063357369932559	-0.677061051291447015509	-5.60238213221264627281	-8.02440097279181407518	-0.677061079520958662074	-5.60238218307495117188	-8.0244007110595703125	-0.677060961723327636719	2.13714733264387997119e-05	4.42338718426262931384e-05	1.07566496748370959135e-05	9.81000041961669921875	9.8100002264413180119
arbitrary_nonunit_minus_q_near	roundtrip	2	-40	6	17	-5.60238188672694226991	-8.02440063357369932559	-0.677061051291447015509	-5.60238213221264627281	-8.02440097279181407518	-0.677061079520958662074	-5.60238218307495117188	-8.0244007110595703125	-0.677060961723327636719	2.13714733264387997119e-05	4.42338718426262931384e-05	1.07566496748370959135e-05	9.81000041961669921875	9.8100002264413180119
arbitrary_nonunit_minus_q_near	roundtrip	3	120	-80	10	-5.60238188672694226991	-8.02440063357369932559	-0.677061051291447015509	-5.60238213221264627281	-8.02440097279181407518	-0.677061079520958662074	-5.60238218307495117188	-8.0244007110595703125	-0.677060961723327636719	2.13714733264387997119e-05	4.42338718426262931384e-05	1.07566496748370959135e-05	9.81000041961669921875	9.8100002264413180119
arbitrary_nonunit_minus_q_near	roundtrip	4	-100	100	-99	-5.60238188672694226991	-8.02440063357369932559	-0.677061051291447015509	-5.60238213221264627281	-8.02440097279181407518	-0.677061079520958662074	-5.60238218307495117188	-8.0244007110595703125	-0.677060961723327636719	2.13714733264387997119e-05	4.42338718426262931384e-05	1.07566496748370959135e-05	9.81000041961669921875	9.8100002264413180119
arbitrary_nonunit_minus_q_near	roundtrip	5	255	-0.125	1	-5.60238188672694226991	-8.02440063357369932559	-0.677061051291447015509	-5.60238213221264627281	-8.02440097279181407518	-0.677061079520958662074	-5.60238218307495117188	-8.0244007110595703125	-0.677060961723327636719	2.13714733264387997119e-05	4.42338718426262931384e-05	1.07566496748370959135e-05	9.81000041961669921875	9.8100002264413180119
arbitrary_nonunit_minus_q_far	original	0	0	0	0	-5.60238188672694226991	-8.02440063357369932559	-0.677061051291447015509	-5.60238213221264627281	-8.02440097279181407518	-0.677061079520958662074	-5.60238218307495117188	-8.0244007110595703125	-0.677060961723327636719	2.13714733264387997119e-05	4.42338718426262931384e-05	1.07566496748370959135e-05	9.81000041961669921875	9.8100002264413180119
arbitrary_nonunit_minus_q_far	original	1	3	4	5	-5.60238188672694226991	-8.02440063357369932559	-0.677061051291447015509	-5.60238213221264627281	-8.02440097279181407518	-0.677061079520958662074	-5.60238218307495117188	-8.0244007110595703125	-0.677060961723327636719	2.13714733264387997119e-05	4.42338718426262931384e-05	1.07566496748370959135e-05	9.81000041961669921875	9.8100002264413180119
arbitrary_nonunit_minus_q_far	original	2	-40	6	17	-5.60238188672694226991	-8.02440063357369932559	-0.677061051291447015509	-5.60238213221264627281	-8.02440097279181407518	-0.677061079520958662074	-5.60238218307495117188	-8.0244007110595703125	-0.677060961723327636719	2.13714733264387997119e-05	4.42338718426262931384e-05	1.07566496748370959135e-05	9.81000041961669921875	9.8100002264413180119
arbitrary_nonunit_minus_q_far	original	3	120	-80	10	-5.60238188672694226991	-8.02440063357369932559	-0.677061051291447015509	-5.60238213221264627281	-8.02440097279181407518	-0.677061079520958662074	-5.60238218307495117188	-8.0244007110595703125	-0.677060961723327636719	2.13714733264387997119e-05	4.42338718426262931384e-05	1.07566496748370959135e-05	9.81000041961669921875	9.8100002264413180119
arbitrary_nonunit_minus_q_far	original	4	-100	100	-99	-5.60238188672694226991	-8.02440063357369932559	-0.677061051291447015509	-5.60238213221264627281	-8.02440097279181407518	-0.677061079520958662074	-5.60238218307495117188	-8.0244007110595703125	-0.677060961723327636719	2.13714733264387997119e-05	4.42338718426262931384e-05	1.07566496748370959135e-05	9.81000041961669921875	9.8100002264413180119
arbitrary_nonunit_minus_q_far	original	5	255	-0.125	1	-5.60238188672694226991	-8.02440063357369932559	-0.677061051291447015509	-5.60238213221264627281	-8.02440097279181407518	-0.677061079520958662074	-5.60238218307495117188	-8.0244007110595703125	-0.677060961723327636719	2.13714733264387997119e-05	4.42338718426262931384e-05	1.07566496748370959135e-05	9.81000041961669921875	9.8100002264413180119
arbitrary_nonunit_minus_q_far	roundtrip	0	0	0	0	-5.60238188672694226991	-8.02440063357369932559	-0.677061051291447015509	-5.60238213221264627281	-8.02440097279181407518	-0.677061079520958662074	-5.60238218307495117188	-8.0244007110595703125	-0.677060961723327636719	2.13714733264387997119e-05	4.42338718426262931384e-05	1.07566496748370959135e-05	9.81000041961669921875	9.8100002264413180119
arbitrary_nonunit_minus_q_far	roundtrip	1	3	4	5	-5.60238188672694226991	-8.02440063357369932559	-0.677061051291447015509	-5.60238213221264627281	-8.02440097279181407518	-0.677061079520958662074	-5.60238218307495117188	-8.0244007110595703125	-0.677060961723327636719	2.13714733264387997119e-05	4.42338718426262931384e-05	1.07566496748370959135e-05	9.81000041961669921875	9.8100002264413180119
arbitrary_nonunit_minus_q_far	roundtrip	2	-40	6	17	-5.60238188672694226991	-8.02440063357369932559	-0.677061051291447015509	-5.60238213221264627281	-8.02440097279181407518	-0.677061079520958662074	-5.60238218307495117188	-8.0244007110595703125	-0.677060961723327636719	2.13714733264387997119e-05	4.42338718426262931384e-05	1.07566496748370959135e-05	9.81000041961669921875	9.8100002264413180119
arbitrary_nonunit_minus_q_far	roundtrip	3	120	-80	10	-5.60238188672694226991	-8.02440063357369932559	-0.677061051291447015509	-5.60238213221264627281	-8.02440097279181407518	-0.677061079520958662074	-5.60238218307495117188	-8.0244007110595703125	-0.677060961723327636719	2.13714733264387997119e-05	4.42338718426262931384e-05	1.07566496748370959135e-05	9.81000041961669921875	9.8100002264413180119
arbitrary_nonunit_minus_q_far	roundtrip	4	-100	100	-99	-5.60238188672694226991	-8.02440063357369932559	-0.677061051291447015509	-5.60238213221264627281	-8.02440097279181407518	-0.677061079520958662074	-5.60238218307495117188	-8.0244007110595703125	-0.677060961723327636719	2.13714733264387997119e-05	4.42338718426262931384e-05	1.07566496748370959135e-05	9.81000041961669921875	9.8100002264413180119
arbitrary_nonunit_minus_q_far	roundtrip	5	255	-0.125	1	-5.60238188672694226991	-8.02440063357369932559	-0.677061051291447015509	-5.60238213221264627281	-8.02440097279181407518	-0.677061079520958662074	-5.60238218307495117188	-8.0244007110595703125	-0.677060961723327636719	2.13714733264387997119e-05	4.42338718426262931384e-05	1.07566496748370959135e-05	9.81000041961669921875	9.8100002264413180119
