id	path	step	time	expected_x	expected_y	expected_z	observed_x	observed_y	observed_z	tolerance_x	tolerance_y	tolerance_z
identity_default_q_near	original	1	0.0166666675359010696411	0	-0.16350001552080151157	-0	0	-0.163500010967254638672	0	1.13972275752689178077e-44	6.72432443514214185686e-07	1.13972275752689178077e-44
identity_default_q_near	original	10	0.166666675359010696411	0	-1.6350001552080151157	-0	0	-1.6350002288818359375	0	1.30787873235903026111e-44	7.60141120537904144988e-06	1.30787873235903026111e-44
identity_default_q_near	original	60	1.00000005215406417847	0	-9.81000093124809069423	-0	0	-9.8099956512451171875	0	2.2420818778265078515e-44	7.48447957215056837153e-05	2.2420818778265078515e-44
identity_default_q_near	original	120	2.00000010430812835693	0	-19.6200018624961813885	-0	0	-19.6199855804443359375	0	3.36313300257756167843e-44	0.000219857239872504241645	3.36313300257756167843e-44
identity_default_q_near	roundtrip	1	0.0166666675359010696411	0	-0.16350001552080151157	-0	0	-0.163500010967254638672	0	1.13972275752689178077e-44	6.72432443514214185686e-07	1.13972275752689178077e-44
identity_default_q_near	roundtrip	10	0.166666675359010696411	0	-1.6350001552080151157	-0	0	-1.6350002288818359375	0	1.30787873235903026111e-44	7.60141120537904144988e-06	1.30787873235903026111e-44
identity_default_q_near	roundtrip	60	1.00000005215406417847	0	-9.81000093124809069423	-0	0	-9.8099956512451171875	0	2.2420818778265078515e-44	7.48447957215056837153e-05	2.2420818778265078515e-44
identity_default_q_near	roundtrip	120	2.00000010430812835693	0	-19.6200018624961813885	-0	0	-19.6199855804443359375	0	3.36313300257756167843e-44	0.000219857239872504241645	3.36313300257756167843e-44
identity_default_q_far	original	1	0.0166666675359010696411	0	-0.16350001552080151157	-0	0	-0.163500010967254638672	0	1.13972275752689178077e-44	6.72432443514214185686e-07	1.13972275752689178077e-44
identity_default_q_far	original	10	0.166666675359010696411	0	-1.6350001552080151157	-0	0	-1.6350002288818359375	0	1.30787873235903026111e-44	7.60141120537904144988e-06	1.30787873235903026111e-44
identity_default_q_far	original	60	1.00000005215406417847	0	-9.81000093124809069423	-0	0	-9.8099956512451171875	0	2.2420818778265078515e-44	7.48447957215056837153e-05	2.2420818778265078515e-44
identity_default_q_far	original	120	2.00000010430812835693	0	-19.6200018624961813885	-0	0	-19.6199855804443359375	0	3.36313300257756167843e-44	0.000219857239872504241645	3.36313300257756167843e-44
identity_default_q_far	roundtrip	1	0.0166666675359010696411	0	-0.16350001552080151157	-0	0	-0.163500010967254638672	0	1.13972275752689178077e-44	6.72432443514214185686e-07	1.13972275752689178077e-44
identity_default_q_far	roundtrip	10	0.166666675359010696411	0	-1.6350001552080151157	-0	0	-1.6350002288818359375	0	1.30787873235903026111e-44	7.60141120537904144988e-06	1.30787873235903026111e-44
identity_default_q_far	roundtrip	60	1.00000005215406417847	0	-9.81000093124809069423	-0	0	-9.8099956512451171875	0	2.2420818778265078515e-44	7.48447957215056837153e-05	2.2420818778265078515e-44
identity_default_q_far	roundtrip	120	2.00000010430812835693	0	-19.6200018624961813885	-0	0	-19.6199855804443359375	0	3.36313300257756167843e-44	0.000219857239872504241645	3.36313300257756167843e-44
identity_default_minus_q_near	original	1	0.0166666675359010696411	0	-0.16350001552080151157	-0	0	-0.163500010967254638672	0	1.13972275752689178077e-44	6.72432443514214185686e-07	1.13972275752689178077e-44
identity_default_minus_q_near	original	10	0.166666675359010696411	0	-1.6350001552080151157	-0	0	-1.6350002288818359375	0	1.30787873235903026111e-44	7.60141120537904144988e-06	1.30787873235903026111e-44
identity_default_minus_q_near	original	60	1.00000005215406417847	0	-9.81000093124809069423	-0	0	-9.8099956512451171875	0	2.2420818778265078515e-44	7.48447957215056837153e-05	2.2420818778265078515e-44
identity_default_minus_q_near	original	120	2.00000010430812835693	0	-19.6200018624961813885	-0	0	-19.6199855804443359375	0	3.36313300257756167843e-44	0.000219857239872504241645	3.36313300257756167843e-44
identity_default_minus_q_near	roundtrip	1	0.0166666675359010696411	0	-0.16350001552080151157	-0	0	-0.163500010967254638672	0	1.13972275752689178077e-44	6.72432443514214185686e-07	1.13972275752689178077e-44
identity_default_minus_q_near	roundtrip	10	0.166666675359010696411	0	-1.6350001552080151157	-0	0	-1.6350002288818359375	0	1.30787873235903026111e-44	7.60141120537904144988e-06	1.30787873235903026111e-44
identity_default_minus_q_near	roundtrip	60	1.00000005215406417847	0	-9.81000093124809069423	-0	0	-9.8099956512451171875	0	2.2420818778265078515e-44	7.48447957215056837153e-05	2.2420818778265078515e-44
identity_default_minus_q_near	roundtrip	120	2.00000010430812835693	0	-19.6200018624961813885	-0	0	-19.6199855804443359375	0	3.36313300257756167843e-44	0.000219857239872504241645	3.36313300257756167843e-44
identity_default_minus_q_far	original	1	0.0166666675359010696411	0	-0.16350001552080151157	-0	0	-0.163500010967254638672	0	1.13972275752689178077e-44	6.72432443514214185686e-07	1.13972275752689178077e-44
identity_default_minus_q_far	original	10	0.166666675359010696411	0	-1.6350001552080151157	-0	0	-1.6350002288818359375	0	1.30787873235903026111e-44	7.60141120537904144988e-06	1.30787873235903026111e-44
identity_default_minus_q_far	original	60	1.00000005215406417847	0	-9.81000093124809069423	-0	0	-9.8099956512451171875	0	2.2420818778265078515e-44	7.48447957215056837153e-05	2.2420818778265078515e-44
identity_default_minus_q_far	original	120	2.00000010430812835693	0	-19.6200018624961813885	-0	0	-19.6199855804443359375	0	3.36313300257756167843e-44	0.000219857239872504241645	3.36313300257756167843e-44
identity_default_minus_q_far	roundtrip	1	0.0166666675359010696411	0	-0.16350001552080151157	-0	0	-0.163500010967254638672	0	1.13972275752689178077e-44	6.72432443514214185686e-07	1.13972275752689178077e-44
identity_default_minus_q_far	roundtrip	10	0.166666675359010696411	0	-1.6350001552080151157	-0	0	-1.6350002288818359375	0	1.30787873235903026111e-44	7.60141120537904144988e-06	1.30787873235903026111e-44
identity_default_minus_q_far	roundtrip	60	1.00000005215406417847	0	-9.81000093124809069423	-0	0	-9.8099956512451171875	0	2.2420818778265078515e-44	7.48447957215056837153e-05	2.2420818778265078515e-44
identity_default_minus_q_far	roundtrip	120	2.00000010430812835693	0	-19.6200018624961813885	-0	0	-19.6199855804443359375	0	3.36313300257756167843e-44	0.000219857239872504241645	3.36313300257756167843e-44
identity_previous_q_near	original	1	0.0166666675359010696411	0	-0.1634999996262287425	-0	0	-0.163499996066093444824	0	1.13972275752689178077e-44	6.72432378144028307311e-07	1.13972275752689178077e-44
identity_previous_q_near	original	10	0.166666675359010696411	0	-1.634999996262287425	-0	0	-1.63499987125396728516	0	1.30787873235903026111e-44	7.60141046641162810332e-06	1.30787873235903026111e-44
identity_previous_q_near	original	60	1.00000005215406417847	0	-9.80999997757372454998	-0	0	-9.80999469757080078125	0	2.2420818778265078515e-44	7.48447884455060564793e-05	2.2420818778265078515e-44
identity_previous_q_near	original	120	2.00000010430812835693	0	-19.6199999551474491	-0	0	-19.6199855804443359375	0	3.36313300257756167843e-44	0.000219857218499191909972	3.36313300257756167843e-44
identity_previous_q_near	roundtrip	1	0.0166666675359010696411	0	-0.1634999996262287425	-0	0	-0.163499996066093444824	0	1.13972275752689178077e-44	6.72432378144028307311e-07	1.13972275752689178077e-44
identity_previous_q_near	roundtrip	10	0.166666675359010696411	0	-1.634999996262287425	-0	0	-1.63499987125396728516	0	1.30787873235903026111e-44	7.60141046641162810332e-06	1.30787873235903026111e-44
identity_previous_q_near	roundtrip	60	1.00000005215406417847	0	-9.80999997757372454998	-0	0	-9.80999469757080078125	0	2.2420818778265078515e-44	7.48447884455060564793e-05	2.2420818778265078515e-44
identity_previous_q_near	roundtrip	120	2.00000010430812835693	0	-19.6199999551474491	-0	0	-19.6199855804443359375	0	3.36313300257756167843e-44	0.000219857218499191909972	3.36313300257756167843e-44
identity_previous_q_far	original	1	0.0166666675359010696411	0	-0.1634999996262287425	-0	0	-0.163499996066093444824	0	1.13972275752689178077e-44	6.72432378144028307311e-07	1.13972275752689178077e-44
identity_previous_q_far	original	10	0.166666675359010696411	0	-1.634999996262287425	-0	0	-1.63499987125396728516	0	1.30787873235903026111e-44	7.60141046641162810332e-06	1.30787873235903026111e-44
identity_previous_q_far	original	60	1.00000005215406417847	0	-9.80999997757372454998	-0	0	-9.80999469757080078125	0	2.2420818778265078515e-44	7.48447884455060564793e-05	2.2420818778265078515e-44
identity_previous_q_far	original	120	2.00000010430812835693	0	-19.6199999551474491	-0	0	-19.6199855804443359375	0	3.36313300257756167843e-44	0.000219857218499191909972	3.36313300257756167843e-44
identity_previous_q_far	roundtrip	1	0.0166666675359010696411	0	-0.1634999996262287425	-0	0	-0.163499996066093444824	0	1.13972275752689178077e-44	6.72432378144028307311e-07	1.13972275752689178077e-44
identity_previous_q_far	roundtrip	10	0.166666675359010696411	0	-1.634999996262287425	-0	0	-1.63499987125396728516	0	1.30787873235903026111e-44	7.60141046641162810332e-06	1.30787873235903026111e-44
identity_previous_q_far	roundtrip	60	1.00000005215406417847	0	-9.80999997757372454998	-0	0	-9.80999469757080078125	0	2.2420818778265078515e-44	7.48447884455060564793e-05	2.2420818778265078515e-44
identity_previous_q_far	roundtrip	120	2.00000010430812835693	0	-19.6199999551474491	-0	0	-19.6199855804443359375	0	3.36313300257756167843e-44	0.000219857218499191909972	3.36313300257756167843e-44
identity_previous_minus_q_near	original	1	0.0166666675359010696411	0	-0.1634999996262287425	-0	0	-0.163499996066093444824	0	1.13972275752689178077e-44	6.72432378144028307311e-07	1.13972275752689178077e-44
identity_previous_minus_q_near	original	10	0.166666675359010696411	0	-1.634999996262287425	-0	0	-1.63499987125396728516	0	1.30787873235903026111e-44	7.60141046641162810332e-06	1.30787873235903026111e-44
identity_previous_minus_q_near	original	60	1.00000005215406417847	0	-9.80999997757372454998	-0	0	-9.80999469757080078125	0	2.2420818778265078515e-44	7.48447884455060564793e-05	2.2420818778265078515e-44
identity_previous_minus_q_near	original	120	2.00000010430812835693	0	-19.6199999551474491	-0	0	-19.6199855804443359375	0	3.36313300257756167843e-44	0.000219857218499191909972	3.36313300257756167843e-44
identity_previous_minus_q_near	roundtrip	1	0.0166666675359010696411	0	-0.1634999996262287425	-0	0	-0.163499996066093444824	0	1.13972275752689178077e-44	6.72432378144028307311e-07	1.13972275752689178077e-44
identity_previous_minus_q_near	roundtrip	10	0.166666675359010696411	0	-1.634999996262287425	-0	0	-1.63499987125396728516	0	1.30787873235903026111e-44	7.60141046641162810332e-06	1.30787873235903026111e-44
identity_previous_minus_q_near	roundtrip	60	1.00000005215406417847	0	-9.80999997757372454998	-0	0	-9.80999469757080078125	0	2.2420818778265078515e-44	7.48447884455060564793e-05	2.2420818778265078515e-44
identity_previous_minus_q_near	roundtrip	120	2.00000010430812835693	0	-19.6199999551474491	-0	0	-19.6199855804443359375	0	3.36313300257756167843e-44	0.000219857218499191909972	3.36313300257756167843e-44
identity_previous_minus_q_far	original	1	0.0166666675359010696411	0	-0.1634999996262287425	-0	0	-0.163499996066093444824	0	1.13972275752689178077e-44	6.72432378144028307311e-07	1.13972275752689178077e-44
identity_previous_minus_q_far	original	10	0.166666675359010696411	0	-1.634999996262287425	-0	0	-1.63499987125396728516	0	1.30787873235903026111e-44	7.60141046641162810332e-06	1.30787873235903026111e-44
identity_previous_minus_q_far	original	60	1.00000005215406417847	0	-9.80999997757372454998	-0	0	-9.80999469757080078125	0	2.2420818778265078515e-44	7.48447884455060564793e-05	2.2420818778265078515e-44
identity_previous_minus_q_far	original	120	2.00000010430812835693	0	-19.6199999551474491	-0	0	-19.6199855804443359375	0	3.36313300257756167843e-44	0.000219857218499191909972	3.36313300257756167843e-44
identity_previous_minus_q_far	roundtrip	1	0.0166666675359010696411	0	-0.1634999996262287425	-0	0	-0.163499996066093444824	0	1.13972275752689178077e-44	6.72432378144028307311e-07	1.13972275752689178077e-44
identity_previous_minus_q_far	roundtrip	10	0.166666675359010696411	0	-1.634999996262287425	-0	0	-1.63499987125396728516	0	1.30787873235903026111e-44	7.60141046641162810332e-06	1.30787873235903026111e-44
identity_previous_minus_q_far	roundtrip	60	1.00000005215406417847	0	-9.80999997757372454998	-0	0	-9.80999469757080078125	0	2.2420818778265078515e-44	7.48447884455060564793e-05	2.2420818778265078515e-44
identity_previous_minus_q_far	roundtrip	120	2.00000010430812835693	0	-19.6199999551474491	-0	0	-19.6199855804443359375	0	3.36313300257756167843e-44	0.000219857218499191909972	3.36313300257756167843e-44
identity_next_q_near	original	1	0.0166666675359010696411	0	-0.163500031415374280641	-0	0	-0.16350002586841583252	0	1.13972275752689178077e-44	6.72432508884400064165e-07	1.13972275752689178077e-44
identity_next_q_near	original	10	0.166666675359010696411	0	-1.63500031415374280641	-0	0	-1.63500034809112548828	0	1.30787873235903026111e-44	7.60141194434645479645e-06	1.30787873235903026111e-44
identity_next_q_near	original	60	1.00000005215406417847	0	-9.81000188492245683847	-0	0	-9.8099956512451171875	0	2.2420818778265078515e-44	7.48448029975053109446e-05	2.2420818778265078515e-44
identity_next_q_near	original	120	2.00000010430812835693	0	-19.6200037698449136769	-0	0	-19.6199855804443359375	0	3.36313300257756167843e-44	0.000219857261245816573319	3.36313300257756167843e-44
identity_next_q_near	roundtrip	1	0.0166666675359010696411	0	-0.163500031415374280641	-0	0	-0.16350002586841583252	0	1.13972275752689178077e-44	6.72432508884400064165e-07	1.13972275752689178077e-44
identity_next_q_near	roundtrip	10	0.166666675359010696411	0	-1.63500031415374280641	-0	0	-1.63500034809112548828	0	1.30787873235903026111e-44	7.60141194434645479645e-06	1.30787873235903026111e-44
identity_next_q_near	roundtrip	60	1.00000005215406417847	0	-9.81000188492245683847	-0	0	-9.8099956512451171875	0	2.2420818778265078515e-44	7.48448029975053109446e-05	2.2420818778265078515e-44
identity_next_q_near	roundtrip	120	2.00000010430812835693	0	-19.6200037698449136769	-0	0	-19.6199855804443359375	0	3.36313300257756167843e-44	0.000219857261245816573319	3.36313300257756167843e-44
identity_next_q_far	original	1	0.0166666675359010696411	0	-0.163500031415374280641	-0	0	-0.16350002586841583252	0	1.13972275752689178077e-44	6.72432508884400064165e-07	1.13972275752689178077e-44
identity_next_q_far	original	10	0.166666675359010696411	0	-1.63500031415374280641	-0	0	-1.63500034809112548828	0	1.30787873235903026111e-44	7.60141194434645479645e-06	1.30787873235903026111e-44
identity_next_q_far	original	60	1.00000005215406417847	0	-9.81000188492245683847	-0	0	-9.8099956512451171875	0	2.2420818778265078515e-44	7.48448029975053109446e-05	2.2420818778265078515e-44
identity_next_q_far	original	120	2.00000010430812835693	0	-19.6200037698449136769	-0	0	-19.6199855804443359375	0	3.36313300257756167843e-44	0.000219857261245816573319	3.36313300257756167843e-44
identity_next_q_far	roundtrip	1	0.0166666675359010696411	0	-0.163500031415374280641	-0	0	-0.16350002586841583252	0	1.13972275752689178077e-44	6.72432508884400064165e-07	1.13972275752689178077e-44
identity_next_q_far	roundtrip	10	0.166666675359010696411	0	-1.63500031415374280641	-0	0	-1.63500034809112548828	0	1.30787873235903026111e-44	7.60141194434645479645e-06	1.30787873235903026111e-44
identity_next_q_far	roundtrip	60	1.00000005215406417847	0	-9.81000188492245683847	-0	0	-9.8099956512451171875	0	2.2420818778265078515e-44	7.48448029975053109446e-05	2.2420818778265078515e-44
identity_next_q_far	roundtrip	120	2.00000010430812835693	0	-19.6200037698449136769	-0	0	-19.6199855804443359375	0	3.36313300257756167843e-44	0.000219857261245816573319	3.36313300257756167843e-44
identity_next_minus_q_near	original	1	0.0166666675359010696411	0	-0.163500031415374280641	-0	0	-0.16350002586841583252	0	1.13972275752689178077e-44	6.72432508884400064165e-07	1.13972275752689178077e-44
identity_next_minus_q_near	original	10	0.166666675359010696411	0	-1.63500031415374280641	-0	0	-1.63500034809112548828	0	1.30787873235903026111e-44	7.60141194434645479645e-06	1.30787873235903026111e-44
identity_next_minus_q_near	original	60	1.00000005215406417847	0	-9.81000188492245683847	-0	0	-9.8099956512451171875	0	2.2420818778265078515e-44	7.48448029975053109446e-05	2.2420818778265078515e-44
identity_next_minus_q_near	original	120	2.00000010430812835693	0	-19.6200037698449136769	-0	0	-19.6199855804443359375	0	3.36313300257756167843e-44	0.000219857261245816573319	3.36313300257756167843e-44
identity_next_minus_q_near	roundtrip	1	0.0166666675359010696411	0	-0.163500031415374280641	-0	0	-0.16350002586841583252	0	1.13972275752689178077e-44	6.72432508884400064165e-07	1.13972275752689178077e-44
identity_next_minus_q_near	roundtrip	10	0.166666675359010696411	0	-1.63500031415374280641	-0	0	-1.63500034809112548828	0	1.30787873235903026111e-44	7.60141194434645479645e-06	1.30787873235903026111e-44
identity_next_minus_q_near	roundtrip	60	1.00000005215406417847	0	-9.81000188492245683847	-0	0	-9.8099956512451171875	0	2.2420818778265078515e-44	7.48448029975053109446e-05	2.2420818778265078515e-44
identity_next_minus_q_near	roundtrip	120	2.00000010430812835693	0	-19.6200037698449136769	-0	0	-19.6199855804443359375	0	3.36313300257756167843e-44	0.000219857261245816573319	3.36313300257756167843e-44
identity_next_minus_q_far	original	1	0.0166666675359010696411	0	-0.163500031415374280641	-0	0	-0.16350002586841583252	0	1.13972275752689178077e-44	6.72432508884400064165e-07	1.13972275752689178077e-44
identity_next_minus_q_far	original	10	0.166666675359010696411	0	-1.63500031415374280641	-0	0	-1.63500034809112548828	0	1.30787873235903026111e-44	7.60141194434645479645e-06	1.30787873235903026111e-44
identity_next_minus_q_far	original	60	1.00000005215406417847	0	-9.81000188492245683847	-0	0	-9.8099956512451171875	0	2.2420818778265078515e-44	7.48448029975053109446e-05	2.2420818778265078515e-44
identity_next_minus_q_far	original	120	2.00000010430812835693	0	-19.6200037698449136769	-0	0	-19.6199855804443359375	0	3.36313300257756167843e-44	0.000219857261245816573319	3.36313300257756167843e-44
identity_next_minus_q_far	roundtrip	1	0.0166666675359010696411	0	-0.163500031415374280641	-0	0	-0.16350002586841583252	0	1.13972275752689178077e-44	6.72432508884400064165e-07	1.13972275752689178077e-44
identity_next_minus_q_far	roundtrip	10	0.166666675359010696411	0	-1.63500031415374280641	-0	0	-1.63500034809112548828	0	1.30787873235903026111e-44	7.60141194434645479645e-06	1.30787873235903026111e-44
identity_next_minus_q_far	roundtrip	60	1.00000005215406417847	0	-9.81000188492245683847	-0	0	-9.8099956512451171875	0	2.2420818778265078515e-44	7.48448029975053109446e-05	2.2420818778265078515e-44
identity_next_minus_q_far	roundtrip	120	2.00000010430812835693	0	-19.6200037698449136769	-0	0	-19.6199855804443359375	0	3.36313300257756167843e-44	0.000219857261245816573319	3.36313300257756167843e-44
identity_zero_q_near	original	1	0.0166666675359010696411	0	-0	0	0	0	0	1.13972275752689178077e-44	1.13972275752689178077e-44	1.13972275752689178077e-44
identity_zero_q_near	original	10	0.166666675359010696411	0	-0	0	0	0	0	1.30787873235903026111e-44	1.30787873235903026111e-44	1.30787873235903026111e-44
identity_zero_q_near	original	60	1.00000005215406417847	0	-0	0	0	0	0	2.2420818778265078515e-44	2.2420818778265078515e-44	2.2420818778265078515e-44
identity_zero_q_near	original	120	2.00000010430812835693	0	-0	0	0	0	0	3.36313300257756167843e-44	3.36313300257756167843e-44	3.36313300257756167843e-44
identity_zero_q_near	roundtrip	1	0.0166666675359010696411	0	-0	0	0	0	0	1.13972275752689178077e-44	1.13972275752689178077e-44	1.13972275752689178077e-44
identity_zero_q_near	roundtrip	10	0.166666675359010696411	0	-0	0	0	0	0	1.30787873235903026111e-44	1.30787873235903026111e-44	1.30787873235903026111e-44
identity_zero_q_near	roundtrip	60	1.00000005215406417847	0	-0	0	0	0	0	2.2420818778265078515e-44	2.2420818778265078515e-44	2.2420818778265078515e-44
identity_zero_q_near	roundtrip	120	2.00000010430812835693	0	-0	0	0	0	0	3.36313300257756167843e-44	3.36313300257756167843e-44	3.36313300257756167843e-44
identity_zero_q_far	original	1	0.0166666675359010696411	0	-0	0	0	0	0	1.13972275752689178077e-44	1.13972275752689178077e-44	1.13972275752689178077e-44
identity_zero_q_far	original	10	0.166666675359010696411	0	-0	0	0	0	0	1.30787873235903026111e-44	1.30787873235903026111e-44	1.30787873235903026111e-44
identity_zero_q_far	original	60	1.00000005215406417847	0	-0	0	0	0	0	2.2420818778265078515e-44	2.2420818778265078515e-44	2.2420818778265078515e-44
identity_zero_q_far	original	120	2.00000010430812835693	0	-0	0	0	0	0	3.36313300257756167843e-44	3.36313300257756167843e-44	3.36313300257756167843e-44
identity_zero_q_far	roundtrip	1	0.0166666675359010696411	0	-0	0	0	0	0	1.13972275752689178077e-44	1.13972275752689178077e-44	1.13972275752689178077e-44
identity_zero_q_far	roundtrip	10	0.166666675359010696411	0	-0	0	0	0	0	1.30787873235903026111e-44	1.30787873235903026111e-44	1.30787873235903026111e-44
identity_zero_q_far	roundtrip	60	1.00000005215406417847	0	-0	0	0	0	0	2.2420818778265078515e-44	2.2420818778265078515e-44	2.2420818778265078515e-44
identity_zero_q_far	roundtrip	120	2.00000010430812835693	0	-0	0	0	0	0	3.36313300257756167843e-44	3.36313300257756167843e-44	3.36313300257756167843e-44
identity_zero_minus_q_near	original	1	0.0166666675359010696411	0	-0	0	0	0	0	1.13972275752689178077e-44	1.13972275752689178077e-44	1.13972275752689178077e-44
identity_zero_minus_q_near	original	10	0.166666675359010696411	0	-0	0	0	0	0	1.30787873235903026111e-44	1.30787873235903026111e-44	1.30787873235903026111e-44
identity_zero_minus_q_near	original	60	1.00000005215406417847	0	-0	0	0	0	0	2.2420818778265078515e-44	2.2420818778265078515e-44	2.2420818778265078515e-44
identity_zero_minus_q_near	original	120	2.00000010430812835693	0	-0	0	0	0	0	3.36313300257756167843e-44	3.36313300257756167843e-44	3.36313300257756167843e-44
identity_zero_minus_q_near	roundtrip	1	0.0166666675359010696411	0	-0	0	0	0	0	1.13972275752689178077e-44	1.13972275752689178077e-44	1.13972275752689178077e-44
identity_zero_minus_q_near	roundtrip	10	0.166666675359010696411	0	-0	0	0	0	0	1.30787873235903026111e-44	1.30787873235903026111e-44	1.30787873235903026111e-44
identity_zero_minus_q_near	roundtrip	60	1.00000005215406417847	0	-0	0	0	0	0	2.2420818778265078515e-44	2.2420818778265078515e-44	2.2420818778265078515e-44
identity_zero_minus_q_near	roundtrip	120	2.00000010430812835693	0	-0	0	0	0	0	3.36313300257756167843e-44	3.36313300257756167843e-44	3.36313300257756167843e-44
identity_zero_minus_q_far	original	1	0.0166666675359010696411	0	-0	0	0	0	0	1.13972275752689178077e-44	1.13972275752689178077e-44	1.13972275752689178077e-44
identity_zero_minus_q_far	original	10	0.166666675359010696411	0	-0	0	0	0	0	1.30787873235903026111e-44	1.30787873235903026111e-44	1.30787873235903026111e-44
identity_zero_minus_q_far	original	60	1.00000005215406417847	0	-0	0	0	0	0	2.2420818778265078515e-44	2.2420818778265078515e-44	2.2420818778265078515e-44
identity_zero_minus_q_far	original	120	2.00000010430812835693	0	-0	0	0	0	0	3.36313300257756167843e-44	3.36313300257756167843e-44	3.36313300257756167843e-44
identity_zero_minus_q_far	roundtrip	1	0.0166666675359010696411	0	-0	0	0	0	0	1.13972275752689178077e-44	1.13972275752689178077e-44	1.13972275752689178077e-44
identity_zero_minus_q_far	roundtrip	10	0.166666675359010696411	0	-0	0	0	0	0	1.30787873235903026111e-44	1.30787873235903026111e-44	1.30787873235903026111e-44
identity_zero_minus_q_far	roundtrip	60	1.00000005215406417847	0	-0	0	0	0	0	2.2420818778265078515e-44	2.2420818778265078515e-44	2.2420818778265078515e-44
identity_zero_minus_q_far	roundtrip	120	2.00000010430812835693	0	-0	0	0	0	0	3.36313300257756167843e-44	3.36313300257756167843e-44	3.36313300257756167843e-44
identity_quarter_q_near	original	1	0.0166666675359010696411	0	-0.00416666688397526741028	-0	0	-0.00416666688397526741028	0	1.13972275752689178077e-44	1.71364020069146890728e-08	1.13972275752689178077e-44
identity_quarter_q_near	original	10	0.166666675359010696411	0	-0.0416666688397526741028	-0	0	-0.0416666679084300994873	0	1.30787873235903026111e-44	1.93715873604316502999e-07	1.30787873235903026111e-44
identity_quarter_q_near	original	60	1.00000005215406417847	0	-0.250000013038516044617	-0	0	-0.249999925494194030762	0	2.2420818778265078515e-44	1.90735964628098490652e-06	2.2420818778265078515e-44
identity_quarter_q_near	original	120	2.00000010430812835693	0	-0.500000026077032089233	-0	0	-0.499999701976776123047	0	3.36313300257756167843e-44	5.60288558787581079791e-06	3.36313300257756167843e-44
identity_quarter_q_near	roundtrip	1	0.0166666675359010696411	0	-0.00416666688397526741028	-0	0	-0.00416666688397526741028	0	1.13972275752689178077e-44	1.71364020069146890728e-08	1.13972275752689178077e-44
identity_quarter_q_near	roundtrip	10	0.166666675359010696411	0	-0.0416666688397526741028	-0	0	-0.0416666679084300994873	0	1.30787873235903026111e-44	1.93715873604316502999e-07	1.30787873235903026111e-44
identity_quarter_q_near	roundtrip	60	1.00000005215406417847	0	-0.250000013038516044617	-0	0	-0.249999925494194030762	0	2.2420818778265078515e-44	1.90735964628098490652e-06	2.2420818778265078515e-44
identity_quarter_q_near	roundtrip	120	2.00000010430812835693	0	-0.500000026077032089233	-0	0	-0.499999701976776123047	0	3.36313300257756167843e-44	5.60288558787581079791e-06	3.36313300257756167843e-44
identity_quarter_q_far	original	1	0.0166666675359010696411	0	-0.00416666688397526741028	-0	0	-0.00416666688397526741028	0	1.13972275752689178077e-44	1.71364020069146890728e-08	1.13972275752689178077e-44
identity_quarter_q_far	original	10	0.166666675359010696411	0	-0.0416666688397526741028	-0	0	-0.0416666679084300994873	0	1.30787873235903026111e-44	1.93715873604316502999e-07	1.30787873235903026111e-44
identity_quarter_q_far	original	60	1.00000005215406417847	0	-0.250000013038516044617	-0	0	-0.249999925494194030762	0	2.2420818778265078515e-44	1.90735964628098490652e-06	2.2420818778265078515e-44
identity_quarter_q_far	original	120	2.00000010430812835693	0	-0.500000026077032089233	-0	0	-0.499999701976776123047	0	3.36313300257756167843e-44	5.60288558787581079791e-06	3.36313300257756167843e-44
identity_quarter_q_far	roundtrip	1	0.0166666675359010696411	0	-0.00416666688397526741028	-0	0	-0.00416666688397526741028	0	1.13972275752689178077e-44	1.71364020069146890728e-08	1.13972275752689178077e-44
identity_quarter_q_far	roundtrip	10	0.166666675359010696411	0	-0.0416666688397526741028	-0	0	-0.0416666679084300994873	0	1.30787873235903026111e-44	1.93715873604316502999e-07	1.30787873235903026111e-44
identity_quarter_q_far	roundtrip	60	1.00000005215406417847	0	-0.250000013038516044617	-0	0	-0.249999925494194030762	0	2.2420818778265078515e-44	1.90735964628098490652e-06	2.2420818778265078515e-44
identity_quarter_q_far	roundtrip	120	2.00000010430812835693	0	-0.500000026077032089233	-0	0	-0.499999701976776123047	0	3.36313300257756167843e-44	5.60288558787581079791e-06	3.36313300257756167843e-44
identity_quarter_minus_q_near	original	1	0.0166666675359010696411	0	-0.00416666688397526741028	-0	0	-0.00416666688397526741028	0	1.13972275752689178077e-44	1.71364020069146890728e-08	1.13972275752689178077e-44
identity_quarter_minus_q_near	original	10	0.166666675359010696411	0	-0.0416666688397526741028	-0	0	-0.0416666679084300994873	0	1.30787873235903026111e-44	1.93715873604316502999e-07	1.30787873235903026111e-44
identity_quarter_minus_q_near	original	60	1.00000005215406417847	0	-0.250000013038516044617	-0	0	-0.249999925494194030762	0	2.2420818778265078515e-44	1.90735964628098490652e-06	2.2420818778265078515e-44
identity_quarter_minus_q_near	original	120	2.00000010430812835693	0	-0.500000026077032089233	-0	0	-0.499999701976776123047	0	3.36313300257756167843e-44	5.60288558787581079791e-06	3.36313300257756167843e-44
identity_quarter_minus_q_near	roundtrip	1	0.0166666675359010696411	0	-0.00416666688397526741028	-0	0	-0.00416666688397526741028	0	1.13972275752689178077e-44	1.71364020069146890728e-08	1.13972275752689178077e-44
identity_quarter_minus_q_near	roundtrip	10	0.166666675359010696411	0	-0.0416666688397526741028	-0	0	-0.0416666679084300994873	0	1.30787873235903026111e-44	1.93715873604316502999e-07	1.30787873235903026111e-44
identity_quarter_minus_q_near	roundtrip	60	1.00000005215406417847	0	-0.250000013038516044617	-0	0	-0.249999925494194030762	0	2.2420818778265078515e-44	1.90735964628098490652e-06	2.2420818778265078515e-44
identity_quarter_minus_q_near	roundtrip	120	2.00000010430812835693	0	-0.500000026077032089233	-0	0	-0.499999701976776123047	0	3.36313300257756167843e-44	5.60288558787581079791e-06	3.36313300257756167843e-44
identity_quarter_minus_q_far	original	1	0.0166666675359010696411	0	-0.00416666688397526741028	-0	0	-0.00416666688397526741028	0	1.13972275752689178077e-44	1.71364020069146890728e-08	1.13972275752689178077e-44
identity_quarter_minus_q_far	original	10	0.166666675359010696411	0	-0.0416666688397526741028	-0	0	-0.0416666679084300994873	0	1.30787873235903026111e-44	1.93715873604316502999e-07	1.30787873235903026111e-44
identity_quarter_minus_q_far	original	60	1.00000005215406417847	0	-0.250000013038516044617	-0	0	-0.249999925494194030762	0	2.2420818778265078515e-44	1.90735964628098490652e-06	2.2420818778265078515e-44
identity_quarter_minus_q_far	original	120	2.00000010430812835693	0	-0.500000026077032089233	-0	0	-0.499999701976776123047	0	3.36313300257756167843e-44	5.60288558787581079791e-06	3.36313300257756167843e-44
identity_quarter_minus_q_far	roundtrip	1	0.0166666675359010696411	0	-0.00416666688397526741028	-0	0	-0.00416666688397526741028	0	1.13972275752689178077e-44	1.71364020069146890728e-08	1.13972275752689178077e-44
identity_quarter_minus_q_far	roundtrip	10	0.166666675359010696411	0	-0.0416666688397526741028	-0	0	-0.0416666679084300994873	0	1.30787873235903026111e-44	1.93715873604316502999e-07	1.30787873235903026111e-44
identity_quarter_minus_q_far	roundtrip	60	1.00000005215406417847	0	-0.250000013038516044617	-0	0	-0.249999925494194030762	0	2.2420818778265078515e-44	1.90735964628098490652e-06	2.2420818778265078515e-44
identity_quarter_minus_q_far	roundtrip	120	2.00000010430812835693	0	-0.500000026077032089233	-0	0	-0.499999701976776123047	0	3.36313300257756167843e-44	5.60288558787581079791e-06	3.36313300257756167843e-44
identity_3_7_q_near	original	1	0.0166666675359010696411	0	-0.0616666706775625961257	-0	0	-0.0616666711866855621338	0	1.13972275752689178077e-44	2.53618752970846692194e-07	1.13972275752689178077e-44
identity_3_7_q_near	original	10	0.166666675359010696411	0	-0.616666706775625961257	-0	0	-0.616666734218597412109	0	1.30787873235903026111e-44	2.8669949662922549117e-06	1.30787873235903026111e-44
identity_3_7_q_near	original	60	1.00000005215406417847	0	-3.70000024065375576754	-0	0	-3.7000026702880859375	0	2.2420818778265078515e-44	2.82289231287585579778e-05	2.2420818778265078515e-44
identity_3_7_q_near	original	120	2.00000010430812835693	0	-7.40000048130751153508	-0	0	-7.39999294281005859375	0	3.36313300257756167843e-44	8.29227077692276163914e-05	3.36313300257756167843e-44
identity_3_7_q_near	roundtrip	1	0.0166666675359010696411	0	-0.0616666706775625961257	-0	0	-0.0616666711866855621338	0	1.13972275752689178077e-44	2.53618752970846692194e-07	1.13972275752689178077e-44
identity_3_7_q_near	roundtrip	10	0.166666675359010696411	0	-0.616666706775625961257	-0	0	-0.616666734218597412109	0	1.30787873235903026111e-44	2.8669949662922549117e-06	1.30787873235903026111e-44
identity_3_7_q_near	roundtrip	60	1.00000005215406417847	0	-3.70000024065375576754	-0	0	-3.7000026702880859375	0	2.2420818778265078515e-44	2.82289231287585579778e-05	2.2420818778265078515e-44
identity_3_7_q_near	roundtrip	120	2.00000010430812835693	0	-7.40000048130751153508	-0	0	-7.39999294281005859375	0	3.36313300257756167843e-44	8.29227077692276163914e-05	3.36313300257756167843e-44
identity_3_7_q_far	original	1	0.0166666675359010696411	0	-0.0616666706775625961257	-0	0	-0.0616666711866855621338	0	1.13972275752689178077e-44	2.53618752970846692194e-07	1.13972275752689178077e-44
identity_3_7_q_far	original	10	0.166666675359010696411	0	-0.616666706775625961257	-0	0	-0.616666734218597412109	0	1.30787873235903026111e-44	2.8669949662922549117e-06	1.30787873235903026111e-44
identity_3_7_q_far	original	60	1.00000005215406417847	0	-3.70000024065375576754	-0	0	-3.7000026702880859375	0	2.2420818778265078515e-44	2.82289231287585579778e-05	2.2420818778265078515e-44
identity_3_7_q_far	original	120	2.00000010430812835693	0	-7.40000048130751153508	-0	0	-7.39999294281005859375	0	3.36313300257756167843e-44	8.29227077692276163914e-05	3.36313300257756167843e-44
identity_3_7_q_far	roundtrip	1	0.0166666675359010696411	0	-0.0616666706775625961257	-0	0	-0.0616666711866855621338	0	1.13972275752689178077e-44	2.53618752970846692194e-07	1.13972275752689178077e-44
identity_3_7_q_far	roundtrip	10	0.166666675359010696411	0	-0.616666706775625961257	-0	0	-0.616666734218597412109	0	1.30787873235903026111e-44	2.8669949662922549117e-06	1.30787873235903026111e-44
identity_3_7_q_far	roundtrip	60	1.00000005215406417847	0	-3.70000024065375576754	-0	0	-3.7000026702880859375	0	2.2420818778265078515e-44	2.82289231287585579778e-05	2.2420818778265078515e-44
identity_3_7_q_far	roundtrip	120	2.00000010430812835693	0	-7.40000048130751153508	-0	0	-7.39999294281005859375	0	3.36313300257756167843e-44	8.29227077692276163914e-05	3.36313300257756167843e-44
identity_3_7_minus_q_near	original	1	0.0166666675359010696411	0	-0.0616666706775625961257	-0	0	-0.0616666711866855621338	0	1.13972275752689178077e-44	2.53618752970846692194e-07	1.13972275752689178077e-44
identity_3_7_minus_q_near	original	10	0.166666675359010696411	0	-0.616666706775625961257	-0	0	-0.616666734218597412109	0	1.30787873235903026111e-44	2.8669949662922549117e-06	1.30787873235903026111e-44
identity_3_7_minus_q_near	original	60	1.00000005215406417847	0	-3.70000024065375576754	-0	0	-3.7000026702880859375	0	2.2420818778265078515e-44	2.82289231287585579778e-05	2.2420818778265078515e-44
identity_3_7_minus_q_near	original	120	2.00000010430812835693	0	-7.40000048130751153508	-0	0	-7.39999294281005859375	0	3.36313300257756167843e-44	8.29227077692276163914e-05	3.36313300257756167843e-44
identity_3_7_minus_q_near	roundtrip	1	0.0166666675359010696411	0	-0.0616666706775625961257	-0	0	-0.0616666711866855621338	0	1.13972275752689178077e-44	2.53618752970846692194e-07	1.13972275752689178077e-44
identity_3_7_minus_q_near	roundtrip	10	0.166666675359010696411	0	-0.616666706775625961257	-0	0	-0.616666734218597412109	0	1.30787873235903026111e-44	2.8669949662922549117e-06	1.30787873235903026111e-44
identity_3_7_minus_q_near	roundtrip	60	1.00000005215406417847	0	-3.70000024065375576754	-0	0	-3.7000026702880859375	0	2.2420818778265078515e-44	2.82289231287585579778e-05	2.2420818778265078515e-44
identity_3_7_minus_q_near	roundtrip	120	2.00000010430812835693	0	-7.40000048130751153508	-0	0	-7.39999294281005859375	0	3.36313300257756167843e-44	8.29227077692276163914e-05	3.36313300257756167843e-44
identity_3_7_minus_q_far	original	1	0.0166666675359010696411	0	-0.0616666706775625961257	-0	0	-0.0616666711866855621338	0	1.13972275752689178077e-44	2.53618752970846692194e-07	1.13972275752689178077e-44
identity_3_7_minus_q_far	original	10	0.166666675359010696411	0	-0.616666706775625961257	-0	0	-0.616666734218597412109	0	1.30787873235903026111e-44	2.8669949662922549117e-06	1.30787873235903026111e-44
identity_3_7_minus_q_far	original	60	1.00000005215406417847	0	-3.70000024065375576754	-0	0	-3.7000026702880859375	0	2.2420818778265078515e-44	2.82289231287585579778e-05	2.2420818778265078515e-44
identity_3_7_minus_q_far	original	120	2.00000010430812835693	0	-7.40000048130751153508	-0	0	-7.39999294281005859375	0	3.36313300257756167843e-44	8.29227077692276163914e-05	3.36313300257756167843e-44
identity_3_7_minus_q_far	roundtrip	1	0.0166666675359010696411	0	-0.0616666706775625961257	-0	0	-0.0616666711866855621338	0	1.13972275752689178077e-44	2.53618752970846692194e-07	1.13972275752689178077e-44
identity_3_7_minus_q_far	roundtrip	10	0.166666675359010696411	0	-0.616666706775625961257	-0	0	-0.616666734218597412109	0	1.30787873235903026111e-44	2.8669949662922549117e-06	1.30787873235903026111e-44
identity_3_7_minus_q_far	roundtrip	60	1.00000005215406417847	0	-3.70000024065375576754	-0	0	-3.7000026702880859375	0	2.2420818778265078515e-44	2.82289231287585579778e-05	2.2420818778265078515e-44
identity_3_7_minus_q_far	roundtrip	120	2.00000010430812835693	0	-7.40000048130751153508	-0	0	-7.39999294281005859375	0	3.36313300257756167843e-44	8.29227077692276163914e-05	3.36313300257756167843e-44
identity_17_25_q_near	original	1	0.0166666675359010696411	0	-0.287500014994293451309	-0	0	-0.287500023841857910156	0	1.13972275752689178077e-44	1.18241173847711354603e-06	1.13972275752689178077e-44
identity_17_25_q_near	original	10	0.166666675359010696411	0	-2.87500014994293451309	-0	0	-2.875	0	1.30787873235903026111e-44	1.33663952786978387059e-05	1.30787873235903026111e-44
identity_17_25_q_near	original	60	1.00000005215406417847	0	-17.2500008996576070786	-0	0	-17.2500095367431640625	0	2.2420818778265078515e-44	0.000131607815593387958562	2.2420818778265078515e-44
identity_17_25_q_near	original	120	2.00000010430812835693	0	-34.5000017993152141571	-0	0	-34.5000152587890625	0	3.36313300257756167843e-44	0.000386599105563430945056	3.36313300257756167843e-44
identity_17_25_q_near	roundtrip	1	0.0166666675359010696411	0	-0.287500014994293451309	-0	0	-0.287500023841857910156	0	1.13972275752689178077e-44	1.18241173847711354603e-06	1.13972275752689178077e-44
identity_17_25_q_near	roundtrip	10	0.166666675359010696411	0	-2.87500014994293451309	-0	0	-2.875	0	1.30787873235903026111e-44	1.33663952786978387059e-05	1.30787873235903026111e-44
identity_17_25_q_near	roundtrip	60	1.00000005215406417847	0	-17.2500008996576070786	-0	0	-17.2500095367431640625	0	2.2420818778265078515e-44	0.000131607815593387958562	2.2420818778265078515e-44
identity_17_25_q_near	roundtrip	120	2.00000010430812835693	0	-34.5000017993152141571	-0	0	-34.5000152587890625	0	3.36313300257756167843e-44	0.000386599105563430945056	3.36313300257756167843e-44
identity_17_25_q_far	original	1	0.0166666675359010696411	0	-0.287500014994293451309	-0	0	-0.287500023841857910156	0	1.13972275752689178077e-44	1.18241173847711354603e-06	1.13972275752689178077e-44
identity_17_25_q_far	original	10	0.166666675359010696411	0	-2.87500014994293451309	-0	0	-2.875	0	1.30787873235903026111e-44	1.33663952786978387059e-05	1.30787873235903026111e-44
identity_17_25_q_far	original	60	1.00000005215406417847	0	-17.2500008996576070786	-0	0	-17.2500095367431640625	0	2.2420818778265078515e-44	0.000131607815593387958562	2.2420818778265078515e-44
identity_17_25_q_far	original	120	2.00000010430812835693	0	-34.5000017993152141571	-0	0	-34.5000152587890625	0	3.36313300257756167843e-44	0.000386599105563430945056	3.36313300257756167843e-44
identity_17_25_q_far	roundtrip	1	0.0166666675359010696411	0	-0.287500014994293451309	-0	0	-0.287500023841857910156	0	1.13972275752689178077e-44	1.18241173847711354603e-06	1.13972275752689178077e-44
identity_17_25_q_far	roundtrip	10	0.166666675359010696411	0	-2.87500014994293451309	-0	0	-2.875	0	1.30787873235903026111e-44	1.33663952786978387059e-05	1.30787873235903026111e-44
identity_17_25_q_far	roundtrip	60	1.00000005215406417847	0	-17.2500008996576070786	-0	0	-17.2500095367431640625	0	2.2420818778265078515e-44	0.000131607815593387958562	2.2420818778265078515e-44
identity_17_25_q_far	roundtrip	120	2.00000010430812835693	0	-34.5000017993152141571	-0	0	-34.5000152587890625	0	3.36313300257756167843e-44	0.000386599105563430945056	3.36313300257756167843e-44
identity_17_25_minus_q_near	original	1	0.0166666675359010696411	0	-0.287500014994293451309	-0	0	-0.287500023841857910156	0	1.13972275752689178077e-44	1.18241173847711354603e-06	1.13972275752689178077e-44
identity_17_25_minus_q_near	original	10	0.166666675359010696411	0	-2.87500014994293451309	-0	0	-2.875	0	1.30787873235903026111e-44	1.33663952786978387059e-05	1.30787873235903026111e-44
identity_17_25_minus_q_near	original	60	1.00000005215406417847	0	-17.2500008996576070786	-0	0	-17.2500095367431640625	0	2.2420818778265078515e-44	0.000131607815593387958562	2.2420818778265078515e-44
identity_17_25_minus_q_near	original	120	2.00000010430812835693	0	-34.5000017993152141571	-0	0	-34.5000152587890625	0	3.36313300257756167843e-44	0.000386599105563430945056	3.36313300257756167843e-44
identity_17_25_minus_q_near	roundtrip	1	0.0166666675359010696411	0	-0.287500014994293451309	-0	0	-0.287500023841857910156	0	1.13972275752689178077e-44	1.18241173847711354603e-06	1.13972275752689178077e-44
identity_17_25_minus_q_near	roundtrip	10	0.166666675359010696411	0	-2.87500014994293451309	-0	0	-2.875	0	1.30787873235903026111e-44	1.33663952786978387059e-05	1.30787873235903026111e-44
identity_17_25_minus_q_near	roundtrip	60	1.00000005215406417847	0	-17.2500008996576070786	-0	0	-17.2500095367431640625	0	2.2420818778265078515e-44	0.000131607815593387958562	2.2420818778265078515e-44
identity_17_25_minus_q_near	roundtrip	120	2.00000010430812835693	0	-34.5000017993152141571	-0	0	-34.5000152587890625	0	3.36313300257756167843e-44	0.000386599105563430945056	3.36313300257756167843e-44
identity_17_25_minus_q_far	original	1	0.0166666675359010696411	0	-0.287500014994293451309	-0	0	-0.287500023841857910156	0	1.13972275752689178077e-44	1.18241173847711354603e-06	1.13972275752689178077e-44
identity_17_25_minus_q_far	original	10	0.166666675359010696411	0	-2.87500014994293451309	-0	0	-2.875	0	1.30787873235903026111e-44	1.33663952786978387059e-05	1.30787873235903026111e-44
identity_17_25_minus_q_far	original	60	1.00000005215406417847	0	-17.2500008996576070786	-0	0	-17.2500095367431640625	0	2.2420818778265078515e-44	0.000131607815593387958562	2.2420818778265078515e-44
identity_17_25_minus_q_far	original	120	2.00000010430812835693	0	-34.5000017993152141571	-0	0	-34.5000152587890625	0	3.36313300257756167843e-44	0.000386599105563430945056	3.36313300257756167843e-44
identity_17_25_minus_q_far	roundtrip	1	0.0166666675359010696411	0	-0.287500014994293451309	-0	0	-0.287500023841857910156	0	1.13972275752689178077e-44	1.18241173847711354603e-06	1.13972275752689178077e-44
identity_17_25_minus_q_far	roundtrip	10	0.166666675359010696411	0	-2.87500014994293451309	-0	0	-2.875	0	1.30787873235903026111e-44	1.33663952786978387059e-05	1.30787873235903026111e-44
identity_17_25_minus_q_far	roundtrip	60	1.00000005215406417847	0	-17.2500008996576070786	-0	0	-17.2500095367431640625	0	2.2420818778265078515e-44	0.000131607815593387958562	2.2420818778265078515e-44
identity_17_25_minus_q_far	roundtrip	120	2.00000010430812835693	0	-34.5000017993152141571	-0	0	-34.5000152587890625	0	3.36313300257756167843e-44	0.000386599105563430945056	3.36313300257756167843e-44
z_positive_half_default_q_near	original	1	0.0166666675359010696411	8.17500075539967181845e-08	-0.163500015520781074075	-0	8.1750009428560588276e-08	-0.163500010967254638672	0	3.36216220908221721721e-13	6.72432443514286058066e-07	1.13972275752689178077e-44
z_positive_half_default_q_near	original	10	0.166666675359010696411	8.17500075539967181858e-07	-1.63500015520781074067	-0	8.17499994809622876346e-07	-1.6350002288818359375	0	3.80070559309342399493e-12	7.60141120537965053812e-06	1.30787873235903026111e-44
z_positive_half_default_q_near	original	60	1.00000005215406417847	4.90500045323980309084e-06	-9.81000093124686444422	-0	4.90499814986833371222e-06	-9.8099956512451171875	0	3.74223977662680310704e-11	7.48447957215056837285e-05	2.2420818778265078515e-44
z_positive_half_default_q_near	original	120	2.00000010430812835693	9.81000090647960618168e-06	-19.6200018624937288884	-0	9.80999448074726387858e-06	-19.6199855804443359375	0	1.09928619658702165483e-10	0.000219857239872495470778	3.36313300257756167843e-44
z_positive_half_default_q_near	roundtrip	1	0.0166666675359010696411	8.17500075539967181845e-08	-0.163500015520781074075	-0	8.1750009428560588276e-08	-0.163500010967254638672	0	3.36216220908221721721e-13	6.72432443514286058066e-07	1.13972275752689178077e-44
z_positive_half_default_q_near	roundtrip	10	0.166666675359010696411	8.17500075539967181858e-07	-1.63500015520781074067	-0	8.17499994809622876346e-07	-1.6350002288818359375	0	3.80070559309342399493e-12	7.60141120537965053812e-06	1.30787873235903026111e-44
z_positive_half_default_q_near	roundtrip	60	1.00000005215406417847	4.90500045323980309084e-06	-9.81000093124686444422	-0	4.90499814986833371222e-06	-9.8099956512451171875	0	3.74223977662680310704e-11	7.48447957215056837285e-05	2.2420818778265078515e-44
z_positive_half_default_q_near	roundtrip	120	2.00000010430812835693	9.81000090647960618168e-06	-19.6200018624937288884	-0	9.80999448074726387858e-06	-19.6199855804443359375	0	1.09928619658702165483e-10	0.000219857239872495470778	3.36313300257756167843e-44
z_positive_half_default_q_far	original	1	0.0166666675359010696411	8.17500075539967181845e-08	-0.163500015520781074075	-0	8.1750009428560588276e-08	-0.163500010967254638672	0	3.36216220908221721721e-13	6.72432443514286058066e-07	1.13972275752689178077e-44
z_positive_half_default_q_far	original	10	0.166666675359010696411	8.17500075539967181858e-07	-1.63500015520781074067	-0	8.17499994809622876346e-07	-1.6350002288818359375	0	3.80070559309342399493e-12	7.60141120537965053812e-06	1.30787873235903026111e-44
z_positive_half_default_q_far	original	60	1.00000005215406417847	4.90500045323980309084e-06	-9.81000093124686444422	-0	4.90499814986833371222e-06	-9.8099956512451171875	0	3.74223977662680310704e-11	7.48447957215056837285e-05	2.2420818778265078515e-44
z_positive_half_default_q_far	original	120	2.00000010430812835693	9.81000090647960618168e-06	-19.6200018624937288884	-0	9.80999448074726387858e-06	-19.6199855804443359375	0	1.09928619658702165483e-10	0.000219857239872495470778	3.36313300257756167843e-44
z_positive_half_default_q_far	roundtrip	1	0.0166666675359010696411	8.17500075539967181845e-08	-0.163500015520781074075	-0	8.1750009428560588276e-08	-0.163500010967254638672	0	3.36216220908221721721e-13	6.72432443514286058066e-07	1.13972275752689178077e-44
z_positive_half_default_q_far	roundtrip	10	0.166666675359010696411	8.17500075539967181858e-07	-1.63500015520781074067	-0	8.17499994809622876346e-07	-1.6350002288818359375	0	3.80070559309342399493e-12	7.60141120537965053812e-06	1.30787873235903026111e-44
z_positive_half_default_q_far	roundtrip	60	1.00000005215406417847	4.90500045323980309084e-06	-9.81000093124686444422	-0	4.90499814986833371222e-06	-9.8099956512451171875	0	3.74223977662680310704e-11	7.48447957215056837285e-05	2.2420818778265078515e-44
z_positive_half_default_q_far	roundtrip	120	2.00000010430812835693	9.81000090647960618168e-06	-19.6200018624937288884	-0	9.80999448074726387858e-06	-19.6199855804443359375	0	1.09928619658702165483e-10	0.000219857239872495470778	3.36313300257756167843e-44
z_positive_half_default_minus_q_near	original	1	0.0166666675359010696411	8.17500075539967181845e-08	-0.163500015520781074075	-0	8.1750009428560588276e-08	-0.163500010967254638672	0	3.36216220908221721721e-13	6.72432443514286058066e-07	1.13972275752689178077e-44
z_positive_half_default_minus_q_near	original	10	0.166666675359010696411	8.17500075539967181858e-07	-1.63500015520781074067	-0	8.17499994809622876346e-07	-1.6350002288818359375	0	3.80070559309342399493e-12	7.60141120537965053812e-06	1.30787873235903026111e-44
z_positive_half_default_minus_q_near	original	60	1.00000005215406417847	4.90500045323980309084e-06	-9.81000093124686444422	-0	4.90499814986833371222e-06	-9.8099956512451171875	0	3.74223977662680310704e-11	7.48447957215056837285e-05	2.2420818778265078515e-44
z_positive_half_default_minus_q_near	original	120	2.00000010430812835693	9.81000090647960618168e-06	-19.6200018624937288884	-0	9.80999448074726387858e-06	-19.6199855804443359375	0	1.09928619658702165483e-10	0.000219857239872495470778	3.36313300257756167843e-44
z_positive_half_default_minus_q_near	roundtrip	1	0.0166666675359010696411	8.17500075539967181845e-08	-0.163500015520781074075	-0	8.1750009428560588276e-08	-0.163500010967254638672	0	3.36216220908221721721e-13	6.72432443514286058066e-07	1.13972275752689178077e-44
z_positive_half_default_minus_q_near	roundtrip	10	0.166666675359010696411	8.17500075539967181858e-07	-1.63500015520781074067	-0	8.17499994809622876346e-07	-1.6350002288818359375	0	3.80070559309342399493e-12	7.60141120537965053812e-06	1.30787873235903026111e-44
z_positive_half_default_minus_q_near	roundtrip	60	1.00000005215406417847	4.90500045323980309084e-06	-9.81000093124686444422	-0	4.90499814986833371222e-06	-9.8099956512451171875	0	3.74223977662680310704e-11	7.48447957215056837285e-05	2.2420818778265078515e-44
z_positive_half_default_minus_q_near	roundtrip	120	2.00000010430812835693	9.81000090647960618168e-06	-19.6200018624937288884	-0	9.80999448074726387858e-06	-19.6199855804443359375	0	1.09928619658702165483e-10	0.000219857239872495470778	3.36313300257756167843e-44
z_positive_half_default_minus_q_far	original	1	0.0166666675359010696411	8.17500075539967181845e-08	-0.163500015520781074075	-0	8.1750009428560588276e-08	-0.163500010967254638672	0	3.36216220908221721721e-13	6.72432443514286058066e-07	1.13972275752689178077e-44
z_positive_half_default_minus_q_far	original	10	0.166666675359010696411	8.17500075539967181858e-07	-1.63500015520781074067	-0	8.17499994809622876346e-07	-1.6350002288818359375	0	3.80070559309342399493e-12	7.60141120537965053812e-06	1.30787873235903026111e-44
z_positive_half_default_minus_q_far	original	60	1.00000005215406417847	4.90500045323980309084e-06	-9.81000093124686444422	-0	4.90499814986833371222e-06	-9.8099956512451171875	0	3.74223977662680310704e-11	7.48447957215056837285e-05	2.2420818778265078515e-44
z_positive_half_default_minus_q_far	original	120	2.00000010430812835693	9.81000090647960618168e-06	-19.6200018624937288884	-0	9.80999448074726387858e-06	-19.6199855804443359375	0	1.09928619658702165483e-10	0.000219857239872495470778	3.36313300257756167843e-44
z_positive_half_default_minus_q_far	roundtrip	1	0.0166666675359010696411	8.17500075539967181845e-08	-0.163500015520781074075	-0	8.1750009428560588276e-08	-0.163500010967254638672	0	3.36216220908221721721e-13	6.72432443514286058066e-07	1.13972275752689178077e-44
z_positive_half_default_minus_q_far	roundtrip	10	0.166666675359010696411	8.17500075539967181858e-07	-1.63500015520781074067	-0	8.17499994809622876346e-07	-1.6350002288818359375	0	3.80070559309342399493e-12	7.60141120537965053812e-06	1.30787873235903026111e-44
z_positive_half_default_minus_q_far	roundtrip	60	1.00000005215406417847	4.90500045323980309084e-06	-9.81000093124686444422	-0	4.90499814986833371222e-06	-9.8099956512451171875	0	3.74223977662680310704e-11	7.48447957215056837285e-05	2.2420818778265078515e-44
z_positive_half_default_minus_q_far	roundtrip	120	2.00000010430812835693	9.81000090647960618168e-06	-19.6200018624937288884	-0	9.80999448074726387858e-06	-19.6199855804443359375	0	1.09928619658702165483e-10	0.000219857239872495470778	3.36313300257756167843e-44
z_negative_half_default_q_near	original	1	0.0166666675359010696411	-8.17500075539967181845e-08	-0.163500015520781074075	-0	-8.1750009428560588276e-08	-0.163500010967254638672	0	3.36216220908221721721e-13	6.72432443514286058066e-07	1.13972275752689178077e-44
z_negative_half_default_q_near	original	10	0.166666675359010696411	-8.17500075539967181858e-07	-1.63500015520781074067	-0	-8.17499994809622876346e-07	-1.6350002288818359375	0	3.80070559309342399493e-12	7.60141120537965053812e-06	1.30787873235903026111e-44
z_negative_half_default_q_near	original	60	1.00000005215406417847	-4.90500045323980309084e-06	-9.81000093124686444422	-0	-4.90499814986833371222e-06	-9.8099956512451171875	0	3.74223977662680310704e-11	7.48447957215056837285e-05	2.2420818778265078515e-44
z_negative_half_default_q_near	original	120	2.00000010430812835693	-9.81000090647960618168e-06	-19.6200018624937288884	-0	-9.80999448074726387858e-06	-19.6199855804443359375	0	1.09928619658702165483e-10	0.000219857239872495470778	3.36313300257756167843e-44
z_negative_half_default_q_near	roundtrip	1	0.0166666675359010696411	-8.17500075539967181845e-08	-0.163500015520781074075	-0	-8.1750009428560588276e-08	-0.163500010967254638672	0	3.36216220908221721721e-13	6.72432443514286058066e-07	1.13972275752689178077e-44
z_negative_half_default_q_near	roundtrip	10	0.166666675359010696411	-8.17500075539967181858e-07	-1.63500015520781074067	-0	-8.17499994809622876346e-07	-1.6350002288818359375	0	3.80070559309342399493e-12	7.60141120537965053812e-06	1.30787873235903026111e-44
z_negative_half_default_q_near	roundtrip	60	1.00000005215406417847	-4.90500045323980309084e-06	-9.81000093124686444422	-0	-4.90499814986833371222e-06	-9.8099956512451171875	0	3.74223977662680310704e-11	7.48447957215056837285e-05	2.2420818778265078515e-44
z_negative_half_default_q_near	roundtrip	120	2.00000010430812835693	-9.81000090647960618168e-06	-19.6200018624937288884	-0	-9.80999448074726387858e-06	-19.6199855804443359375	0	1.09928619658702165483e-10	0.000219857239872495470778	3.36313300257756167843e-44
z_negative_half_default_q_far	original	1	0.0166666675359010696411	-8.17500075539967181845e-08	-0.163500015520781074075	-0	-8.1750009428560588276e-08	-0.163500010967254638672	0	3.36216220908221721721e-13	6.72432443514286058066e-07	1.13972275752689178077e-44
z_negative_half_default_q_far	original	10	0.166666675359010696411	-8.17500075539967181858e-07	-1.63500015520781074067	-0	-8.17499994809622876346e-07	-1.6350002288818359375	0	3.80070559309342399493e-12	7.60141120537965053812e-06	1.30787873235903026111e-44
z_negative_half_default_q_far	original	60	1.00000005215406417847	-4.90500045323980309084e-06	-9.81000093124686444422	-0	-4.90499814986833371222e-06	-9.8099956512451171875	0	3.74223977662680310704e-11	7.48447957215056837285e-05	2.2420818778265078515e-44
z_negative_half_default_q_far	original	120	2.00000010430812835693	-9.81000090647960618168e-06	-19.6200018624937288884	-0	-9.80999448074726387858e-06	-19.6199855804443359375	0	1.09928619658702165483e-10	0.000219857239872495470778	3.36313300257756167843e-44
z_negative_half_default_q_far	roundtrip	1	0.0166666675359010696411	-8.17500075539967181845e-08	-0.163500015520781074075	-0	-8.1750009428560588276e-08	-0.163500010967254638672	0	3.36216220908221721721e-13	6.72432443514286058066e-07	1.13972275752689178077e-44
z_negative_half_default_q_far	roundtrip	10	0.166666675359010696411	-8.17500075539967181858e-07	-1.63500015520781074067	-0	-8.17499994809622876346e-07	-1.6350002288818359375	0	3.80070559309342399493e-12	7.60141120537965053812e-06	1.30787873235903026111e-44
z_negative_half_default_q_far	roundtrip	60	1.00000005215406417847	-4.90500045323980309084e-06	-9.81000093124686444422	-0	-4.90499814986833371222e-06	-9.8099956512451171875	0	3.74223977662680310704e-11	7.48447957215056837285e-05	2.2420818778265078515e-44
z_negative_half_default_q_far	roundtrip	120	2.00000010430812835693	-9.81000090647960618168e-06	-19.6200018624937288884	-0	-9.80999448074726387858e-06	-19.6199855804443359375	0	1.09928619658702165483e-10	0.000219857239872495470778	3.36313300257756167843e-44
z_negative_half_default_minus_q_near	original	1	0.0166666675359010696411	-8.17500075539967181845e-08	-0.163500015520781074075	-0	-8.1750009428560588276e-08	-0.163500010967254638672	0	3.36216220908221721721e-13	6.72432443514286058066e-07	1.13972275752689178077e-44
z_negative_half_default_minus_q_near	original	10	0.166666675359010696411	-8.17500075539967181858e-07	-1.63500015520781074067	-0	-8.17499994809622876346e-07	-1.6350002288818359375	0	3.80070559309342399493e-12	7.60141120537965053812e-06	1.30787873235903026111e-44
z_negative_half_default_minus_q_near	original	60	1.00000005215406417847	-4.90500045323980309084e-06	-9.81000093124686444422	-0	-4.90499814986833371222e-06	-9.8099956512451171875	0	3.74223977662680310704e-11	7.48447957215056837285e-05	2.2420818778265078515e-44
z_negative_half_default_minus_q_near	original	120	2.00000010430812835693	-9.81000090647960618168e-06	-19.6200018624937288884	-0	-9.80999448074726387858e-06	-19.6199855804443359375	0	1.09928619658702165483e-10	0.000219857239872495470778	3.36313300257756167843e-44
z_negative_half_default_minus_q_near	roundtrip	1	0.0166666675359010696411	-8.17500075539967181845e-08	-0.163500015520781074075	-0	-8.1750009428560588276e-08	-0.163500010967254638672	0	3.36216220908221721721e-13	6.72432443514286058066e-07	1.13972275752689178077e-44
z_negative_half_default_minus_q_near	roundtrip	10	0.166666675359010696411	-8.17500075539967181858e-07	-1.63500015520781074067	-0	-8.17499994809622876346e-07	-1.6350002288818359375	0	3.80070559309342399493e-12	7.60141120537965053812e-06	1.30787873235903026111e-44
z_negative_half_default_minus_q_near	roundtrip	60	1.00000005215406417847	-4.90500045323980309084e-06	-9.81000093124686444422	-0	-4.90499814986833371222e-06	-9.8099956512451171875	0	3.74223977662680310704e-11	7.48447957215056837285e-05	2.2420818778265078515e-44
z_negative_half_default_minus_q_near	roundtrip	120	2.00000010430812835693	-9.81000090647960618168e-06	-19.6200018624937288884	-0	-9.80999448074726387858e-06	-19.6199855804443359375	0	1.09928619658702165483e-10	0.000219857239872495470778	3.36313300257756167843e-44
z_negative_half_default_minus_q_far	original	1	0.0166666675359010696411	-8.17500075539967181845e-08	-0.163500015520781074075	-0	-8.1750009428560588276e-08	-0.163500010967254638672	0	3.36216220908221721721e-13	6.72432443514286058066e-07	1.13972275752689178077e-44
z_negative_half_default_minus_q_far	original	10	0.166666675359010696411	-8.17500075539967181858e-07	-1.63500015520781074067	-0	-8.17499994809622876346e-07	-1.6350002288818359375	0	3.80070559309342399493e-12	7.60141120537965053812e-06	1.30787873235903026111e-44
z_negative_half_default_minus_q_far	original	60	1.00000005215406417847	-4.90500045323980309084e-06	-9.81000093124686444422	-0	-4.90499814986833371222e-06	-9.8099956512451171875	0	3.74223977662680310704e-11	7.48447957215056837285e-05	2.2420818778265078515e-44
z_negative_half_default_minus_q_far	original	120	2.00000010430812835693	-9.81000090647960618168e-06	-19.6200018624937288884	-0	-9.80999448074726387858e-06	-19.6199855804443359375	0	1.09928619658702165483e-10	0.000219857239872495470778	3.36313300257756167843e-44
z_negative_half_default_minus_q_far	roundtrip	1	0.0166666675359010696411	-8.17500075539967181845e-08	-0.163500015520781074075	-0	-8.1750009428560588276e-08	-0.163500010967254638672	0	3.36216220908221721721e-13	6.72432443514286058066e-07	1.13972275752689178077e-44
z_negative_half_default_minus_q_far	roundtrip	10	0.166666675359010696411	-8.17500075539967181858e-07	-1.63500015520781074067	-0	-8.17499994809622876346e-07	-1.6350002288818359375	0	3.80070559309342399493e-12	7.60141120537965053812e-06	1.30787873235903026111e-44
z_negative_half_default_minus_q_far	roundtrip	60	1.00000005215406417847	-4.90500045323980309084e-06	-9.81000093124686444422	-0	-4.90499814986833371222e-06	-9.8099956512451171875	0	3.74223977662680310704e-11	7.48447957215056837285e-05	2.2420818778265078515e-44
z_negative_half_default_minus_q_far	roundtrip	120	2.00000010430812835693	-9.81000090647960618168e-06	-19.6200018624937288884	-0	-9.80999448074726387858e-06	-19.6199855804443359375	0	1.09928619658702165483e-10	0.000219857239872495470778	3.36313300257756167843e-44
z_positive_below_default_q_near	original	1	0.0166666675359010696411	1.63336516821520274043e-07	-0.163500015520719924977	-0	1.63336508762768062297e-07	-0.163500010967254638672	0	6.71760016484046162583e-13	6.72432443514501100416e-07	1.13972275752689178077e-44
z_positive_below_default_q_near	original	10	0.166666675359010696411	1.63336516821520274038e-06	-1.63500015520719924977	-0	1.63336505920597119257e-06	-1.6350002288818359375	0	7.59380985536801849865e-12	7.60141120538147293323e-06	1.30787873235903026111e-44
z_positive_below_default_q_near	original	60	1.00000005215406417847	9.80019100929121644229e-06	-9.81000093124319549887	-0	9.80018921836744993925e-06	-9.8099956512451171875	0	7.47699515283142816047e-11	7.48447957215056837881e-05	2.2420818778265078515e-44
z_positive_below_default_q_near	original	120	2.00000010430812835693	1.96003820185824328846e-05	-19.6200018624863909977	-0	1.96003584278514608741e-05	-19.6199855804443359375	0	2.19637384402569169059e-10	0.000219857239872469228347	3.36313300257756167843e-44
z_positive_below_default_q_near	roundtrip	1	0.0166666675359010696411	1.63336516821520274043e-07	-0.163500015520719924977	-0	1.63336508762768062297e-07	-0.163500010967254638672	0	6.71760016484046162583e-13	6.72432443514501100416e-07	1.13972275752689178077e-44
z_positive_below_default_q_near	roundtrip	10	0.166666675359010696411	1.63336516821520274038e-06	-1.63500015520719924977	-0	1.63336505920597119257e-06	-1.6350002288818359375	0	7.59380985536801849865e-12	7.60141120538147293323e-06	1.30787873235903026111e-44
z_positive_below_default_q_near	roundtrip	60	1.00000005215406417847	9.80019100929121644229e-06	-9.81000093124319549887	-0	9.80018921836744993925e-06	-9.8099956512451171875	0	7.47699515283142816047e-11	7.48447957215056837881e-05	2.2420818778265078515e-44
z_positive_below_default_q_near	roundtrip	120	2.00000010430812835693	1.96003820185824328846e-05	-19.6200018624863909977	-0	1.96003584278514608741e-05	-19.6199855804443359375	0	2.19637384402569169059e-10	0.000219857239872469228347	3.36313300257756167843e-44
z_positive_below_default_q_far	original	1	0.0166666675359010696411	1.63336516821520274043e-07	-0.163500015520719924977	-0	1.63336508762768062297e-07	-0.163500010967254638672	0	6.71760016484046162583e-13	6.72432443514501100416e-07	1.13972275752689178077e-44
z_positive_below_default_q_far	original	10	0.166666675359010696411	1.63336516821520274038e-06	-1.63500015520719924977	-0	1.63336505920597119257e-06	-1.6350002288818359375	0	7.59380985536801849865e-12	7.60141120538147293323e-06	1.30787873235903026111e-44
z_positive_below_default_q_far	original	60	1.00000005215406417847	9.80019100929121644229e-06	-9.81000093124319549887	-0	9.80018921836744993925e-06	-9.8099956512451171875	0	7.47699515283142816047e-11	7.48447957215056837881e-05	2.2420818778265078515e-44
z_positive_below_default_q_far	original	120	2.00000010430812835693	1.96003820185824328846e-05	-19.6200018624863909977	-0	1.96003584278514608741e-05	-19.6199855804443359375	0	2.19637384402569169059e-10	0.000219857239872469228347	3.36313300257756167843e-44
z_positive_below_default_q_far	roundtrip	1	0.0166666675359010696411	1.63336516821520274043e-07	-0.163500015520719924977	-0	1.63336508762768062297e-07	-0.163500010967254638672	0	6.71760016484046162583e-13	6.72432443514501100416e-07	1.13972275752689178077e-44
z_positive_below_default_q_far	roundtrip	10	0.166666675359010696411	1.63336516821520274038e-06	-1.63500015520719924977	-0	1.63336505920597119257e-06	-1.6350002288818359375	0	7.59380985536801849865e-12	7.60141120538147293323e-06	1.30787873235903026111e-44
z_positive_below_default_q_far	roundtrip	60	1.00000005215406417847	9.80019100929121644229e-06	-9.81000093124319549887	-0	9.80018921836744993925e-06	-9.8099956512451171875	0	7.47699515283142816047e-11	7.48447957215056837881e-05	2.2420818778265078515e-44
z_positive_below_default_q_far	roundtrip	120	2.00000010430812835693	1.96003820185824328846e-05	-19.6200018624863909977	-0	1.96003584278514608741e-05	-19.6199855804443359375	0	2.19637384402569169059e-10	0.000219857239872469228347	3.36313300257756167843e-44
z_positive_below_default_minus_q_near	original	1	0.0166666675359010696411	1.63336516821520274043e-07	-0.163500015520719924977	-0	1.63336508762768062297e-07	-0.163500010967254638672	0	6.71760016484046162583e-13	6.72432443514501100416e-07	1.13972275752689178077e-44
z_positive_below_default_minus_q_near	original	10	0.166666675359010696411	1.63336516821520274038e-06	-1.63500015520719924977	-0	1.63336505920597119257e-06	-1.6350002288818359375	0	7.59380985536801849865e-12	7.60141120538147293323e-06	1.30787873235903026111e-44
z_positive_below_default_minus_q_near	original	60	1.00000005215406417847	9.80019100929121644229e-06	-9.81000093124319549887	-0	9.80018921836744993925e-06	-9.8099956512451171875	0	7.47699515283142816047e-11	7.48447957215056837881e-05	2.2420818778265078515e-44
z_positive_below_default_minus_q_near	original	120	2.00000010430812835693	1.96003820185824328846e-05	-19.6200018624863909977	-0	1.96003584278514608741e-05	-19.6199855804443359375	0	2.19637384402569169059e-10	0.000219857239872469228347	3.36313300257756167843e-44
z_positive_below_default_minus_q_near	roundtrip	1	0.0166666675359010696411	1.63336516821520274043e-07	-0.163500015520719924977	-0	1.63336508762768062297e-07	-0.163500010967254638672	0	6.71760016484046162583e-13	6.72432443514501100416e-07	1.13972275752689178077e-44
z_positive_below_default_minus_q_near	roundtrip	10	0.166666675359010696411	1.63336516821520274038e-06	-1.63500015520719924977	-0	1.63336505920597119257e-06	-1.6350002288818359375	0	7.59380985536801849865e-12	7.60141120538147293323e-06	1.30787873235903026111e-44
z_positive_below_default_minus_q_near	roundtrip	60	1.00000005215406417847	9.80019100929121644229e-06	-9.81000093124319549887	-0	9.80018921836744993925e-06	-9.8099956512451171875	0	7.47699515283142816047e-11	7.48447957215056837881e-05	2.2420818778265078515e-44
z_positive_below_default_minus_q_near	roundtrip	120	2.00000010430812835693	1.96003820185824328846e-05	-19.6200018624863909977	-0	1.96003584278514608741e-05	-19.6199855804443359375	0	2.19637384402569169059e-10	0.000219857239872469228347	3.36313300257756167843e-44
z_positive_below_default_minus_q_far	original	1	0.0166666675359010696411	1.63336516821520274043e-07	-0.163500015520719924977	-0	1.63336508762768062297e-07	-0.163500010967254638672	0	6.71760016484046162583e-13	6.72432443514501100416e-07	1.13972275752689178077e-44
z_positive_below_default_minus_q_far	original	10	0.166666675359010696411	1.63336516821520274038e-06	-1.63500015520719924977	-0	1.63336505920597119257e-06	-1.6350002288818359375	0	7.59380985536801849865e-12	7.60141120538147293323e-06	1.30787873235903026111e-44
z_positive_below_default_minus_q_far	original	60	1.00000005215406417847	9.80019100929121644229e-06	-9.81000093124319549887	-0	9.80018921836744993925e-06	-9.8099956512451171875	0	7.47699515283142816047e-11	7.48447957215056837881e-05	2.2420818778265078515e-44
z_positive_below_default_minus_q_far	original	120	2.00000010430812835693	1.96003820185824328846e-05	-19.6200018624863909977	-0	1.96003584278514608741e-05	-19.6199855804443359375	0	2.19637384402569169059e-10	0.000219857239872469228347	3.36313300257756167843e-44
z_positive_below_default_minus_q_far	roundtrip	1	0.0166666675359010696411	1.63336516821520274043e-07	-0.163500015520719924977	-0	1.63336508762768062297e-07	-0.163500010967254638672	0	6.71760016484046162583e-13	6.72432443514501100416e-07	1.13972275752689178077e-44
z_positive_below_default_minus_q_far	roundtrip	10	0.166666675359010696411	1.63336516821520274038e-06	-1.63500015520719924977	-0	1.63336505920597119257e-06	-1.6350002288818359375	0	7.59380985536801849865e-12	7.60141120538147293323e-06	1.30787873235903026111e-44
z_positive_below_default_minus_q_far	roundtrip	60	1.00000005215406417847	9.80019100929121644229e-06	-9.81000093124319549887	-0	9.80018921836744993925e-06	-9.8099956512451171875	0	7.47699515283142816047e-11	7.48447957215056837881e-05	2.2420818778265078515e-44
z_positive_below_default_minus_q_far	roundtrip	120	2.00000010430812835693	1.96003820185824328846e-05	-19.6200018624863909977	-0	1.96003584278514608741e-05	-19.6199855804443359375	0	2.19637384402569169059e-10	0.000219857239872469228347	3.36313300257756167843e-44
z_negative_below_default_q_near	original	1	0.0166666675359010696411	-1.63336516821520274043e-07	-0.163500015520719924977	-0	-1.63336508762768062297e-07	-0.163500010967254638672	0	6.71760016484046162583e-13	6.72432443514501100416e-07	1.13972275752689178077e-44
z_negative_below_default_q_near	original	10	0.166666675359010696411	-1.63336516821520274038e-06	-1.63500015520719924977	-0	-1.63336505920597119257e-06	-1.6350002288818359375	0	7.59380985536801849865e-12	7.60141120538147293323e-06	1.30787873235903026111e-44
z_negative_below_default_q_near	original	60	1.00000005215406417847	-9.80019100929121644229e-06	-9.81000093124319549887	-0	-9.80018921836744993925e-06	-9.8099956512451171875	0	7.47699515283142816047e-11	7.48447957215056837881e-05	2.2420818778265078515e-44
z_negative_below_default_q_near	original	120	2.00000010430812835693	-1.96003820185824328846e-05	-19.6200018624863909977	-0	-1.96003584278514608741e-05	-19.6199855804443359375	0	2.19637384402569169059e-10	0.000219857239872469228347	3.36313300257756167843e-44
z_negative_below_default_q_near	roundtrip	1	0.0166666675359010696411	-1.63336516821520274043e-07	-0.163500015520719924977	-0	-1.63336508762768062297e-07	-0.163500010967254638672	0	6.71760016484046162583e-13	6.72432443514501100416e-07	1.13972275752689178077e-44
z_negative_below_default_q_near	roundtrip	10	0.166666675359010696411	-1.63336516821520274038e-06	-1.63500015520719924977	-0	-1.63336505920597119257e-06	-1.6350002288818359375	0	7.59380985536801849865e-12	7.60141120538147293323e-06	1.30787873235903026111e-44
z_negative_below_default_q_near	roundtrip	60	1.00000005215406417847	-9.80019100929121644229e-06	-9.81000093124319549887	-0	-9.80018921836744993925e-06	-9.8099956512451171875	0	7.47699515283142816047e-11	7.48447957215056837881e-05	2.2420818778265078515e-44
z_negative_below_default_q_near	roundtrip	120	2.00000010430812835693	-1.96003820185824328846e-05	-19.6200018624863909977	-0	-1.96003584278514608741e-05	-19.6199855804443359375	0	2.19637384402569169059e-10	0.000219857239872469228347	3.36313300257756167843e-44
z_negative_below_default_q_far	original	1	0.0166666675359010696411	-1.63336516821520274043e-07	-0.163500015520719924977	-0	-1.63336508762768062297e-07	-0.163500010967254638672	0	6.71760016484046162583e-13	6.72432443514501100416e-07	1.13972275752689178077e-44
z_negative_below_default_q_far	original	10	0.166666675359010696411	-1.63336516821520274038e-06	-1.63500015520719924977	-0	-1.63336505920597119257e-06	-1.6350002288818359375	0	7.59380985536801849865e-12	7.60141120538147293323e-06	1.30787873235903026111e-44
z_negative_below_default_q_far	original	60	1.00000005215406417847	-9.80019100929121644229e-06	-9.81000093124319549887	-0	-9.80018921836744993925e-06	-9.8099956512451171875	0	7.47699515283142816047e-11	7.48447957215056837881e-05	2.2420818778265078515e-44
z_negative_below_default_q_far	original	120	2.00000010430812835693	-1.96003820185824328846e-05	-19.6200018624863909977	-0	-1.96003584278514608741e-05	-19.6199855804443359375	0	2.19637384402569169059e-10	0.000219857239872469228347	3.36313300257756167843e-44
z_negative_below_default_q_far	roundtrip	1	0.0166666675359010696411	-1.63336516821520274043e-07	-0.163500015520719924977	-0	-1.63336508762768062297e-07	-0.163500010967254638672	0	6.71760016484046162583e-13	6.72432443514501100416e-07	1.13972275752689178077e-44
z_negative_below_default_q_far	roundtrip	10	0.166666675359010696411	-1.63336516821520274038e-06	-1.63500015520719924977	-0	-1.63336505920597119257e-06	-1.6350002288818359375	0	7.59380985536801849865e-12	7.60141120538147293323e-06	1.30787873235903026111e-44
z_negative_below_default_q_far	roundtrip	60	1.00000005215406417847	-9.80019100929121644229e-06	-9.81000093124319549887	-0	-9.80018921836744993925e-06	-9.8099956512451171875	0	7.47699515283142816047e-11	7.48447957215056837881e-05	2.2420818778265078515e-44
z_negative_below_default_q_far	roundtrip	120	2.00000010430812835693	-1.96003820185824328846e-05	-19.6200018624863909977	-0	-1.96003584278514608741e-05	-19.6199855804443359375	0	2.19637384402569169059e-10	0.000219857239872469228347	3.36313300257756167843e-44
z_negative_below_default_minus_q_near	original	1	0.0166666675359010696411	-1.63336516821520274043e-07	-0.163500015520719924977	-0	-1.63336508762768062297e-07	-0.163500010967254638672	0	6.71760016484046162583e-13	6.72432443514501100416e-07	1.13972275752689178077e-44
z_negative_below_default_minus_q_near	original	10	0.166666675359010696411	-1.63336516821520274038e-06	-1.63500015520719924977	-0	-1.63336505920597119257e-06	-1.6350002288818359375	0	7.59380985536801849865e-12	7.60141120538147293323e-06	1.30787873235903026111e-44
z_negative_below_default_minus_q_near	original	60	1.00000005215406417847	-9.80019100929121644229e-06	-9.81000093124319549887	-0	-9.80018921836744993925e-06	-9.8099956512451171875	0	7.47699515283142816047e-11	7.48447957215056837881e-05	2.2420818778265078515e-44
z_negative_below_default_minus_q_near	original	120	2.00000010430812835693	-1.96003820185824328846e-05	-19.6200018624863909977	-0	-1.96003584278514608741e-05	-19.6199855804443359375	0	2.19637384402569169059e-10	0.000219857239872469228347	3.36313300257756167843e-44
z_negative_below_default_minus_q_near	roundtrip	1	0.0166666675359010696411	-1.63336516821520274043e-07	-0.163500015520719924977	-0	-1.63336508762768062297e-07	-0.163500010967254638672	0	6.71760016484046162583e-13	6.72432443514501100416e-07	1.13972275752689178077e-44
z_negative_below_default_minus_q_near	roundtrip	10	0.166666675359010696411	-1.63336516821520274038e-06	-1.63500015520719924977	-0	-1.63336505920597119257e-06	-1.6350002288818359375	0	7.59380985536801849865e-12	7.60141120538147293323e-06	1.30787873235903026111e-44
z_negative_below_default_minus_q_near	roundtrip	60	1.00000005215406417847	-9.80019100929121644229e-06	-9.81000093124319549887	-0	-9.80018921836744993925e-06	-9.8099956512451171875	0	7.47699515283142816047e-11	7.48447957215056837881e-05	2.2420818778265078515e-44
z_negative_below_default_minus_q_near	roundtrip	120	2.00000010430812835693	-1.96003820185824328846e-05	-19.6200018624863909977	-0	-1.96003584278514608741e-05	-19.6199855804443359375	0	2.19637384402569169059e-10	0.000219857239872469228347	3.36313300257756167843e-44
z_negative_below_default_minus_q_far	original	1	0.0166666675359010696411	-1.63336516821520274043e-07	-0.163500015520719924977	-0	-1.63336508762768062297e-07	-0.163500010967254638672	0	6.71760016484046162583e-13	6.72432443514501100416e-07	1.13972275752689178077e-44
z_negative_below_default_minus_q_far	original	10	0.166666675359010696411	-1.63336516821520274038e-06	-1.63500015520719924977	-0	-1.63336505920597119257e-06	-1.6350002288818359375	0	7.59380985536801849865e-12	7.60141120538147293323e-06	1.30787873235903026111e-44
z_negative_below_default_minus_q_far	original	60	1.00000005215406417847	-9.80019100929121644229e-06	-9.81000093124319549887	-0	-9.80018921836744993925e-06	-9.8099956512451171875	0	7.47699515283142816047e-11	7.48447957215056837881e-05	2.2420818778265078515e-44
z_negative_below_default_minus_q_far	original	120	2.00000010430812835693	-1.96003820185824328846e-05	-19.6200018624863909977	-0	-1.96003584278514608741e-05	-19.6199855804443359375	0	2.19637384402569169059e-10	0.000219857239872469228347	3.36313300257756167843e-44
z_negative_below_default_minus_q_far	roundtrip	1	0.0166666675359010696411	-1.63336516821520274043e-07	-0.163500015520719924977	-0	-1.63336508762768062297e-07	-0.163500010967254638672	0	6.71760016484046162583e-13	6.72432443514501100416e-07	1.13972275752689178077e-44
z_negative_below_default_minus_q_far	roundtrip	10	0.166666675359010696411	-1.63336516821520274038e-06	-1.63500015520719924977	-0	-1.63336505920597119257e-06	-1.6350002288818359375	0	7.59380985536801849865e-12	7.60141120538147293323e-06	1.30787873235903026111e-44
z_negative_below_default_minus_q_far	roundtrip	60	1.00000005215406417847	-9.80019100929121644229e-06	-9.81000093124319549887	-0	-9.80018921836744993925e-06	-9.8099956512451171875	0	7.47699515283142816047e-11	7.48447957215056837881e-05	2.2420818778265078515e-44
z_negative_below_default_minus_q_far	roundtrip	120	2.00000010430812835693	-1.96003820185824328846e-05	-19.6200018624863909977	-0	-1.96003584278514608741e-05	-19.6199855804443359375	0	2.19637384402569169059e-10	0.000219857239872469228347	3.36313300257756167843e-44
z_positive_above_default_q_near	original	1	0.0166666675359010696411	1.63663513394405285948e-07	-0.163500015520719597982	-0	1.63663514740619575605e-07	-0.163500010967254638672	0	6.73104867148588561214e-13	6.72432443514502250352e-07	1.13972275752689178077e-44
z_positive_above_default_q_near	original	10	0.166666675359010696411	1.63663513394405285959e-06	-1.63500015520719597982	-0	1.63663526109303347766e-06	-1.6350002288818359375	0	7.60901251700282694164e-12	7.60141120538148267825e-06	1.30787873235903026111e-44
z_positive_above_default_q_near	original	60	1.00000005215406417847	9.81981080366431715689e-06	-9.81000093124317587914	-0	9.81981338554760441184e-06	-9.8099956512451171875	0	7.4919639536729775757e-11	7.48447957215056837881e-05	2.2420818778265078515e-44
z_positive_above_default_q_near	original	120	2.00000010430812835693	1.96396216073286343138e-05	-19.6200018624863517583	-0	1.96396267710952088237e-05	-19.6199855804443359375	0	2.20077094232157046092e-10	0.000219857239872469088004	3.36313300257756167843e-44
z_positive_above_default_q_near	roundtrip	1	0.0166666675359010696411	1.63663513394405285948e-07	-0.163500015520719597982	-0	1.63663514740619575605e-07	-0.163500010967254638672	0	6.73104867148588561214e-13	6.72432443514502250352e-07	1.13972275752689178077e-44
z_positive_above_default_q_near	roundtrip	10	0.166666675359010696411	1.63663513394405285959e-06	-1.63500015520719597982	-0	1.63663526109303347766e-06	-1.6350002288818359375	0	7.60901251700282694164e-12	7.60141120538148267825e-06	1.30787873235903026111e-44
z_positive_above_default_q_near	roundtrip	60	1.00000005215406417847	9.81981080366431715689e-06	-9.81000093124317587914	-0	9.81981338554760441184e-06	-9.8099956512451171875	0	7.4919639536729775757e-11	7.48447957215056837881e-05	2.2420818778265078515e-44
z_positive_above_default_q_near	roundtrip	120	2.00000010430812835693	1.96396216073286343138e-05	-19.6200018624863517583	-0	1.96396267710952088237e-05	-19.6199855804443359375	0	2.20077094232157046092e-10	0.000219857239872469088004	3.36313300257756167843e-44
z_positive_above_default_q_far	original	1	0.0166666675359010696411	1.63663513394405285948e-07	-0.163500015520719597982	-0	1.63663514740619575605e-07	-0.163500010967254638672	0	6.73104867148588561214e-13	6.72432443514502250352e-07	1.13972275752689178077e-44
z_positive_above_default_q_far	original	10	0.166666675359010696411	1.63663513394405285959e-06	-1.63500015520719597982	-0	1.63663526109303347766e-06	-1.6350002288818359375	0	7.60901251700282694164e-12	7.60141120538148267825e-06	1.30787873235903026111e-44
z_positive_above_default_q_far	original	60	1.00000005215406417847	9.81981080366431715689e-06	-9.81000093124317587914	-0	9.81981338554760441184e-06	-9.8099956512451171875	0	7.4919639536729775757e-11	7.48447957215056837881e-05	2.2420818778265078515e-44
z_positive_above_default_q_far	original	120	2.00000010430812835693	1.96396216073286343138e-05	-19.6200018624863517583	-0	1.96396267710952088237e-05	-19.6199855804443359375	0	2.20077094232157046092e-10	0.000219857239872469088004	3.36313300257756167843e-44
z_positive_above_default_q_far	roundtrip	1	0.0166666675359010696411	1.63663513394405285948e-07	-0.163500015520719597982	-0	1.63663514740619575605e-07	-0.163500010967254638672	0	6.73104867148588561214e-13	6.72432443514502250352e-07	1.13972275752689178077e-44
z_positive_above_default_q_far	roundtrip	10	0.166666675359010696411	1.63663513394405285959e-06	-1.63500015520719597982	-0	1.63663526109303347766e-06	-1.6350002288818359375	0	7.60901251700282694164e-12	7.60141120538148267825e-06	1.30787873235903026111e-44
z_positive_above_default_q_far	roundtrip	60	1.00000005215406417847	9.81981080366431715689e-06	-9.81000093124317587914	-0	9.81981338554760441184e-06	-9.8099956512451171875	0	7.4919639536729775757e-11	7.48447957215056837881e-05	2.2420818778265078515e-44
z_positive_above_default_q_far	roundtrip	120	2.00000010430812835693	1.96396216073286343138e-05	-19.6200018624863517583	-0	1.96396267710952088237e-05	-19.6199855804443359375	0	2.20077094232157046092e-10	0.000219857239872469088004	3.36313300257756167843e-44
z_positive_above_default_minus_q_near	original	1	0.0166666675359010696411	1.63663513394405285948e-07	-0.163500015520719597982	-0	1.63663514740619575605e-07	-0.163500010967254638672	0	6.73104867148588561214e-13	6.72432443514502250352e-07	1.13972275752689178077e-44
z_positive_above_default_minus_q_near	original	10	0.166666675359010696411	1.63663513394405285959e-06	-1.63500015520719597982	-0	1.63663526109303347766e-06	-1.6350002288818359375	0	7.60901251700282694164e-12	7.60141120538148267825e-06	1.30787873235903026111e-44
z_positive_above_default_minus_q_near	original	60	1.00000005215406417847	9.81981080366431715689e-06	-9.81000093124317587914	-0	9.81981338554760441184e-06	-9.8099956512451171875	0	7.4919639536729775757e-11	7.48447957215056837881e-05	2.2420818778265078515e-44
z_positive_above_default_minus_q_near	original	120	2.00000010430812835693	1.96396216073286343138e-05	-19.6200018624863517583	-0	1.96396267710952088237e-05	-19.6199855804443359375	0	2.20077094232157046092e-10	0.000219857239872469088004	3.36313300257756167843e-44
z_positive_above_default_minus_q_near	roundtrip	1	0.0166666675359010696411	1.63663513394405285948e-07	-0.163500015520719597982	-0	1.63663514740619575605e-07	-0.163500010967254638672	0	6.73104867148588561214e-13	6.72432443514502250352e-07	1.13972275752689178077e-44
z_positive_above_default_minus_q_near	roundtrip	10	0.166666675359010696411	1.63663513394405285959e-06	-1.63500015520719597982	-0	1.63663526109303347766e-06	-1.6350002288818359375	0	7.60901251700282694164e-12	7.60141120538148267825e-06	1.30787873235903026111e-44
z_positive_above_default_minus_q_near	roundtrip	60	1.00000005215406417847	9.81981080366431715689e-06	-9.81000093124317587914	-0	9.81981338554760441184e-06	-9.8099956512451171875	0	7.4919639536729775757e-11	7.48447957215056837881e-05	2.2420818778265078515e-44
z_positive_above_default_minus_q_near	roundtrip	120	2.00000010430812835693	1.96396216073286343138e-05	-19.6200018624863517583	-0	1.96396267710952088237e-05	-19.6199855804443359375	0	2.20077094232157046092e-10	0.000219857239872469088004	3.36313300257756167843e-44
z_positive_above_default_minus_q_far	original	1	0.0166666675359010696411	1.63663513394405285948e-07	-0.163500015520719597982	-0	1.63663514740619575605e-07	-0.163500010967254638672	0	6.73104867148588561214e-13	6.72432443514502250352e-07	1.13972275752689178077e-44
z_positive_above_default_minus_q_far	original	10	0.166666675359010696411	1.63663513394405285959e-06	-1.63500015520719597982	-0	1.63663526109303347766e-06	-1.6350002288818359375	0	7.60901251700282694164e-12	7.60141120538148267825e-06	1.30787873235903026111e-44
z_positive_above_default_minus_q_far	original	60	1.00000005215406417847	9.81981080366431715689e-06	-9.81000093124317587914	-0	9.81981338554760441184e-06	-9.8099956512451171875	0	7.4919639536729775757e-11	7.48447957215056837881e-05	2.2420818778265078515e-44
z_positive_above_default_minus_q_far	original	120	2.00000010430812835693	1.96396216073286343138e-05	-19.6200018624863517583	-0	1.96396267710952088237e-05	-19.6199855804443359375	0	2.20077094232157046092e-10	0.000219857239872469088004	3.36313300257756167843e-44
z_positive_above_default_minus_q_far	roundtrip	1	0.0166666675359010696411	1.63663513394405285948e-07	-0.163500015520719597982	-0	1.63663514740619575605e-07	-0.163500010967254638672	0	6.73104867148588561214e-13	6.72432443514502250352e-07	1.13972275752689178077e-44
z_positive_above_default_minus_q_far	roundtrip	10	0.166666675359010696411	1.63663513394405285959e-06	-1.63500015520719597982	-0	1.63663526109303347766e-06	-1.6350002288818359375	0	7.60901251700282694164e-12	7.60141120538148267825e-06	1.30787873235903026111e-44
z_positive_above_default_minus_q_far	roundtrip	60	1.00000005215406417847	9.81981080366431715689e-06	-9.81000093124317587914	-0	9.81981338554760441184e-06	-9.8099956512451171875	0	7.4919639536729775757e-11	7.48447957215056837881e-05	2.2420818778265078515e-44
z_positive_above_default_minus_q_far	roundtrip	120	2.00000010430812835693	1.96396216073286343138e-05	-19.6200018624863517583	-0	1.96396267710952088237e-05	-19.6199855804443359375	0	2.20077094232157046092e-10	0.000219857239872469088004	3.36313300257756167843e-44
z_negative_above_default_q_near	original	1	0.0166666675359010696411	-1.63663513394405285948e-07	-0.163500015520719597982	-0	-1.63663514740619575605e-07	-0.163500010967254638672	0	6.73104867148588561214e-13	6.72432443514502250352e-07	1.13972275752689178077e-44
z_negative_above_default_q_near	original	10	0.166666675359010696411	-1.63663513394405285959e-06	-1.63500015520719597982	-0	-1.63663526109303347766e-06	-1.6350002288818359375	0	7.60901251700282694164e-12	7.60141120538148267825e-06	1.30787873235903026111e-44
z_negative_above_default_q_near	original	60	1.00000005215406417847	-9.81981080366431715689e-06	-9.81000093124317587914	-0	-9.81981338554760441184e-06	-9.8099956512451171875	0	7.4919639536729775757e-11	7.48447957215056837881e-05	2.2420818778265078515e-44
z_negative_above_default_q_near	original	120	2.00000010430812835693	-1.96396216073286343138e-05	-19.6200018624863517583	-0	-1.96396267710952088237e-05	-19.6199855804443359375	0	2.20077094232157046092e-10	0.000219857239872469088004	3.36313300257756167843e-44
z_negative_above_default_q_near	roundtrip	1	0.0166666675359010696411	-1.63663513394405285948e-07	-0.163500015520719597982	-0	-1.63663514740619575605e-07	-0.163500010967254638672	0	6.73104867148588561214e-13	6.72432443514502250352e-07	1.13972275752689178077e-44
z_negative_above_default_q_near	roundtrip	10	0.166666675359010696411	-1.63663513394405285959e-06	-1.63500015520719597982	-0	-1.63663526109303347766e-06	-1.6350002288818359375	0	7.60901251700282694164e-12	7.60141120538148267825e-06	1.30787873235903026111e-44
z_negative_above_default_q_near	roundtrip	60	1.00000005215406417847	-9.81981080366431715689e-06	-9.81000093124317587914	-0	-9.81981338554760441184e-06	-9.8099956512451171875	0	7.4919639536729775757e-11	7.48447957215056837881e-05	2.2420818778265078515e-44
z_negative_above_default_q_near	roundtrip	120	2.00000010430812835693	-1.96396216073286343138e-05	-19.6200018624863517583	-0	-1.96396267710952088237e-05	-19.6199855804443359375	0	2.20077094232157046092e-10	0.000219857239872469088004	3.36313300257756167843e-44
z_negative_above_default_q_far	original	1	0.0166666675359010696411	-1.63663513394405285948e-07	-0.163500015520719597982	-0	-1.63663514740619575605e-07	-0.163500010967254638672	0	6.73104867148588561214e-13	6.72432443514502250352e-07	1.13972275752689178077e-44
z_negative_above_default_q_far	original	10	0.166666675359010696411	-1.63663513394405285959e-06	-1.63500015520719597982	-0	-1.63663526109303347766e-06	-1.6350002288818359375	0	7.60901251700282694164e-12	7.60141120538148267825e-06	1.30787873235903026111e-44
z_negative_above_default_q_far	original	60	1.00000005215406417847	-9.81981080366431715689e-06	-9.81000093124317587914	-0	-9.81981338554760441184e-06	-9.8099956512451171875	0	7.4919639536729775757e-11	7.48447957215056837881e-05	2.2420818778265078515e-44
z_negative_above_default_q_far	original	120	2.00000010430812835693	-1.96396216073286343138e-05	-19.6200018624863517583	-0	-1.96396267710952088237e-05	-19.6199855804443359375	0	2.20077094232157046092e-10	0.000219857239872469088004	3.36313300257756167843e-44
z_negative_above_default_q_far	roundtrip	1	0.0166666675359010696411	-1.63663513394405285948e-07	-0.163500015520719597982	-0	-1.63663514740619575605e-07	-0.163500010967254638672	0	6.73104867148588561214e-13	6.72432443514502250352e-07	1.13972275752689178077e-44
z_negative_above_default_q_far	roundtrip	10	0.166666675359010696411	-1.63663513394405285959e-06	-1.63500015520719597982	-0	-1.63663526109303347766e-06	-1.6350002288818359375	0	7.60901251700282694164e-12	7.60141120538148267825e-06	1.30787873235903026111e-44
z_negative_above_default_q_far	roundtrip	60	1.00000005215406417847	-9.81981080366431715689e-06	-9.81000093124317587914	-0	-9.81981338554760441184e-06	-9.8099956512451171875	0	7.4919639536729775757e-11	7.48447957215056837881e-05	2.2420818778265078515e-44
z_negative_above_default_q_far	roundtrip	120	2.00000010430812835693	-1.96396216073286343138e-05	-19.6200018624863517583	-0	-1.96396267710952088237e-05	-19.6199855804443359375	0	2.20077094232157046092e-10	0.000219857239872469088004	3.36313300257756167843e-44
z_negative_above_default_minus_q_near	original	1	0.0166666675359010696411	-1.63663513394405285948e-07	-0.163500015520719597982	-0	-1.63663514740619575605e-07	-0.163500010967254638672	0	6.73104867148588561214e-13	6.72432443514502250352e-07	1.13972275752689178077e-44
z_negative_above_default_minus_q_near	original	10	0.166666675359010696411	-1.63663513394405285959e-06	-1.63500015520719597982	-0	-1.63663526109303347766e-06	-1.6350002288818359375	0	7.60901251700282694164e-12	7.60141120538148267825e-06	1.30787873235903026111e-44
z_negative_above_default_minus_q_near	original	60	1.00000005215406417847	-9.81981080366431715689e-06	-9.81000093124317587914	-0	-9.81981338554760441184e-06	-9.8099956512451171875	0	7.4919639536729775757e-11	7.48447957215056837881e-05	2.2420818778265078515e-44
z_negative_above_default_minus_q_near	original	120	2.00000010430812835693	-1.96396216073286343138e-05	-19.6200018624863517583	-0	-1.96396267710952088237e-05	-19.6199855804443359375	0	2.20077094232157046092e-10	0.000219857239872469088004	3.36313300257756167843e-44
z_negative_above_default_minus_q_near	roundtrip	1	0.0166666675359010696411	-1.63663513394405285948e-07	-0.163500015520719597982	-0	-1.63663514740619575605e-07	-0.163500010967254638672	0	6.73104867148588561214e-13	6.72432443514502250352e-07	1.13972275752689178077e-44
z_negative_above_default_minus_q_near	roundtrip	10	0.166666675359010696411	-1.63663513394405285959e-06	-1.63500015520719597982	-0	-1.63663526109303347766e-06	-1.6350002288818359375	0	7.60901251700282694164e-12	7.60141120538148267825e-06	1.30787873235903026111e-44
z_negative_above_default_minus_q_near	roundtrip	60	1.00000005215406417847	-9.81981080366431715689e-06	-9.81000093124317587914	-0	-9.81981338554760441184e-06	-9.8099956512451171875	0	7.4919639536729775757e-11	7.48447957215056837881e-05	2.2420818778265078515e-44
z_negative_above_default_minus_q_near	roundtrip	120	2.00000010430812835693	-1.96396216073286343138e-05	-19.6200018624863517583	-0	-1.96396267710952088237e-05	-19.6199855804443359375	0	2.20077094232157046092e-10	0.000219857239872469088004	3.36313300257756167843e-44
z_negative_above_default_minus_q_far	original	1	0.0166666675359010696411	-1.63663513394405285948e-07	-0.163500015520719597982	-0	-1.63663514740619575605e-07	-0.163500010967254638672	0	6.73104867148588561214e-13	6.72432443514502250352e-07	1.13972275752689178077e-44
z_negative_above_default_minus_q_far	original	10	0.166666675359010696411	-1.63663513394405285959e-06	-1.63500015520719597982	-0	-1.63663526109303347766e-06	-1.6350002288818359375	0	7.60901251700282694164e-12	7.60141120538148267825e-06	1.30787873235903026111e-44
z_negative_above_default_minus_q_far	original	60	1.00000005215406417847	-9.81981080366431715689e-06	-9.81000093124317587914	-0	-9.81981338554760441184e-06	-9.8099956512451171875	0	7.4919639536729775757e-11	7.48447957215056837881e-05	2.2420818778265078515e-44
z_negative_above_default_minus_q_far	original	120	2.00000010430812835693	-1.96396216073286343138e-05	-19.6200018624863517583	-0	-1.96396267710952088237e-05	-19.6199855804443359375	0	2.20077094232157046092e-10	0.000219857239872469088004	3.36313300257756167843e-44
z_negative_above_default_minus_q_far	roundtrip	1	0.0166666675359010696411	-1.63663513394405285948e-07	-0.163500015520719597982	-0	-1.63663514740619575605e-07	-0.163500010967254638672	0	6.73104867148588561214e-13	6.72432443514502250352e-07	1.13972275752689178077e-44
z_negative_above_default_minus_q_far	roundtrip	10	0.166666675359010696411	-1.63663513394405285959e-06	-1.63500015520719597982	-0	-1.63663526109303347766e-06	-1.6350002288818359375	0	7.60901251700282694164e-12	7.60141120538148267825e-06	1.30787873235903026111e-44
z_negative_above_default_minus_q_far	roundtrip	60	1.00000005215406417847	-9.81981080366431715689e-06	-9.81000093124317587914	-0	-9.81981338554760441184e-06	-9.8099956512451171875	0	7.4919639536729775757e-11	7.48447957215056837881e-05	2.2420818778265078515e-44
z_negative_above_default_minus_q_far	roundtrip	120	2.00000010430812835693	-1.96396216073286343138e-05	-19.6200018624863517583	-0	-1.96396267710952088237e-05	-19.6199855804443359375	0	2.20077094232157046092e-10	0.000219857239872469088004	3.36313300257756167843e-44
z_positive_double_default_q_near	original	1	0.0166666675359010696411	3.2700003021568031022e-07	-0.163500015520474511533	-0	3.27000037714242353104e-07	-0.163500010967254638672	0	1.34486488363162607604e-12	6.72432443515364143341e-07	1.13972275752689178077e-44
z_positive_double_default_q_near	original	10	0.166666675359010696411	3.27000030215680310199e-06	-1.63500015520474511533	-0	3.26999997923849150538e-06	-1.6350002288818359375	0	1.52028223723594433347e-11	7.60141120538878686586e-06	1.30787873235903026111e-44
z_positive_double_default_q_near	original	60	1.00000005215406417847	1.96200018129408186128e-05	-9.81000093122847069242	-0	1.96199925994733348489e-05	-9.8099956512451171875	0	1.49689591064931790294e-10	7.48447957215056839998e-05	2.2420818778265078515e-44
z_positive_double_default_q_near	original	120	2.00000010430812835693	3.92400036258816372255e-05	-19.6200018624569413848	-0	3.92399779229890555143e-05	-19.6199855804443359375	0	4.39714478634396429603e-10	0.000219857239872363907979	3.36313300257756167843e-44
z_positive_double_default_q_near	roundtrip	1	0.0166666675359010696411	3.2700003021568031022e-07	-0.163500015520474511533	-0	3.27000037714242353104e-07	-0.163500010967254638672	0	1.34486488363162607604e-12	6.72432443515364143341e-07	1.13972275752689178077e-44
z_positive_double_default_q_near	roundtrip	10	0.166666675359010696411	3.27000030215680310199e-06	-1.63500015520474511533	-0	3.26999997923849150538e-06	-1.6350002288818359375	0	1.52028223723594433347e-11	7.60141120538878686586e-06	1.30787873235903026111e-44
z_positive_double_default_q_near	roundtrip	60	1.00000005215406417847	1.96200018129408186128e-05	-9.81000093122847069242	-0	1.96199925994733348489e-05	-9.8099956512451171875	0	1.49689591064931790294e-10	7.48447957215056839998e-05	2.2420818778265078515e-44
z_positive_double_default_q_near	roundtrip	120	2.00000010430812835693	3.92400036258816372255e-05	-19.6200018624569413848	-0	3.92399779229890555143e-05	-19.6199855804443359375	0	4.39714478634396429603e-10	0.000219857239872363907979	3.36313300257756167843e-44
z_positive_double_default_q_far	original	1	0.0166666675359010696411	3.2700003021568031022e-07	-0.163500015520474511533	-0	3.27000037714242353104e-07	-0.163500010967254638672	0	1.34486488363162607604e-12	6.72432443515364143341e-07	1.13972275752689178077e-44
z_positive_double_default_q_far	original	10	0.166666675359010696411	3.27000030215680310199e-06	-1.63500015520474511533	-0	3.26999997923849150538e-06	-1.6350002288818359375	0	1.52028223723594433347e-11	7.60141120538878686586e-06	1.30787873235903026111e-44
z_positive_double_default_q_far	original	60	1.00000005215406417847	1.96200018129408186128e-05	-9.81000093122847069242	-0	1.96199925994733348489e-05	-9.8099956512451171875	0	1.49689591064931790294e-10	7.48447957215056839998e-05	2.2420818778265078515e-44
z_positive_double_default_q_far	original	120	2.00000010430812835693	3.92400036258816372255e-05	-19.6200018624569413848	-0	3.92399779229890555143e-05	-19.6199855804443359375	0	4.39714478634396429603e-10	0.000219857239872363907979	3.36313300257756167843e-44
z_positive_double_default_q_far	roundtrip	1	0.0166666675359010696411	3.2700003021568031022e-07	-0.163500015520474511533	-0	3.27000037714242353104e-07	-0.163500010967254638672	0	1.34486488363162607604e-12	6.72432443515364143341e-07	1.13972275752689178077e-44
z_positive_double_default_q_far	roundtrip	10	0.166666675359010696411	3.27000030215680310199e-06	-1.63500015520474511533	-0	3.26999997923849150538e-06	-1.6350002288818359375	0	1.52028223723594433347e-11	7.60141120538878686586e-06	1.30787873235903026111e-44
z_positive_double_default_q_far	roundtrip	60	1.00000005215406417847	1.96200018129408186128e-05	-9.81000093122847069242	-0	1.96199925994733348489e-05	-9.8099956512451171875	0	1.49689591064931790294e-10	7.48447957215056839998e-05	2.2420818778265078515e-44
z_positive_double_default_q_far	roundtrip	120	2.00000010430812835693	3.92400036258816372255e-05	-19.6200018624569413848	-0	3.92399779229890555143e-05	-19.6199855804443359375	0	4.39714478634396429603e-10	0.000219857239872363907979	3.36313300257756167843e-44
z_positive_double_default_minus_q_near	original	1	0.0166666675359010696411	3.2700003021568031022e-07	-0.163500015520474511533	-0	3.27000037714242353104e-07	-0.163500010967254638672	0	1.34486488363162607604e-12	6.72432443515364143341e-07	1.13972275752689178077e-44
z_positive_double_default_minus_q_near	original	10	0.166666675359010696411	3.27000030215680310199e-06	-1.63500015520474511533	-0	3.26999997923849150538e-06	-1.6350002288818359375	0	1.52028223723594433347e-11	7.60141120538878686586e-06	1.30787873235903026111e-44
z_positive_double_default_minus_q_near	original	60	1.00000005215406417847	1.96200018129408186128e-05	-9.81000093122847069242	-0	1.96199925994733348489e-05	-9.8099956512451171875	0	1.49689591064931790294e-10	7.48447957215056839998e-05	2.2420818778265078515e-44
z_positive_double_default_minus_q_near	original	120	2.00000010430812835693	3.92400036258816372255e-05	-19.6200018624569413848	-0	3.92399779229890555143e-05	-19.6199855804443359375	0	4.39714478634396429603e-10	0.000219857239872363907979	3.36313300257756167843e-44
z_positive_double_default_minus_q_near	roundtrip	1	0.0166666675359010696411	3.2700003021568031022e-07	-0.163500015520474511533	-0	3.27000037714242353104e-07	-0.163500010967254638672	0	1.34486488363162607604e-12	6.72432443515364143341e-07	1.13972275752689178077e-44
z_positive_double_default_minus_q_near	roundtrip	10	0.166666675359010696411	3.27000030215680310199e-06	-1.63500015520474511533	-0	3.26999997923849150538e-06	-1.6350002288818359375	0	1.52028223723594433347e-11	7.60141120538878686586e-06	1.30787873235903026111e-44
z_positive_double_default_minus_q_near	roundtrip	60	1.00000005215406417847	1.96200018129408186128e-05	-9.81000093122847069242	-0	1.96199925994733348489e-05	-9.8099956512451171875	0	1.49689591064931790294e-10	7.48447957215056839998e-05	2.2420818778265078515e-44
z_positive_double_default_minus_q_near	roundtrip	120	2.00000010430812835693	3.92400036258816372255e-05	-19.6200018624569413848	-0	3.92399779229890555143e-05	-19.6199855804443359375	0	4.39714478634396429603e-10	0.000219857239872363907979	3.36313300257756167843e-44
z_positive_double_default_minus_q_far	original	1	0.0166666675359010696411	3.2700003021568031022e-07	-0.163500015520474511533	-0	3.27000037714242353104e-07	-0.163500010967254638672	0	1.34486488363162607604e-12	6.72432443515364143341e-07	1.13972275752689178077e-44
z_positive_double_default_minus_q_far	original	10	0.166666675359010696411	3.27000030215680310199e-06	-1.63500015520474511533	-0	3.26999997923849150538e-06	-1.6350002288818359375	0	1.52028223723594433347e-11	7.60141120538878686586e-06	1.30787873235903026111e-44
z_positive_double_default_minus_q_far	original	60	1.00000005215406417847	1.96200018129408186128e-05	-9.81000093122847069242	-0	1.96199925994733348489e-05	-9.8099956512451171875	0	1.49689591064931790294e-10	7.48447957215056839998e-05	2.2420818778265078515e-44
z_positive_double_default_minus_q_far	original	120	2.00000010430812835693	3.92400036258816372255e-05	-19.6200018624569413848	-0	3.92399779229890555143e-05	-19.6199855804443359375	0	4.39714478634396429603e-10	0.000219857239872363907979	3.36313300257756167843e-44
z_positive_double_default_minus_q_far	roundtrip	1	0.0166666675359010696411	3.2700003021568031022e-07	-0.163500015520474511533	-0	3.27000037714242353104e-07	-0.163500010967254638672	0	1.34486488363162607604e-12	6.72432443515364143341e-07	1.13972275752689178077e-44
z_positive_double_default_minus_q_far	roundtrip	10	0.166666675359010696411	3.27000030215680310199e-06	-1.63500015520474511533	-0	3.26999997923849150538e-06	-1.6350002288818359375	0	1.52028223723594433347e-11	7.60141120538878686586e-06	1.30787873235903026111e-44
z_positive_double_default_minus_q_far	roundtrip	60	1.00000005215406417847	1.96200018129408186128e-05	-9.81000093122847069242	-0	1.96199925994733348489e-05	-9.8099956512451171875	0	1.49689591064931790294e-10	7.48447957215056839998e-05	2.2420818778265078515e-44
z_positive_double_default_minus_q_far	roundtrip	120	2.00000010430812835693	3.92400036258816372255e-05	-19.6200018624569413848	-0	3.92399779229890555143e-05	-19.6199855804443359375	0	4.39714478634396429603e-10	0.000219857239872363907979	3.36313300257756167843e-44
z_negative_double_default_q_near	original	1	0.0166666675359010696411	-3.2700003021568031022e-07	-0.163500015520474511533	-0	-3.27000037714242353104e-07	-0.163500010967254638672	0	1.34486488363162607604e-12	6.72432443515364143341e-07	1.13972275752689178077e-44
z_negative_double_default_q_near	original	10	0.166666675359010696411	-3.27000030215680310199e-06	-1.63500015520474511533	-0	-3.26999997923849150538e-06	-1.6350002288818359375	0	1.52028223723594433347e-11	7.60141120538878686586e-06	1.30787873235903026111e-44
z_negative_double_default_q_near	original	60	1.00000005215406417847	-1.96200018129408186128e-05	-9.81000093122847069242	-0	-1.96199925994733348489e-05	-9.8099956512451171875	0	1.49689591064931790294e-10	7.48447957215056839998e-05	2.2420818778265078515e-44
z_negative_double_default_q_near	original	120	2.00000010430812835693	-3.92400036258816372255e-05	-19.6200018624569413848	-0	-3.92399779229890555143e-05	-19.6199855804443359375	0	4.39714478634396429603e-10	0.000219857239872363907979	3.36313300257756167843e-44
z_negative_double_default_q_near	roundtrip	1	0.0166666675359010696411	-3.2700003021568031022e-07	-0.163500015520474511533	-0	-3.27000037714242353104e-07	-0.163500010967254638672	0	1.34486488363162607604e-12	6.72432443515364143341e-07	1.13972275752689178077e-44
z_negative_double_default_q_near	roundtrip	10	0.166666675359010696411	-3.27000030215680310199e-06	-1.63500015520474511533	-0	-3.26999997923849150538e-06	-1.6350002288818359375	0	1.52028223723594433347e-11	7.60141120538878686586e-06	1.30787873235903026111e-44
z_negative_double_default_q_near	roundtrip	60	1.00000005215406417847	-1.96200018129408186128e-05	-9.81000093122847069242	-0	-1.96199925994733348489e-05	-9.8099956512451171875	0	1.49689591064931790294e-10	7.48447957215056839998e-05	2.2420818778265078515e-44
z_negative_double_default_q_near	roundtrip	120	2.00000010430812835693	-3.92400036258816372255e-05	-19.6200018624569413848	-0	-3.92399779229890555143e-05	-19.6199855804443359375	0	4.39714478634396429603e-10	0.000219857239872363907979	3.36313300257756167843e-44
z_negative_double_default_q_far	original	1	0.0166666675359010696411	-3.2700003021568031022e-07	-0.163500015520474511533	-0	-3.27000037714242353104e-07	-0.163500010967254638672	0	1.34486488363162607604e-12	6.72432443515364143341e-07	1.13972275752689178077e-44
z_negative_double_default_q_far	original	10	0.166666675359010696411	-3.27000030215680310199e-06	-1.63500015520474511533	-0	-3.26999997923849150538e-06	-1.6350002288818359375	0	1.52028223723594433347e-11	7.60141120538878686586e-06	1.30787873235903026111e-44
z_negative_double_default_q_far	original	60	1.00000005215406417847	-1.96200018129408186128e-05	-9.81000093122847069242	-0	-1.96199925994733348489e-05	-9.8099956512451171875	0	1.49689591064931790294e-10	7.48447957215056839998e-05	2.2420818778265078515e-44
z_negative_double_default_q_far	original	120	2.00000010430812835693	-3.92400036258816372255e-05	-19.6200018624569413848	-0	-3.92399779229890555143e-05	-19.6199855804443359375	0	4.39714478634396429603e-10	0.000219857239872363907979	3.36313300257756167843e-44
z_negative_double_default_q_far	roundtrip	1	0.0166666675359010696411	-3.2700003021568031022e-07	-0.163500015520474511533	-0	-3.27000037714242353104e-07	-0.163500010967254638672	0	1.34486488363162607604e-12	6.72432443515364143341e-07	1.13972275752689178077e-44
z_negative_double_default_q_far	roundtrip	10	0.166666675359010696411	-3.27000030215680310199e-06	-1.63500015520474511533	-0	-3.26999997923849150538e-06	-1.6350002288818359375	0	1.52028223723594433347e-11	7.60141120538878686586e-06	1.30787873235903026111e-44
z_negative_double_default_q_far	roundtrip	60	1.00000005215406417847	-1.96200018129408186128e-05	-9.81000093122847069242	-0	-1.96199925994733348489e-05	-9.8099956512451171875	0	1.49689591064931790294e-10	7.48447957215056839998e-05	2.2420818778265078515e-44
z_negative_double_default_q_far	roundtrip	120	2.00000010430812835693	-3.92400036258816372255e-05	-19.6200018624569413848	-0	-3.92399779229890555143e-05	-19.6199855804443359375	0	4.39714478634396429603e-10	0.000219857239872363907979	3.36313300257756167843e-44
z_negative_double_default_minus_q_near	original	1	0.0166666675359010696411	-3.2700003021568031022e-07	-0.163500015520474511533	-0	-3.27000037714242353104e-07	-0.163500010967254638672	0	1.34486488363162607604e-12	6.72432443515364143341e-07	1.13972275752689178077e-44
z_negative_double_default_minus_q_near	original	10	0.166666675359010696411	-3.27000030215680310199e-06	-1.63500015520474511533	-0	-3.26999997923849150538e-06	-1.6350002288818359375	0	1.52028223723594433347e-11	7.60141120538878686586e-06	1.30787873235903026111e-44
z_negative_double_default_minus_q_near	original	60	1.00000005215406417847	-1.96200018129408186128e-05	-9.81000093122847069242	-0	-1.96199925994733348489e-05	-9.8099956512451171875	0	1.49689591064931790294e-10	7.48447957215056839998e-05	2.2420818778265078515e-44
z_negative_double_default_minus_q_near	original	120	2.00000010430812835693	-3.92400036258816372255e-05	-19.6200018624569413848	-0	-3.92399779229890555143e-05	-19.6199855804443359375	0	4.39714478634396429603e-10	0.000219857239872363907979	3.36313300257756167843e-44
z_negative_double_default_minus_q_near	roundtrip	1	0.0166666675359010696411	-3.2700003021568031022e-07	-0.163500015520474511533	-0	-3.27000037714242353104e-07	-0.163500010967254638672	0	1.34486488363162607604e-12	6.72432443515364143341e-07	1.13972275752689178077e-44
z_negative_double_default_minus_q_near	roundtrip	10	0.166666675359010696411	-3.27000030215680310199e-06	-1.63500015520474511533	-0	-3.26999997923849150538e-06	-1.6350002288818359375	0	1.52028223723594433347e-11	7.60141120538878686586e-06	1.30787873235903026111e-44
z_negative_double_default_minus_q_near	roundtrip	60	1.00000005215406417847	-1.96200018129408186128e-05	-9.81000093122847069242	-0	-1.96199925994733348489e-05	-9.8099956512451171875	0	1.49689591064931790294e-10	7.48447957215056839998e-05	2.2420818778265078515e-44
z_negative_double_default_minus_q_near	roundtrip	120	2.00000010430812835693	-3.92400036258816372255e-05	-19.6200018624569413848	-0	-3.92399779229890555143e-05	-19.6199855804443359375	0	4.39714478634396429603e-10	0.000219857239872363907979	3.36313300257756167843e-44
z_negative_double_default_minus_q_far	original	1	0.0166666675359010696411	-3.2700003021568031022e-07	-0.163500015520474511533	-0	-3.27000037714242353104e-07	-0.163500010967254638672	0	1.34486488363162607604e-12	6.72432443515364143341e-07	1.13972275752689178077e-44
z_negative_double_default_minus_q_far	original	10	0.166666675359010696411	-3.27000030215680310199e-06	-1.63500015520474511533	-0	-3.26999997923849150538e-06	-1.6350002288818359375	0	1.52028223723594433347e-11	7.60141120538878686586e-06	1.30787873235903026111e-44
z_negative_double_default_minus_q_far	original	60	1.00000005215406417847	-1.96200018129408186128e-05	-9.81000093122847069242	-0	-1.96199925994733348489e-05	-9.8099956512451171875	0	1.49689591064931790294e-10	7.48447957215056839998e-05	2.2420818778265078515e-44
z_negative_double_default_minus_q_far	original	120	2.00000010430812835693	-3.92400036258816372255e-05	-19.6200018624569413848	-0	-3.92399779229890555143e-05	-19.6199855804443359375	0	4.39714478634396429603e-10	0.000219857239872363907979	3.36313300257756167843e-44
z_negative_double_default_minus_q_far	roundtrip	1	0.0166666675359010696411	-3.2700003021568031022e-07	-0.163500015520474511533	-0	-3.27000037714242353104e-07	-0.163500010967254638672	0	1.34486488363162607604e-12	6.72432443515364143341e-07	1.13972275752689178077e-44
z_negative_double_default_minus_q_far	roundtrip	10	0.166666675359010696411	-3.27000030215680310199e-06	-1.63500015520474511533	-0	-3.26999997923849150538e-06	-1.6350002288818359375	0	1.52028223723594433347e-11	7.60141120538878686586e-06	1.30787873235903026111e-44
z_negative_double_default_minus_q_far	roundtrip	60	1.00000005215406417847	-1.96200018129408186128e-05	-9.81000093122847069242	-0	-1.96199925994733348489e-05	-9.8099956512451171875	0	1.49689591064931790294e-10	7.48447957215056839998e-05	2.2420818778265078515e-44
z_negative_double_default_minus_q_far	roundtrip	120	2.00000010430812835693	-3.92400036258816372255e-05	-19.6200018624569413848	-0	-3.92399779229890555143e-05	-19.6199855804443359375	0	4.39714478634396429603e-10	0.000219857239872363907979	3.36313300257756167843e-44
x_positive_half_default_q_near	original	1	0.0166666675359010696411	0	-0.163500015520781074075	-8.17500075539967181845e-08	0	-0.163500010967254638672	-8.1750009428560588276e-08	1.13972275752689178077e-44	6.72432443514286058066e-07	3.36216220908221721721e-13
x_positive_half_default_q_near	original	10	0.166666675359010696411	0	-1.63500015520781074067	-8.17500075539967181858e-07	0	-1.6350002288818359375	-8.17499994809622876346e-07	1.30787873235903026111e-44	7.60141120537965053812e-06	3.80070559309342399493e-12
x_positive_half_default_q_near	original	60	1.00000005215406417847	0	-9.81000093124686444422	-4.90500045323980309084e-06	0	-9.8099956512451171875	-4.90499814986833371222e-06	2.2420818778265078515e-44	7.48447957215056837285e-05	3.74223977662680310704e-11
x_positive_half_default_q_near	original	120	2.00000010430812835693	0	-19.6200018624937288884	-9.81000090647960618168e-06	0	-19.6199855804443359375	-9.80999448074726387858e-06	3.36313300257756167843e-44	0.000219857239872495470778	1.09928619658702165483e-10
x_positive_half_default_q_near	roundtrip	1	0.0166666675359010696411	0	-0.163500015520781074075	-8.17500075539967181845e-08	0	-0.163500010967254638672	-8.1750009428560588276e-08	1.13972275752689178077e-44	6.72432443514286058066e-07	3.36216220908221721721e-13
x_positive_half_default_q_near	roundtrip	10	0.166666675359010696411	0	-1.63500015520781074067	-8.17500075539967181858e-07	0	-1.6350002288818359375	-8.17499994809622876346e-07	1.30787873235903026111e-44	7.60141120537965053812e-06	3.80070559309342399493e-12
x_positive_half_default_q_near	roundtrip	60	1.00000005215406417847	0	-9.81000093124686444422	-4.90500045323980309084e-06	0	-9.8099956512451171875	-4.90499814986833371222e-06	2.2420818778265078515e-44	7.48447957215056837285e-05	3.74223977662680310704e-11
x_positive_half_default_q_near	roundtrip	120	2.00000010430812835693	0	-19.6200018624937288884	-9.81000090647960618168e-06	0	-19.6199855804443359375	-9.80999448074726387858e-06	3.36313300257756167843e-44	0.000219857239872495470778	1.09928619658702165483e-10
x_positive_half_default_q_far	original	1	0.0166666675359010696411	0	-0.163500015520781074075	-8.17500075539967181845e-08	0	-0.163500010967254638672	-8.1750009428560588276e-08	1.13972275752689178077e-44	6.72432443514286058066e-07	3.36216220908221721721e-13
x_positive_half_default_q_far	original	10	0.166666675359010696411	0	-1.63500015520781074067	-8.17500075539967181858e-07	0	-1.6350002288818359375	-8.17499994809622876346e-07	1.30787873235903026111e-44	7.60141120537965053812e-06	3.80070559309342399493e-12
x_positive_half_default_q_far	original	60	1.00000005215406417847	0	-9.81000093124686444422	-4.90500045323980309084e-06	0	-9.8099956512451171875	-4.90499814986833371222e-06	2.2420818778265078515e-44	7.48447957215056837285e-05	3.74223977662680310704e-11
x_positive_half_default_q_far	original	120	2.00000010430812835693	0	-19.6200018624937288884	-9.81000090647960618168e-06	0	-19.6199855804443359375	-9.80999448074726387858e-06	3.36313300257756167843e-44	0.000219857239872495470778	1.09928619658702165483e-10
x_positive_half_default_q_far	roundtrip	1	0.0166666675359010696411	0	-0.163500015520781074075	-8.17500075539967181845e-08	0	-0.163500010967254638672	-8.1750009428560588276e-08	1.13972275752689178077e-44	6.72432443514286058066e-07	3.36216220908221721721e-13
x_positive_half_default_q_far	roundtrip	10	0.166666675359010696411	0	-1.63500015520781074067	-8.17500075539967181858e-07	0	-1.6350002288818359375	-8.17499994809622876346e-07	1.30787873235903026111e-44	7.60141120537965053812e-06	3.80070559309342399493e-12
x_positive_half_default_q_far	roundtrip	60	1.00000005215406417847	0	-9.81000093124686444422	-4.90500045323980309084e-06	0	-9.8099956512451171875	-4.90499814986833371222e-06	2.2420818778265078515e-44	7.48447957215056837285e-05	3.74223977662680310704e-11
x_positive_half_default_q_far	roundtrip	120	2.00000010430812835693	0	-19.6200018624937288884	-9.81000090647960618168e-06	0	-19.6199855804443359375	-9.80999448074726387858e-06	3.36313300257756167843e-44	0.000219857239872495470778	1.09928619658702165483e-10
x_positive_half_default_minus_q_near	original	1	0.0166666675359010696411	0	-0.163500015520781074075	-8.17500075539967181845e-08	0	-0.163500010967254638672	-8.1750009428560588276e-08	1.13972275752689178077e-44	6.72432443514286058066e-07	3.36216220908221721721e-13
x_positive_half_default_minus_q_near	original	10	0.166666675359010696411	0	-1.63500015520781074067	-8.17500075539967181858e-07	0	-1.6350002288818359375	-8.17499994809622876346e-07	1.30787873235903026111e-44	7.60141120537965053812e-06	3.80070559309342399493e-12
x_positive_half_default_minus_q_near	original	60	1.00000005215406417847	0	-9.81000093124686444422	-4.90500045323980309084e-06	0	-9.8099956512451171875	-4.90499814986833371222e-06	2.2420818778265078515e-44	7.48447957215056837285e-05	3.74223977662680310704e-11
x_positive_half_default_minus_q_near	original	120	2.00000010430812835693	0	-19.6200018624937288884	-9.81000090647960618168e-06	0	-19.6199855804443359375	-9.80999448074726387858e-06	3.36313300257756167843e-44	0.000219857239872495470778	1.09928619658702165483e-10
x_positive_half_default_minus_q_near	roundtrip	1	0.0166666675359010696411	0	-0.163500015520781074075	-8.17500075539967181845e-08	0	-0.163500010967254638672	-8.1750009428560588276e-08	1.13972275752689178077e-44	6.72432443514286058066e-07	3.36216220908221721721e-13
x_positive_half_default_minus_q_near	roundtrip	10	0.166666675359010696411	0	-1.63500015520781074067	-8.17500075539967181858e-07	0	-1.6350002288818359375	-8.17499994809622876346e-07	1.30787873235903026111e-44	7.60141120537965053812e-06	3.80070559309342399493e-12
x_positive_half_default_minus_q_near	roundtrip	60	1.00000005215406417847	0	-9.81000093124686444422	-4.90500045323980309084e-06	0	-9.8099956512451171875	-4.90499814986833371222e-06	2.2420818778265078515e-44	7.48447957215056837285e-05	3.74223977662680310704e-11
x_positive_half_default_minus_q_near	roundtrip	120	2.00000010430812835693	0	-19.6200018624937288884	-9.81000090647960618168e-06	0	-19.6199855804443359375	-9.80999448074726387858e-06	3.36313300257756167843e-44	0.000219857239872495470778	1.09928619658702165483e-10
x_positive_half_default_minus_q_far	original	1	0.0166666675359010696411	0	-0.163500015520781074075	-8.17500075539967181845e-08	0	-0.163500010967254638672	-8.1750009428560588276e-08	1.13972275752689178077e-44	6.72432443514286058066e-07	3.36216220908221721721e-13
x_positive_half_default_minus_q_far	original	10	0.166666675359010696411	0	-1.63500015520781074067	-8.17500075539967181858e-07	0	-1.6350002288818359375	-8.17499994809622876346e-07	1.30787873235903026111e-44	7.60141120537965053812e-06	3.80070559309342399493e-12
x_positive_half_default_minus_q_far	original	60	1.00000005215406417847	0	-9.81000093124686444422	-4.90500045323980309084e-06	0	-9.8099956512451171875	-4.90499814986833371222e-06	2.2420818778265078515e-44	7.48447957215056837285e-05	3.74223977662680310704e-11
x_positive_half_default_minus_q_far	original	120	2.00000010430812835693	0	-19.6200018624937288884	-9.81000090647960618168e-06	0	-19.6199855804443359375	-9.80999448074726387858e-06	3.36313300257756167843e-44	0.000219857239872495470778	1.09928619658702165483e-10
x_positive_half_default_minus_q_far	roundtrip	1	0.0166666675359010696411	0	-0.163500015520781074075	-8.17500075539967181845e-08	0	-0.163500010967254638672	-8.1750009428560588276e-08	1.13972275752689178077e-44	6.72432443514286058066e-07	3.36216220908221721721e-13
x_positive_half_default_minus_q_far	roundtrip	10	0.166666675359010696411	0	-1.63500015520781074067	-8.17500075539967181858e-07	0	-1.6350002288818359375	-8.17499994809622876346e-07	1.30787873235903026111e-44	7.60141120537965053812e-06	3.80070559309342399493e-12
x_positive_half_default_minus_q_far	roundtrip	60	1.00000005215406417847	0	-9.81000093124686444422	-4.90500045323980309084e-06	0	-9.8099956512451171875	-4.90499814986833371222e-06	2.2420818778265078515e-44	7.48447957215056837285e-05	3.74223977662680310704e-11
x_positive_half_default_minus_q_far	roundtrip	120	2.00000010430812835693	0	-19.6200018624937288884	-9.81000090647960618168e-06	0	-19.6199855804443359375	-9.80999448074726387858e-06	3.36313300257756167843e-44	0.000219857239872495470778	1.09928619658702165483e-10
x_negative_half_default_q_near	original	1	0.0166666675359010696411	-0	-0.163500015520781074075	8.17500075539967181845e-08	0	-0.163500010967254638672	8.1750009428560588276e-08	1.13972275752689178077e-44	6.72432443514286058066e-07	3.36216220908221721721e-13
x_negative_half_default_q_near	original	10	0.166666675359010696411	-0	-1.63500015520781074067	8.17500075539967181858e-07	0	-1.6350002288818359375	8.17499994809622876346e-07	1.30787873235903026111e-44	7.60141120537965053812e-06	3.80070559309342399493e-12
x_negative_half_default_q_near	original	60	1.00000005215406417847	-0	-9.81000093124686444422	4.90500045323980309084e-06	0	-9.8099956512451171875	4.90499814986833371222e-06	2.2420818778265078515e-44	7.48447957215056837285e-05	3.74223977662680310704e-11
x_negative_half_default_q_near	original	120	2.00000010430812835693	-0	-19.6200018624937288884	9.81000090647960618168e-06	0	-19.6199855804443359375	9.80999448074726387858e-06	3.36313300257756167843e-44	0.000219857239872495470778	1.09928619658702165483e-10
x_negative_half_default_q_near	roundtrip	1	0.0166666675359010696411	-0	-0.163500015520781074075	8.17500075539967181845e-08	0	-0.163500010967254638672	8.1750009428560588276e-08	1.13972275752689178077e-44	6.72432443514286058066e-07	3.36216220908221721721e-13
x_negative_half_default_q_near	roundtrip	10	0.166666675359010696411	-0	-1.63500015520781074067	8.17500075539967181858e-07	0	-1.6350002288818359375	8.17499994809622876346e-07	1.30787873235903026111e-44	7.60141120537965053812e-06	3.80070559309342399493e-12
x_negative_half_default_q_near	roundtrip	60	1.00000005215406417847	-0	-9.81000093124686444422	4.90500045323980309084e-06	0	-9.8099956512451171875	4.90499814986833371222e-06	2.2420818778265078515e-44	7.48447957215056837285e-05	3.74223977662680310704e-11
x_negative_half_default_q_near	roundtrip	120	2.00000010430812835693	-0	-19.6200018624937288884	9.81000090647960618168e-06	0	-19.6199855804443359375	9.80999448074726387858e-06	3.36313300257756167843e-44	0.000219857239872495470778	1.09928619658702165483e-10
x_negative_half_default_q_far	original	1	0.0166666675359010696411	-0	-0.163500015520781074075	8.17500075539967181845e-08	0	-0.163500010967254638672	8.1750009428560588276e-08	1.13972275752689178077e-44	6.72432443514286058066e-07	3.36216220908221721721e-13
x_negative_half_default_q_far	original	10	0.166666675359010696411	-0	-1.63500015520781074067	8.17500075539967181858e-07	0	-1.6350002288818359375	8.17499994809622876346e-07	1.30787873235903026111e-44	7.60141120537965053812e-06	3.80070559309342399493e-12
x_negative_half_default_q_far	original	60	1.00000005215406417847	-0	-9.81000093124686444422	4.90500045323980309084e-06	0	-9.8099956512451171875	4.90499814986833371222e-06	2.2420818778265078515e-44	7.48447957215056837285e-05	3.74223977662680310704e-11
x_negative_half_default_q_far	original	120	2.00000010430812835693	-0	-19.6200018624937288884	9.81000090647960618168e-06	0	-19.6199855804443359375	9.80999448074726387858e-06	3.36313300257756167843e-44	0.000219857239872495470778	1.09928619658702165483e-10
x_negative_half_default_q_far	roundtrip	1	0.0166666675359010696411	-0	-0.163500015520781074075	8.17500075539967181845e-08	0	-0.163500010967254638672	8.1750009428560588276e-08	1.13972275752689178077e-44	6.72432443514286058066e-07	3.36216220908221721721e-13
x_negative_half_default_q_far	roundtrip	10	0.166666675359010696411	-0	-1.63500015520781074067	8.17500075539967181858e-07	0	-1.6350002288818359375	8.17499994809622876346e-07	1.30787873235903026111e-44	7.60141120537965053812e-06	3.80070559309342399493e-12
x_negative_half_default_q_far	roundtrip	60	1.00000005215406417847	-0	-9.81000093124686444422	4.90500045323980309084e-06	0	-9.8099956512451171875	4.90499814986833371222e-06	2.2420818778265078515e-44	7.48447957215056837285e-05	3.74223977662680310704e-11
x_negative_half_default_q_far	roundtrip	120	2.00000010430812835693	-0	-19.6200018624937288884	9.81000090647960618168e-06	0	-19.6199855804443359375	9.80999448074726387858e-06	3.36313300257756167843e-44	0.000219857239872495470778	1.09928619658702165483e-10
x_negative_half_default_minus_q_near	original	1	0.0166666675359010696411	-0	-0.163500015520781074075	8.17500075539967181845e-08	0	-0.163500010967254638672	8.1750009428560588276e-08	1.13972275752689178077e-44	6.72432443514286058066e-07	3.36216220908221721721e-13
x_negative_half_default_minus_q_near	original	10	0.166666675359010696411	-0	-1.63500015520781074067	8.17500075539967181858e-07	0	-1.6350002288818359375	8.17499994809622876346e-07	1.30787873235903026111e-44	7.60141120537965053812e-06	3.80070559309342399493e-12
x_negative_half_default_minus_q_near	original	60	1.00000005215406417847	-0	-9.81000093124686444422	4.90500045323980309084e-06	0	-9.8099956512451171875	4.90499814986833371222e-06	2.2420818778265078515e-44	7.48447957215056837285e-05	3.74223977662680310704e-11
x_negative_half_default_minus_q_near	original	120	2.00000010430812835693	-0	-19.6200018624937288884	9.81000090647960618168e-06	0	-19.6199855804443359375	9.80999448074726387858e-06	3.36313300257756167843e-44	0.000219857239872495470778	1.09928619658702165483e-10
x_negative_half_default_minus_q_near	roundtrip	1	0.0166666675359010696411	-0	-0.163500015520781074075	8.17500075539967181845e-08	0	-0.163500010967254638672	8.1750009428560588276e-08	1.13972275752689178077e-44	6.72432443514286058066e-07	3.36216220908221721721e-13
x_negative_half_default_minus_q_near	roundtrip	10	0.166666675359010696411	-0	-1.63500015520781074067	8.17500075539967181858e-07	0	-1.6350002288818359375	8.17499994809622876346e-07	1.30787873235903026111e-44	7.60141120537965053812e-06	3.80070559309342399493e-12
x_negative_half_default_minus_q_near	roundtrip	60	1.00000005215406417847	-0	-9.81000093124686444422	4.90500045323980309084e-06	0	-9.8099956512451171875	4.90499814986833371222e-06	2.2420818778265078515e-44	7.48447957215056837285e-05	3.74223977662680310704e-11
x_negative_half_default_minus_q_near	roundtrip	120	2.00000010430812835693	-0	-19.6200018624937288884	9.81000090647960618168e-06	0	-19.6199855804443359375	9.80999448074726387858e-06	3.36313300257756167843e-44	0.000219857239872495470778	1.09928619658702165483e-10
x_negative_half_default_minus_q_far	original	1	0.0166666675359010696411	-0	-0.163500015520781074075	8.17500075539967181845e-08	0	-0.163500010967254638672	8.1750009428560588276e-08	1.13972275752689178077e-44	6.72432443514286058066e-07	3.36216220908221721721e-13
x_negative_half_default_minus_q_far	original	10	0.166666675359010696411	-0	-1.63500015520781074067	8.17500075539967181858e-07	0	-1.6350002288818359375	8.17499994809622876346e-07	1.30787873235903026111e-44	7.60141120537965053812e-06	3.80070559309342399493e-12
x_negative_half_default_minus_q_far	original	60	1.00000005215406417847	-0	-9.81000093124686444422	4.90500045323980309084e-06	0	-9.8099956512451171875	4.90499814986833371222e-06	2.2420818778265078515e-44	7.48447957215056837285e-05	3.74223977662680310704e-11
x_negative_half_default_minus_q_far	original	120	2.00000010430812835693	-0	-19.6200018624937288884	9.81000090647960618168e-06	0	-19.6199855804443359375	9.80999448074726387858e-06	3.36313300257756167843e-44	0.000219857239872495470778	1.09928619658702165483e-10
x_negative_half_default_minus_q_far	roundtrip	1	0.0166666675359010696411	-0	-0.163500015520781074075	8.17500075539967181845e-08	0	-0.163500010967254638672	8.1750009428560588276e-08	1.13972275752689178077e-44	6.72432443514286058066e-07	3.36216220908221721721e-13
x_negative_half_default_minus_q_far	roundtrip	10	0.166666675359010696411	-0	-1.63500015520781074067	8.17500075539967181858e-07	0	-1.6350002288818359375	8.17499994809622876346e-07	1.30787873235903026111e-44	7.60141120537965053812e-06	3.80070559309342399493e-12
x_negative_half_default_minus_q_far	roundtrip	60	1.00000005215406417847	-0	-9.81000093124686444422	4.90500045323980309084e-06	0	-9.8099956512451171875	4.90499814986833371222e-06	2.2420818778265078515e-44	7.48447957215056837285e-05	3.74223977662680310704e-11
x_negative_half_default_minus_q_far	roundtrip	120	2.00000010430812835693	-0	-19.6200018624937288884	9.81000090647960618168e-06	0	-19.6199855804443359375	9.80999448074726387858e-06	3.36313300257756167843e-44	0.000219857239872495470778	1.09928619658702165483e-10
x_positive_below_default_q_near	original	1	0.0166666675359010696411	0	-0.163500015520719924977	-1.63336516821520274043e-07	0	-0.163500010967254638672	-1.63336508762768062297e-07	1.13972275752689178077e-44	6.72432443514501100416e-07	6.71760016484046162583e-13
x_positive_below_default_q_near	original	10	0.166666675359010696411	0	-1.63500015520719924977	-1.63336516821520274038e-06	0	-1.6350002288818359375	-1.63336505920597119257e-06	1.30787873235903026111e-44	7.60141120538147293323e-06	7.59380985536801849865e-12
x_positive_below_default_q_near	original	60	1.00000005215406417847	0	-9.81000093124319549887	-9.80019100929121644229e-06	0	-9.8099956512451171875	-9.80018921836744993925e-06	2.2420818778265078515e-44	7.48447957215056837881e-05	7.47699515283142816047e-11
x_positive_below_default_q_near	original	120	2.00000010430812835693	0	-19.6200018624863909977	-1.96003820185824328846e-05	0	-19.6199855804443359375	-1.96003584278514608741e-05	3.36313300257756167843e-44	0.000219857239872469228347	2.19637384402569169059e-10
x_positive_below_default_q_near	roundtrip	1	0.0166666675359010696411	0	-0.163500015520719924977	-1.63336516821520274043e-07	0	-0.163500010967254638672	-1.63336508762768062297e-07	1.13972275752689178077e-44	6.72432443514501100416e-07	6.71760016484046162583e-13
x_positive_below_default_q_near	roundtrip	10	0.166666675359010696411	0	-1.63500015520719924977	-1.63336516821520274038e-06	0	-1.6350002288818359375	-1.63336505920597119257e-06	1.30787873235903026111e-44	7.60141120538147293323e-06	7.59380985536801849865e-12
x_positive_below_default_q_near	roundtrip	60	1.00000005215406417847	0	-9.81000093124319549887	-9.80019100929121644229e-06	0	-9.8099956512451171875	-9.80018921836744993925e-06	2.2420818778265078515e-44	7.48447957215056837881e-05	7.47699515283142816047e-11
x_positive_below_default_q_near	roundtrip	120	2.00000010430812835693	0	-19.6200018624863909977	-1.96003820185824328846e-05	0	-19.6199855804443359375	-1.96003584278514608741e-05	3.36313300257756167843e-44	0.000219857239872469228347	2.19637384402569169059e-10
x_positive_below_default_q_far	original	1	0.0166666675359010696411	0	-0.163500015520719924977	-1.63336516821520274043e-07	0	-0.163500010967254638672	-1.63336508762768062297e-07	1.13972275752689178077e-44	6.72432443514501100416e-07	6.71760016484046162583e-13
x_positive_below_default_q_far	original	10	0.166666675359010696411	0	-1.63500015520719924977	-1.63336516821520274038e-06	0	-1.6350002288818359375	-1.63336505920597119257e-06	1.30787873235903026111e-44	7.60141120538147293323e-06	7.59380985536801849865e-12
x_positive_below_default_q_far	original	60	1.00000005215406417847	0	-9.81000093124319549887	-9.80019100929121644229e-06	0	-9.8099956512451171875	-9.80018921836744993925e-06	2.2420818778265078515e-44	7.48447957215056837881e-05	7.47699515283142816047e-11
x_positive_below_default_q_far	original	120	2.00000010430812835693	0	-19.6200018624863909977	-1.96003820185824328846e-05	0	-19.6199855804443359375	-1.96003584278514608741e-05	3.36313300257756167843e-44	0.000219857239872469228347	2.19637384402569169059e-10
x_positive_below_default_q_far	roundtrip	1	0.0166666675359010696411	0	-0.163500015520719924977	-1.63336516821520274043e-07	0	-0.163500010967254638672	-1.63336508762768062297e-07	1.13972275752689178077e-44	6.72432443514501100416e-07	6.71760016484046162583e-13
x_positive_below_default_q_far	roundtrip	10	0.166666675359010696411	0	-1.63500015520719924977	-1.63336516821520274038e-06	0	-1.6350002288818359375	-1.63336505920597119257e-06	1.30787873235903026111e-44	7.60141120538147293323e-06	7.59380985536801849865e-12
x_positive_below_default_q_far	roundtrip	60	1.00000005215406417847	0	-9.81000093124319549887	-9.80019100929121644229e-06	0	-9.8099956512451171875	-9.80018921836744993925e-06	2.2420818778265078515e-44	7.48447957215056837881e-05	7.47699515283142816047e-11
x_positive_below_default_q_far	roundtrip	120	2.00000010430812835693	0	-19.6200018624863909977	-1.96003820185824328846e-05	0	-19.6199855804443359375	-1.96003584278514608741e-05	3.36313300257756167843e-44	0.000219857239872469228347	2.19637384402569169059e-10
x_positive_below_default_minus_q_near	original	1	0.0166666675359010696411	0	-0.163500015520719924977	-1.63336516821520274043e-07	0	-0.163500010967254638672	-1.63336508762768062297e-07	1.13972275752689178077e-44	6.72432443514501100416e-07	6.71760016484046162583e-13
x_positive_below_default_minus_q_near	original	10	0.166666675359010696411	0	-1.63500015520719924977	-1.63336516821520274038e-06	0	-1.6350002288818359375	-1.63336505920597119257e-06	1.30787873235903026111e-44	7.60141120538147293323e-06	7.59380985536801849865e-12
x_positive_below_default_minus_q_near	original	60	1.00000005215406417847	0	-9.81000093124319549887	-9.80019100929121644229e-06	0	-9.8099956512451171875	-9.80018921836744993925e-06	2.2420818778265078515e-44	7.48447957215056837881e-05	7.47699515283142816047e-11
x_positive_below_default_minus_q_near	original	120	2.00000010430812835693	0	-19.6200018624863909977	-1.96003820185824328846e-05	0	-19.6199855804443359375	-1.96003584278514608741e-05	3.36313300257756167843e-44	0.000219857239872469228347	2.19637384402569169059e-10
x_positive_below_default_minus_q_near	roundtrip	1	0.0166666675359010696411	0	-0.163500015520719924977	-1.63336516821520274043e-07	0	-0.163500010967254638672	-1.63336508762768062297e-07	1.13972275752689178077e-44	6.72432443514501100416e-07	6.71760016484046162583e-13
x_positive_below_default_minus_q_near	roundtrip	10	0.166666675359010696411	0	-1.63500015520719924977	-1.63336516821520274038e-06	0	-1.6350002288818359375	-1.63336505920597119257e-06	1.30787873235903026111e-44	7.60141120538147293323e-06	7.59380985536801849865e-12
x_positive_below_default_minus_q_near	roundtrip	60	1.00000005215406417847	0	-9.81000093124319549887	-9.80019100929121644229e-06	0	-9.8099956512451171875	-9.80018921836744993925e-06	2.2420818778265078515e-44	7.48447957215056837881e-05	7.47699515283142816047e-11
x_positive_below_default_minus_q_near	roundtrip	120	2.00000010430812835693	0	-19.6200018624863909977	-1.96003820185824328846e-05	0	-19.6199855804443359375	-1.96003584278514608741e-05	3.36313300257756167843e-44	0.000219857239872469228347	2.19637384402569169059e-10
x_positive_below_default_minus_q_far	original	1	0.0166666675359010696411	0	-0.163500015520719924977	-1.63336516821520274043e-07	0	-0.163500010967254638672	-1.63336508762768062297e-07	1.13972275752689178077e-44	6.72432443514501100416e-07	6.71760016484046162583e-13
x_positive_below_default_minus_q_far	original	10	0.166666675359010696411	0	-1.63500015520719924977	-1.63336516821520274038e-06	0	-1.6350002288818359375	-1.63336505920597119257e-06	1.30787873235903026111e-44	7.60141120538147293323e-06	7.59380985536801849865e-12
x_positive_below_default_minus_q_far	original	60	1.00000005215406417847	0	-9.81000093124319549887	-9.80019100929121644229e-06	0	-9.8099956512451171875	-9.80018921836744993925e-06	2.2420818778265078515e-44	7.48447957215056837881e-05	7.47699515283142816047e-11
x_positive_below_default_minus_q_far	original	120	2.00000010430812835693	0	-19.6200018624863909977	-1.96003820185824328846e-05	0	-19.6199855804443359375	-1.96003584278514608741e-05	3.36313300257756167843e-44	0.000219857239872469228347	2.19637384402569169059e-10
x_positive_below_default_minus_q_far	roundtrip	1	0.0166666675359010696411	0	-0.163500015520719924977	-1.63336516821520274043e-07	0	-0.163500010967254638672	-1.63336508762768062297e-07	1.13972275752689178077e-44	6.72432443514501100416e-07	6.71760016484046162583e-13
x_positive_below_default_minus_q_far	roundtrip	10	0.166666675359010696411	0	-1.63500015520719924977	-1.63336516821520274038e-06	0	-1.6350002288818359375	-1.63336505920597119257e-06	1.30787873235903026111e-44	7.60141120538147293323e-06	7.59380985536801849865e-12
x_positive_below_default_minus_q_far	roundtrip	60	1.00000005215406417847	0	-9.81000093124319549887	-9.80019100929121644229e-06	0	-9.8099956512451171875	-9.80018921836744993925e-06	2.2420818778265078515e-44	7.48447957215056837881e-05	7.47699515283142816047e-11
x_positive_below_default_minus_q_far	roundtrip	120	2.00000010430812835693	0	-19.6200018624863909977	-1.96003820185824328846e-05	0	-19.6199855804443359375	-1.96003584278514608741e-05	3.36313300257756167843e-44	0.000219857239872469228347	2.19637384402569169059e-10
x_negative_below_default_q_near	original	1	0.0166666675359010696411	-0	-0.163500015520719924977	1.63336516821520274043e-07	0	-0.163500010967254638672	1.63336508762768062297e-07	1.13972275752689178077e-44	6.72432443514501100416e-07	6.71760016484046162583e-13
x_negative_below_default_q_near	original	10	0.166666675359010696411	-0	-1.63500015520719924977	1.63336516821520274038e-06	0	-1.6350002288818359375	1.63336505920597119257e-06	1.30787873235903026111e-44	7.60141120538147293323e-06	7.59380985536801849865e-12
x_negative_below_default_q_near	original	60	1.00000005215406417847	-0	-9.81000093124319549887	9.80019100929121644229e-06	0	-9.8099956512451171875	9.80018921836744993925e-06	2.2420818778265078515e-44	7.48447957215056837881e-05	7.47699515283142816047e-11
x_negative_below_default_q_near	original	120	2.00000010430812835693	-0	-19.6200018624863909977	1.96003820185824328846e-05	0	-19.6199855804443359375	1.96003584278514608741e-05	3.36313300257756167843e-44	0.000219857239872469228347	2.19637384402569169059e-10
x_negative_below_default_q_near	roundtrip	1	0.0166666675359010696411	-0	-0.163500015520719924977	1.63336516821520274043e-07	0	-0.163500010967254638672	1.63336508762768062297e-07	1.13972275752689178077e-44	6.72432443514501100416e-07	6.71760016484046162583e-13
x_negative_below_default_q_near	roundtrip	10	0.166666675359010696411	-0	-1.63500015520719924977	1.63336516821520274038e-06	0	-1.6350002288818359375	1.63336505920597119257e-06	1.30787873235903026111e-44	7.60141120538147293323e-06	7.59380985536801849865e-12
x_negative_below_default_q_near	roundtrip	60	1.00000005215406417847	-0	-9.81000093124319549887	9.80019100929121644229e-06	0	-9.8099956512451171875	9.80018921836744993925e-06	2.2420818778265078515e-44	7.48447957215056837881e-05	7.47699515283142816047e-11
x_negative_below_default_q_near	roundtrip	120	2.00000010430812835693	-0	-19.6200018624863909977	1.96003820185824328846e-05	0	-19.6199855804443359375	1.96003584278514608741e-05	3.36313300257756167843e-44	0.000219857239872469228347	2.19637384402569169059e-10
x_negative_below_default_q_far	original	1	0.0166666675359010696411	-0	-0.163500015520719924977	1.63336516821520274043e-07	0	-0.163500010967254638672	1.63336508762768062297e-07	1.13972275752689178077e-44	6.72432443514501100416e-07	6.71760016484046162583e-13
x_negative_below_default_q_far	original	10	0.166666675359010696411	-0	-1.63500015520719924977	1.63336516821520274038e-06	0	-1.6350002288818359375	1.63336505920597119257e-06	1.30787873235903026111e-44	7.60141120538147293323e-06	7.59380985536801849865e-12
x_negative_below_default_q_far	original	60	1.00000005215406417847	-0	-9.81000093124319549887	9.80019100929121644229e-06	0	-9.8099956512451171875	9.80018921836744993925e-06	2.2420818778265078515e-44	7.48447957215056837881e-05	7.47699515283142816047e-11
x_negative_below_default_q_far	original	120	2.00000010430812835693	-0	-19.6200018624863909977	1.96003820185824328846e-05	0	-19.6199855804443359375	1.96003584278514608741e-05	3.36313300257756167843e-44	0.000219857239872469228347	2.19637384402569169059e-10
x_negative_below_default_q_far	roundtrip	1	0.0166666675359010696411	-0	-0.163500015520719924977	1.63336516821520274043e-07	0	-0.163500010967254638672	1.63336508762768062297e-07	1.13972275752689178077e-44	6.72432443514501100416e-07	6.71760016484046162583e-13
x_negative_below_default_q_far	roundtrip	10	0.166666675359010696411	-0	-1.63500015520719924977	1.63336516821520274038e-06	0	-1.6350002288818359375	1.63336505920597119257e-06	1.30787873235903026111e-44	7.60141120538147293323e-06	7.59380985536801849865e-12
x_negative_below_default_q_far	roundtrip	60	1.00000005215406417847	-0	-9.81000093124319549887	9.80019100929121644229e-06	0	-9.8099956512451171875	9.80018921836744993925e-06	2.2420818778265078515e-44	7.48447957215056837881e-05	7.47699515283142816047e-11
x_negative_below_default_q_far	roundtrip	120	2.00000010430812835693	-0	-19.6200018624863909977	1.96003820185824328846e-05	0	-19.6199855804443359375	1.96003584278514608741e-05	3.36313300257756167843e-44	0.000219857239872469228347	2.19637384402569169059e-10
x_negative_below_default_minus_q_near	original	1	0.0166666675359010696411	-0	-0.163500015520719924977	1.63336516821520274043e-07	0	-0.163500010967254638672	1.63336508762768062297e-07	1.13972275752689178077e-44	6.72432443514501100416e-07	6.71760016484046162583e-13
x_negative_below_default_minus_q_near	original	10	0.166666675359010696411	-0	-1.63500015520719924977	1.63336516821520274038e-06	0	-1.6350002288818359375	1.63336505920597119257e-06	1.30787873235903026111e-44	7.60141120538147293323e-06	7.59380985536801849865e-12
x_negative_below_default_minus_q_near	original	60	1.00000005215406417847	-0	-9.81000093124319549887	9.80019100929121644229e-06	0	-9.8099956512451171875	9.80018921836744993925e-06	2.2420818778265078515e-44	7.48447957215056837881e-05	7.47699515283142816047e-11
x_negative_below_default_minus_q_near	original	120	2.00000010430812835693	-0	-19.6200018624863909977	1.96003820185824328846e-05	0	-19.6199855804443359375	1.96003584278514608741e-05	3.36313300257756167843e-44	0.000219857239872469228347	2.19637384402569169059e-10
x_negative_below_default_minus_q_near	roundtrip	1	0.0166666675359010696411	-0	-0.163500015520719924977	1.63336516821520274043e-07	0	-0.163500010967254638672	1.63336508762768062297e-07	1.13972275752689178077e-44	6.72432443514501100416e-07	6.71760016484046162583e-13
x_negative_below_default_minus_q_near	roundtrip	10	0.166666675359010696411	-0	-1.63500015520719924977	1.63336516821520274038e-06	0	-1.6350002288818359375	1.63336505920597119257e-06	1.30787873235903026111e-44	7.60141120538147293323e-06	7.59380985536801849865e-12
x_negative_below_default_minus_q_near	roundtrip	60	1.00000005215406417847	-0	-9.81000093124319549887	9.80019100929121644229e-06	0	-9.8099956512451171875	9.80018921836744993925e-06	2.2420818778265078515e-44	7.48447957215056837881e-05	7.47699515283142816047e-11
x_negative_below_default_minus_q_near	roundtrip	120	2.00000010430812835693	-0	-19.6200018624863909977	1.96003820185824328846e-05	0	-19.6199855804443359375	1.96003584278514608741e-05	3.36313300257756167843e-44	0.000219857239872469228347	2.19637384402569169059e-10
x_negative_below_default_minus_q_far	original	1	0.0166666675359010696411	-0	-0.163500015520719924977	1.63336516821520274043e-07	0	-0.163500010967254638672	1.63336508762768062297e-07	1.13972275752689178077e-44	6.72432443514501100416e-07	6.71760016484046162583e-13
x_negative_below_default_minus_q_far	original	10	0.166666675359010696411	-0	-1.63500015520719924977	1.63336516821520274038e-06	0	-1.6350002288818359375	1.63336505920597119257e-06	1.30787873235903026111e-44	7.60141120538147293323e-06	7.59380985536801849865e-12
x_negative_below_default_minus_q_far	original	60	1.00000005215406417847	-0	-9.81000093124319549887	9.80019100929121644229e-06	0	-9.8099956512451171875	9.80018921836744993925e-06	2.2420818778265078515e-44	7.48447957215056837881e-05	7.47699515283142816047e-11
x_negative_below_default_minus_q_far	original	120	2.00000010430812835693	-0	-19.6200018624863909977	1.96003820185824328846e-05	0	-19.6199855804443359375	1.96003584278514608741e-05	3.36313300257756167843e-44	0.000219857239872469228347	2.19637384402569169059e-10
x_negative_below_default_minus_q_far	roundtrip	1	0.0166666675359010696411	-0	-0.163500015520719924977	1.63336516821520274043e-07	0	-0.163500010967254638672	1.63336508762768062297e-07	1.13972275752689178077e-44	6.72432443514501100416e-07	6.71760016484046162583e-13
x_negative_below_default_minus_q_far	roundtrip	10	0.166666675359010696411	-0	-1.63500015520719924977	1.63336516821520274038e-06	0	-1.6350002288818359375	1.63336505920597119257e-06	1.30787873235903026111e-44	7.60141120538147293323e-06	7.59380985536801849865e-12
x_negative_below_default_minus_q_far	roundtrip	60	1.00000005215406417847	-0	-9.81000093124319549887	9.80019100929121644229e-06	0	-9.8099956512451171875	9.80018921836744993925e-06	2.2420818778265078515e-44	7.48447957215056837881e-05	7.47699515283142816047e-11
x_negative_below_default_minus_q_far	roundtrip	120	2.00000010430812835693	-0	-19.6200018624863909977	1.96003820185824328846e-05	0	-19.6199855804443359375	1.96003584278514608741e-05	3.36313300257756167843e-44	0.000219857239872469228347	2.19637384402569169059e-10
x_positive_above_default_q_near	original	1	0.0166666675359010696411	0	-0.163500015520719597982	-1.63663513394405285948e-07	0	-0.163500010967254638672	-1.63663514740619575605e-07	1.13972275752689178077e-44	6.72432443514502250352e-07	6.73104867148588561214e-13
x_positive_above_default_q_near	original	10	0.166666675359010696411	0	-1.63500015520719597982	-1.63663513394405285959e-06	0	-1.6350002288818359375	-1.63663526109303347766e-06	1.30787873235903026111e-44	7.60141120538148267825e-06	7.60901251700282694164e-12
x_positive_above_default_q_near	original	60	1.00000005215406417847	0	-9.81000093124317587914	-9.81981080366431715689e-06	0	-9.8099956512451171875	-9.81981338554760441184e-06	2.2420818778265078515e-44	7.48447957215056837881e-05	7.4919639536729775757e-11
x_positive_above_default_q_near	original	120	2.00000010430812835693	0	-19.6200018624863517583	-1.96396216073286343138e-05	0	-19.6199855804443359375	-1.96396267710952088237e-05	3.36313300257756167843e-44	0.000219857239872469088004	2.20077094232157046092e-10
x_positive_above_default_q_near	roundtrip	1	0.0166666675359010696411	0	-0.163500015520719597982	-1.63663513394405285948e-07	0	-0.163500010967254638672	-1.63663514740619575605e-07	1.13972275752689178077e-44	6.72432443514502250352e-07	6.73104867148588561214e-13
x_positive_above_default_q_near	roundtrip	10	0.166666675359010696411	0	-1.63500015520719597982	-1.63663513394405285959e-06	0	-1.6350002288818359375	-1.63663526109303347766e-06	1.30787873235903026111e-44	7.60141120538148267825e-06	7.60901251700282694164e-12
x_positive_above_default_q_near	roundtrip	60	1.00000005215406417847	0	-9.81000093124317587914	-9.81981080366431715689e-06	0	-9.8099956512451171875	-9.81981338554760441184e-06	2.2420818778265078515e-44	7.48447957215056837881e-05	7.4919639536729775757e-11
x_positive_above_default_q_near	roundtrip	120	2.00000010430812835693	0	-19.6200018624863517583	-1.96396216073286343138e-05	0	-19.6199855804443359375	-1.96396267710952088237e-05	3.36313300257756167843e-44	0.000219857239872469088004	2.20077094232157046092e-10
x_positive_above_default_q_far	original	1	0.0166666675359010696411	0	-0.163500015520719597982	-1.63663513394405285948e-07	0	-0.163500010967254638672	-1.63663514740619575605e-07	1.13972275752689178077e-44	6.72432443514502250352e-07	6.73104867148588561214e-13
x_positive_above_default_q_far	original	10	0.166666675359010696411	0	-1.63500015520719597982	-1.63663513394405285959e-06	0	-1.6350002288818359375	-1.63663526109303347766e-06	1.30787873235903026111e-44	7.60141120538148267825e-06	7.60901251700282694164e-12
x_positive_above_default_q_far	original	60	1.00000005215406417847	0	-9.81000093124317587914	-9.81981080366431715689e-06	0	-9.8099956512451171875	-9.81981338554760441184e-06	2.2420818778265078515e-44	7.48447957215056837881e-05	7.4919639536729775757e-11
x_positive_above_default_q_far	original	120	2.00000010430812835693	0	-19.6200018624863517583	-1.96396216073286343138e-05	0	-19.6199855804443359375	-1.96396267710952088237e-05	3.36313300257756167843e-44	0.000219857239872469088004	2.20077094232157046092e-10
x_positive_above_default_q_far	roundtrip	1	0.0166666675359010696411	0	-0.163500015520719597982	-1.63663513394405285948e-07	0	-0.163500010967254638672	-1.63663514740619575605e-07	1.13972275752689178077e-44	6.72432443514502250352e-07	6.73104867148588561214e-13
x_positive_above_default_q_far	roundtrip	10	0.166666675359010696411	0	-1.63500015520719597982	-1.63663513394405285959e-06	0	-1.6350002288818359375	-1.63663526109303347766e-06	1.30787873235903026111e-44	7.60141120538148267825e-06	7.60901251700282694164e-12
x_positive_above_default_q_far	roundtrip	60	1.00000005215406417847	0	-9.81000093124317587914	-9.81981080366431715689e-06	0	-9.8099956512451171875	-9.81981338554760441184e-06	2.2420818778265078515e-44	7.48447957215056837881e-05	7.4919639536729775757e-11
x_positive_above_default_q_far	roundtrip	120	2.00000010430812835693	0	-19.6200018624863517583	-1.96396216073286343138e-05	0	-19.6199855804443359375	-1.96396267710952088237e-05	3.36313300257756167843e-44	0.000219857239872469088004	2.20077094232157046092e-10
x_positive_above_default_minus_q_near	original	1	0.0166666675359010696411	0	-0.163500015520719597982	-1.63663513394405285948e-07	0	-0.163500010967254638672	-1.63663514740619575605e-07	1.13972275752689178077e-44	6.72432443514502250352e-07	6.73104867148588561214e-13
x_positive_above_default_minus_q_near	original	10	0.166666675359010696411	0	-1.63500015520719597982	-1.63663513394405285959e-06	0	-1.6350002288818359375	-1.63663526109303347766e-06	1.30787873235903026111e-44	7.60141120538148267825e-06	7.60901251700282694164e-12
x_positive_above_default_minus_q_near	original	60	1.00000005215406417847	0	-9.81000093124317587914	-9.81981080366431715689e-06	0	-9.8099956512451171875	-9.81981338554760441184e-06	2.2420818778265078515e-44	7.48447957215056837881e-05	7.4919639536729775757e-11
x_positive_above_default_minus_q_near	original	120	2.00000010430812835693	0	-19.6200018624863517583	-1.96396216073286343138e-05	0	-19.6199855804443359375	-1.96396267710952088237e-05	3.36313300257756167843e-44	0.000219857239872469088004	2.20077094232157046092e-10
x_positive_above_default_minus_q_near	roundtrip	1	0.0166666675359010696411	0	-0.163500015520719597982	-1.63663513394405285948e-07	0	-0.163500010967254638672	-1.63663514740619575605e-07	1.13972275752689178077e-44	6.72432443514502250352e-07	6.73104867148588561214e-13
x_positive_above_default_minus_q_near	roundtrip	10	0.166666675359010696411	0	-1.63500015520719597982	-1.63663513394405285959e-06	0	-1.6350002288818359375	-1.63663526109303347766e-06	1.30787873235903026111e-44	7.60141120538148267825e-06	7.60901251700282694164e-12
x_positive_above_default_minus_q_near	roundtrip	60	1.00000005215406417847	0	-9.81000093124317587914	-9.81981080366431715689e-06	0	-9.8099956512451171875	-9.81981338554760441184e-06	2.2420818778265078515e-44	7.48447957215056837881e-05	7.4919639536729775757e-11
x_positive_above_default_minus_q_near	roundtrip	120	2.00000010430812835693	0	-19.6200018624863517583	-1.96396216073286343138e-05	0	-19.6199855804443359375	-1.96396267710952088237e-05	3.36313300257756167843e-44	0.000219857239872469088004	2.20077094232157046092e-10
x_positive_above_default_minus_q_far	original	1	0.0166666675359010696411	0	-0.163500015520719597982	-1.63663513394405285948e-07	0	-0.163500010967254638672	-1.63663514740619575605e-07	1.13972275752689178077e-44	6.72432443514502250352e-07	6.73104867148588561214e-13
x_positive_above_default_minus_q_far	original	10	0.166666675359010696411	0	-1.63500015520719597982	-1.63663513394405285959e-06	0	-1.6350002288818359375	-1.63663526109303347766e-06	1.30787873235903026111e-44	7.60141120538148267825e-06	7.60901251700282694164e-12
x_positive_above_default_minus_q_far	original	60	1.00000005215406417847	0	-9.81000093124317587914	-9.81981080366431715689e-06	0	-9.8099956512451171875	-9.81981338554760441184e-06	2.2420818778265078515e-44	7.48447957215056837881e-05	7.4919639536729775757e-11
x_positive_above_default_minus_q_far	original	120	2.00000010430812835693	0	-19.6200018624863517583	-1.96396216073286343138e-05	0	-19.6199855804443359375	-1.96396267710952088237e-05	3.36313300257756167843e-44	0.000219857239872469088004	2.20077094232157046092e-10
x_positive_above_default_minus_q_far	roundtrip	1	0.0166666675359010696411	0	-0.163500015520719597982	-1.63663513394405285948e-07	0	-0.163500010967254638672	-1.63663514740619575605e-07	1.13972275752689178077e-44	6.72432443514502250352e-07	6.73104867148588561214e-13
x_positive_above_default_minus_q_far	roundtrip	10	0.166666675359010696411	0	-1.63500015520719597982	-1.63663513394405285959e-06	0	-1.6350002288818359375	-1.63663526109303347766e-06	1.30787873235903026111e-44	7.60141120538148267825e-06	7.60901251700282694164e-12
x_positive_above_default_minus_q_far	roundtrip	60	1.00000005215406417847	0	-9.81000093124317587914	-9.81981080366431715689e-06	0	-9.8099956512451171875	-9.81981338554760441184e-06	2.2420818778265078515e-44	7.48447957215056837881e-05	7.4919639536729775757e-11
x_positive_above_default_minus_q_far	roundtrip	120	2.00000010430812835693	0	-19.6200018624863517583	-1.96396216073286343138e-05	0	-19.6199855804443359375	-1.96396267710952088237e-05	3.36313300257756167843e-44	0.000219857239872469088004	2.20077094232157046092e-10
x_negative_above_default_q_near	original	1	0.0166666675359010696411	-0	-0.163500015520719597982	1.63663513394405285948e-07	0	-0.163500010967254638672	1.63663514740619575605e-07	1.13972275752689178077e-44	6.72432443514502250352e-07	6.73104867148588561214e-13
x_negative_above_default_q_near	original	10	0.166666675359010696411	-0	-1.63500015520719597982	1.63663513394405285959e-06	0	-1.6350002288818359375	1.63663526109303347766e-06	1.30787873235903026111e-44	7.60141120538148267825e-06	7.60901251700282694164e-12
x_negative_above_default_q_near	original	60	1.00000005215406417847	-0	-9.81000093124317587914	9.81981080366431715689e-06	0	-9.8099956512451171875	9.81981338554760441184e-06	2.2420818778265078515e-44	7.48447957215056837881e-05	7.4919639536729775757e-11
x_negative_above_default_q_near	original	120	2.00000010430812835693	-0	-19.6200018624863517583	1.96396216073286343138e-05	0	-19.6199855804443359375	1.96396267710952088237e-05	3.36313300257756167843e-44	0.000219857239872469088004	2.20077094232157046092e-10
x_negative_above_default_q_near	roundtrip	1	0.0166666675359010696411	-0	-0.163500015520719597982	1.63663513394405285948e-07	0	-0.163500010967254638672	1.63663514740619575605e-07	1.13972275752689178077e-44	6.72432443514502250352e-07	6.73104867148588561214e-13
x_negative_above_default_q_near	roundtrip	10	0.166666675359010696411	-0	-1.63500015520719597982	1.63663513394405285959e-06	0	-1.6350002288818359375	1.63663526109303347766e-06	1.30787873235903026111e-44	7.60141120538148267825e-06	7.60901251700282694164e-12
x_negative_above_default_q_near	roundtrip	60	1.00000005215406417847	-0	-9.81000093124317587914	9.81981080366431715689e-06	0	-9.8099956512451171875	9.81981338554760441184e-06	2.2420818778265078515e-44	7.48447957215056837881e-05	7.4919639536729775757e-11
x_negative_above_default_q_near	roundtrip	120	2.00000010430812835693	-0	-19.6200018624863517583	1.96396216073286343138e-05	0	-19.6199855804443359375	1.96396267710952088237e-05	3.36313300257756167843e-44	0.000219857239872469088004	2.20077094232157046092e-10
x_negative_above_default_q_far	original	1	0.0166666675359010696411	-0	-0.163500015520719597982	1.63663513394405285948e-07	0	-0.163500010967254638672	1.63663514740619575605e-07	1.13972275752689178077e-44	6.72432443514502250352e-07	6.73104867148588561214e-13
x_negative_above_default_q_far	original	10	0.166666675359010696411	-0	-1.63500015520719597982	1.63663513394405285959e-06	0	-1.6350002288818359375	1.63663526109303347766e-06	1.30787873235903026111e-44	7.60141120538148267825e-06	7.60901251700282694164e-12
x_negative_above_default_q_far	original	60	1.00000005215406417847	-0	-9.81000093124317587914	9.81981080366431715689e-06	0	-9.8099956512451171875	9.81981338554760441184e-06	2.2420818778265078515e-44	7.48447957215056837881e-05	7.4919639536729775757e-11
x_negative_above_default_q_far	original	120	2.00000010430812835693	-0	-19.6200018624863517583	1.96396216073286343138e-05	0	-19.6199855804443359375	1.96396267710952088237e-05	3.36313300257756167843e-44	0.000219857239872469088004	2.20077094232157046092e-10
x_negative_above_default_q_far	roundtrip	1	0.0166666675359010696411	-0	-0.163500015520719597982	1.63663513394405285948e-07	0	-0.163500010967254638672	1.63663514740619575605e-07	1.13972275752689178077e-44	6.72432443514502250352e-07	6.73104867148588561214e-13
x_negative_above_default_q_far	roundtrip	10	0.166666675359010696411	-0	-1.63500015520719597982	1.63663513394405285959e-06	0	-1.6350002288818359375	1.63663526109303347766e-06	1.30787873235903026111e-44	7.60141120538148267825e-06	7.60901251700282694164e-12
x_negative_above_default_q_far	roundtrip	60	1.00000005215406417847	-0	-9.81000093124317587914	9.81981080366431715689e-06	0	-9.8099956512451171875	9.81981338554760441184e-06	2.2420818778265078515e-44	7.48447957215056837881e-05	7.4919639536729775757e-11
x_negative_above_default_q_far	roundtrip	120	2.00000010430812835693	-0	-19.6200018624863517583	1.96396216073286343138e-05	0	-19.6199855804443359375	1.96396267710952088237e-05	3.36313300257756167843e-44	0.000219857239872469088004	2.20077094232157046092e-10
x_negative_above_default_minus_q_near	original	1	0.0166666675359010696411	-0	-0.163500015520719597982	1.63663513394405285948e-07	0	-0.163500010967254638672	1.63663514740619575605e-07	1.13972275752689178077e-44	6.72432443514502250352e-07	6.73104867148588561214e-13
x_negative_above_default_minus_q_near	original	10	0.166666675359010696411	-0	-1.63500015520719597982	1.63663513394405285959e-06	0	-1.6350002288818359375	1.63663526109303347766e-06	1.30787873235903026111e-44	7.60141120538148267825e-06	7.60901251700282694164e-12
x_negative_above_default_minus_q_near	original	60	1.00000005215406417847	-0	-9.81000093124317587914	9.81981080366431715689e-06	0	-9.8099956512451171875	9.81981338554760441184e-06	2.2420818778265078515e-44	7.48447957215056837881e-05	7.4919639536729775757e-11
x_negative_above_default_minus_q_near	original	120	2.00000010430812835693	-0	-19.6200018624863517583	1.96396216073286343138e-05	0	-19.6199855804443359375	1.96396267710952088237e-05	3.36313300257756167843e-44	0.000219857239872469088004	2.20077094232157046092e-10
x_negative_above_default_minus_q_near	roundtrip	1	0.0166666675359010696411	-0	-0.163500015520719597982	1.63663513394405285948e-07	0	-0.163500010967254638672	1.63663514740619575605e-07	1.13972275752689178077e-44	6.72432443514502250352e-07	6.73104867148588561214e-13
x_negative_above_default_minus_q_near	roundtrip	10	0.166666675359010696411	-0	-1.63500015520719597982	1.63663513394405285959e-06	0	-1.6350002288818359375	1.63663526109303347766e-06	1.30787873235903026111e-44	7.60141120538148267825e-06	7.60901251700282694164e-12
x_negative_above_default_minus_q_near	roundtrip	60	1.00000005215406417847	-0	-9.81000093124317587914	9.81981080366431715689e-06	0	-9.8099956512451171875	9.81981338554760441184e-06	2.2420818778265078515e-44	7.48447957215056837881e-05	7.4919639536729775757e-11
x_negative_above_default_minus_q_near	roundtrip	120	2.00000010430812835693	-0	-19.6200018624863517583	1.96396216073286343138e-05	0	-19.6199855804443359375	1.96396267710952088237e-05	3.36313300257756167843e-44	0.000219857239872469088004	2.20077094232157046092e-10
x_negative_above_default_minus_q_far	original	1	0.0166666675359010696411	-0	-0.163500015520719597982	1.63663513394405285948e-07	0	-0.163500010967254638672	1.63663514740619575605e-07	1.13972275752689178077e-44	6.72432443514502250352e-07	6.73104867148588561214e-13
x_negative_above_default_minus_q_far	original	10	0.166666675359010696411	-0	-1.63500015520719597982	1.63663513394405285959e-06	0	-1.6350002288818359375	1.63663526109303347766e-06	1.30787873235903026111e-44	7.60141120538148267825e-06	7.60901251700282694164e-12
x_negative_above_default_minus_q_far	original	60	1.00000005215406417847	-0	-9.81000093124317587914	9.81981080366431715689e-06	0	-9.8099956512451171875	9.81981338554760441184e-06	2.2420818778265078515e-44	7.48447957215056837881e-05	7.4919639536729775757e-11
x_negative_above_default_minus_q_far	original	120	2.00000010430812835693	-0	-19.6200018624863517583	1.96396216073286343138e-05	0	-19.6199855804443359375	1.96396267710952088237e-05	3.36313300257756167843e-44	0.000219857239872469088004	2.20077094232157046092e-10
x_negative_above_default_minus_q_far	roundtrip	1	0.0166666675359010696411	-0	-0.163500015520719597982	1.63663513394405285948e-07	0	-0.163500010967254638672	1.63663514740619575605e-07	1.13972275752689178077e-44	6.72432443514502250352e-07	6.73104867148588561214e-13
x_negative_above_default_minus_q_far	roundtrip	10	0.166666675359010696411	-0	-1.63500015520719597982	1.63663513394405285959e-06	0	-1.6350002288818359375	1.63663526109303347766e-06	1.30787873235903026111e-44	7.60141120538148267825e-06	7.60901251700282694164e-12
x_negative_above_default_minus_q_far	roundtrip	60	1.00000005215406417847	-0	-9.81000093124317587914	9.81981080366431715689e-06	0	-9.8099956512451171875	9.81981338554760441184e-06	2.2420818778265078515e-44	7.48447957215056837881e-05	7.4919639536729775757e-11
x_negative_above_default_minus_q_far	roundtrip	120	2.00000010430812835693	-0	-19.6200018624863517583	1.96396216073286343138e-05	0	-19.6199855804443359375	1.96396267710952088237e-05	3.36313300257756167843e-44	0.000219857239872469088004	2.20077094232157046092e-10
x_positive_double_default_q_near	original	1	0.0166666675359010696411	0	-0.163500015520474511533	-3.2700003021568031022e-07	0	-0.163500010967254638672	-3.27000037714242353104e-07	1.13972275752689178077e-44	6.72432443515364143341e-07	1.34486488363162607604e-12
x_positive_double_default_q_near	original	10	0.166666675359010696411	0	-1.63500015520474511533	-3.27000030215680310199e-06	0	-1.6350002288818359375	-3.26999997923849150538e-06	1.30787873235903026111e-44	7.60141120538878686586e-06	1.52028223723594433347e-11
x_positive_double_default_q_near	original	60	1.00000005215406417847	0	-9.81000093122847069242	-1.96200018129408186128e-05	0	-9.8099956512451171875	-1.96199925994733348489e-05	2.2420818778265078515e-44	7.48447957215056839998e-05	1.49689591064931790294e-10
x_positive_double_default_q_near	original	120	2.00000010430812835693	0	-19.6200018624569413848	-3.92400036258816372255e-05	0	-19.6199855804443359375	-3.92399779229890555143e-05	3.36313300257756167843e-44	0.000219857239872363907979	4.39714478634396429603e-10
x_positive_double_default_q_near	roundtrip	1	0.0166666675359010696411	0	-0.163500015520474511533	-3.2700003021568031022e-07	0	-0.163500010967254638672	-3.27000037714242353104e-07	1.13972275752689178077e-44	6.72432443515364143341e-07	1.34486488363162607604e-12
x_positive_double_default_q_near	roundtrip	10	0.166666675359010696411	0	-1.63500015520474511533	-3.27000030215680310199e-06	0	-1.6350002288818359375	-3.26999997923849150538e-06	1.30787873235903026111e-44	7.60141120538878686586e-06	1.52028223723594433347e-11
x_positive_double_default_q_near	roundtrip	60	1.00000005215406417847	0	-9.81000093122847069242	-1.96200018129408186128e-05	0	-9.8099956512451171875	-1.96199925994733348489e-05	2.2420818778265078515e-44	7.48447957215056839998e-05	1.49689591064931790294e-10
x_positive_double_default_q_near	roundtrip	120	2.00000010430812835693	0	-19.6200018624569413848	-3.92400036258816372255e-05	0	-19.6199855804443359375	-3.92399779229890555143e-05	3.36313300257756167843e-44	0.000219857239872363907979	4.39714478634396429603e-10
x_positive_double_default_q_far	original	1	0.0166666675359010696411	0	-0.163500015520474511533	-3.2700003021568031022e-07	0	-0.163500010967254638672	-3.27000037714242353104e-07	1.13972275752689178077e-44	6.72432443515364143341e-07	1.34486488363162607604e-12
x_positive_double_default_q_far	original	10	0.166666675359010696411	0	-1.63500015520474511533	-3.27000030215680310199e-06	0	-1.6350002288818359375	-3.26999997923849150538e-06	1.30787873235903026111e-44	7.60141120538878686586e-06	1.52028223723594433347e-11
x_positive_double_default_q_far	original	60	1.00000005215406417847	0	-9.81000093122847069242	-1.96200018129408186128e-05	0	-9.8099956512451171875	-1.96199925994733348489e-05	2.2420818778265078515e-44	7.48447957215056839998e-05	1.49689591064931790294e-10
x_positive_double_default_q_far	original	120	2.00000010430812835693	0	-19.6200018624569413848	-3.92400036258816372255e-05	0	-19.6199855804443359375	-3.92399779229890555143e-05	3.36313300257756167843e-44	0.000219857239872363907979	4.39714478634396429603e-10
x_positive_double_default_q_far	roundtrip	1	0.0166666675359010696411	0	-0.163500015520474511533	-3.2700003021568031022e-07	0	-0.163500010967254638672	-3.27000037714242353104e-07	1.13972275752689178077e-44	6.72432443515364143341e-07	1.34486488363162607604e-12
x_positive_double_default_q_far	roundtrip	10	0.166666675359010696411	0	-1.63500015520474511533	-3.27000030215680310199e-06	0	-1.6350002288818359375	-3.26999997923849150538e-06	1.30787873235903026111e-44	7.60141120538878686586e-06	1.52028223723594433347e-11
x_positive_double_default_q_far	roundtrip	60	1.00000005215406417847	0	-9.81000093122847069242	-1.96200018129408186128e-05	0	-9.8099956512451171875	-1.96199925994733348489e-05	2.2420818778265078515e-44	7.48447957215056839998e-05	1.49689591064931790294e-10
x_positive_double_default_q_far	roundtrip	120	2.00000010430812835693	0	-19.6200018624569413848	-3.92400036258816372255e-05	0	-19.6199855804443359375	-3.92399779229890555143e-05	3.36313300257756167843e-44	0.000219857239872363907979	4.39714478634396429603e-10
x_positive_double_default_minus_q_near	original	1	0.0166666675359010696411	0	-0.163500015520474511533	-3.2700003021568031022e-07	0	-0.163500010967254638672	-3.27000037714242353104e-07	1.13972275752689178077e-44	6.72432443515364143341e-07	1.34486488363162607604e-12
x_positive_double_default_minus_q_near	original	10	0.166666675359010696411	0	-1.63500015520474511533	-3.27000030215680310199e-06	0	-1.6350002288818359375	-3.26999997923849150538e-06	1.30787873235903026111e-44	7.60141120538878686586e-06	1.52028223723594433347e-11
x_positive_double_default_minus_q_near	original	60	1.00000005215406417847	0	-9.81000093122847069242	-1.96200018129408186128e-05	0	-9.8099956512451171875	-1.96199925994733348489e-05	2.2420818778265078515e-44	7.48447957215056839998e-05	1.49689591064931790294e-10
x_positive_double_default_minus_q_near	original	120	2.00000010430812835693	0	-19.6200018624569413848	-3.92400036258816372255e-05	0	-19.6199855804443359375	-3.92399779229890555143e-05	3.36313300257756167843e-44	0.000219857239872363907979	4.39714478634396429603e-10
x_positive_double_default_minus_q_near	roundtrip	1	0.0166666675359010696411	0	-0.163500015520474511533	-3.2700003021568031022e-07	0	-0.163500010967254638672	-3.27000037714242353104e-07	1.13972275752689178077e-44	6.72432443515364143341e-07	1.34486488363162607604e-12
x_positive_double_default_minus_q_near	roundtrip	10	0.166666675359010696411	0	-1.63500015520474511533	-3.27000030215680310199e-06	0	-1.6350002288818359375	-3.26999997923849150538e-06	1.30787873235903026111e-44	7.60141120538878686586e-06	1.52028223723594433347e-11
x_positive_double_default_minus_q_near	roundtrip	60	1.00000005215406417847	0	-9.81000093122847069242	-1.96200018129408186128e-05	0	-9.8099956512451171875	-1.96199925994733348489e-05	2.2420818778265078515e-44	7.48447957215056839998e-05	1.49689591064931790294e-10
x_positive_double_default_minus_q_near	roundtrip	120	2.00000010430812835693	0	-19.6200018624569413848	-3.92400036258816372255e-05	0	-19.6199855804443359375	-3.92399779229890555143e-05	3.36313300257756167843e-44	0.000219857239872363907979	4.39714478634396429603e-10
x_positive_double_default_minus_q_far	original	1	0.0166666675359010696411	0	-0.163500015520474511533	-3.2700003021568031022e-07	0	-0.163500010967254638672	-3.27000037714242353104e-07	1.13972275752689178077e-44	6.72432443515364143341e-07	1.34486488363162607604e-12
x_positive_double_default_minus_q_far	original	10	0.166666675359010696411	0	-1.63500015520474511533	-3.27000030215680310199e-06	0	-1.6350002288818359375	-3.26999997923849150538e-06	1.30787873235903026111e-44	7.60141120538878686586e-06	1.52028223723594433347e-11
x_positive_double_default_minus_q_far	original	60	1.00000005215406417847	0	-9.81000093122847069242	-1.96200018129408186128e-05	0	-9.8099956512451171875	-1.96199925994733348489e-05	2.2420818778265078515e-44	7.48447957215056839998e-05	1.49689591064931790294e-10
x_positive_double_default_minus_q_far	original	120	2.00000010430812835693	0	-19.6200018624569413848	-3.92400036258816372255e-05	0	-19.6199855804443359375	-3.92399779229890555143e-05	3.36313300257756167843e-44	0.000219857239872363907979	4.39714478634396429603e-10
x_positive_double_default_minus_q_far	roundtrip	1	0.0166666675359010696411	0	-0.163500015520474511533	-3.2700003021568031022e-07	0	-0.163500010967254638672	-3.27000037714242353104e-07	1.13972275752689178077e-44	6.72432443515364143341e-07	1.34486488363162607604e-12
x_positive_double_default_minus_q_far	roundtrip	10	0.166666675359010696411	0	-1.63500015520474511533	-3.27000030215680310199e-06	0	-1.6350002288818359375	-3.26999997923849150538e-06	1.30787873235903026111e-44	7.60141120538878686586e-06	1.52028223723594433347e-11
x_positive_double_default_minus_q_far	roundtrip	60	1.00000005215406417847	0	-9.81000093122847069242	-1.96200018129408186128e-05	0	-9.8099956512451171875	-1.96199925994733348489e-05	2.2420818778265078515e-44	7.48447957215056839998e-05	1.49689591064931790294e-10
x_positive_double_default_minus_q_far	roundtrip	120	2.00000010430812835693	0	-19.6200018624569413848	-3.92400036258816372255e-05	0	-19.6199855804443359375	-3.92399779229890555143e-05	3.36313300257756167843e-44	0.000219857239872363907979	4.39714478634396429603e-10
x_negative_double_default_q_near	original	1	0.0166666675359010696411	-0	-0.163500015520474511533	3.2700003021568031022e-07	0	-0.163500010967254638672	3.27000037714242353104e-07	1.13972275752689178077e-44	6.72432443515364143341e-07	1.34486488363162607604e-12
x_negative_double_default_q_near	original	10	0.166666675359010696411	-0	-1.63500015520474511533	3.27000030215680310199e-06	0	-1.6350002288818359375	3.26999997923849150538e-06	1.30787873235903026111e-44	7.60141120538878686586e-06	1.52028223723594433347e-11
x_negative_double_default_q_near	original	60	1.00000005215406417847	-0	-9.81000093122847069242	1.96200018129408186128e-05	0	-9.8099956512451171875	1.96199925994733348489e-05	2.2420818778265078515e-44	7.48447957215056839998e-05	1.49689591064931790294e-10
x_negative_double_default_q_near	original	120	2.00000010430812835693	-0	-19.6200018624569413848	3.92400036258816372255e-05	0	-19.6199855804443359375	3.92399779229890555143e-05	3.36313300257756167843e-44	0.000219857239872363907979	4.39714478634396429603e-10
x_negative_double_default_q_near	roundtrip	1	0.0166666675359010696411	-0	-0.163500015520474511533	3.2700003021568031022e-07	0	-0.163500010967254638672	3.27000037714242353104e-07	1.13972275752689178077e-44	6.72432443515364143341e-07	1.34486488363162607604e-12
x_negative_double_default_q_near	roundtrip	10	0.166666675359010696411	-0	-1.63500015520474511533	3.27000030215680310199e-06	0	-1.6350002288818359375	3.26999997923849150538e-06	1.30787873235903026111e-44	7.60141120538878686586e-06	1.52028223723594433347e-11
x_negative_double_default_q_near	roundtrip	60	1.00000005215406417847	-0	-9.81000093122847069242	1.96200018129408186128e-05	0	-9.8099956512451171875	1.96199925994733348489e-05	2.2420818778265078515e-44	7.48447957215056839998e-05	1.49689591064931790294e-10
x_negative_double_default_q_near	roundtrip	120	2.00000010430812835693	-0	-19.6200018624569413848	3.92400036258816372255e-05	0	-19.6199855804443359375	3.92399779229890555143e-05	3.36313300257756167843e-44	0.000219857239872363907979	4.39714478634396429603e-10
x_negative_double_default_q_far	original	1	0.0166666675359010696411	-0	-0.163500015520474511533	3.2700003021568031022e-07	0	-0.163500010967254638672	3.27000037714242353104e-07	1.13972275752689178077e-44	6.72432443515364143341e-07	1.34486488363162607604e-12
x_negative_double_default_q_far	original	10	0.166666675359010696411	-0	-1.63500015520474511533	3.27000030215680310199e-06	0	-1.6350002288818359375	3.26999997923849150538e-06	1.30787873235903026111e-44	7.60141120538878686586e-06	1.52028223723594433347e-11
x_negative_double_default_q_far	original	60	1.00000005215406417847	-0	-9.81000093122847069242	1.96200018129408186128e-05	0	-9.8099956512451171875	1.96199925994733348489e-05	2.2420818778265078515e-44	7.48447957215056839998e-05	1.49689591064931790294e-10
x_negative_double_default_q_far	original	120	2.00000010430812835693	-0	-19.6200018624569413848	3.92400036258816372255e-05	0	-19.6199855804443359375	3.92399779229890555143e-05	3.36313300257756167843e-44	0.000219857239872363907979	4.39714478634396429603e-10
x_negative_double_default_q_far	roundtrip	1	0.0166666675359010696411	-0	-0.163500015520474511533	3.2700003021568031022e-07	0	-0.163500010967254638672	3.27000037714242353104e-07	1.13972275752689178077e-44	6.72432443515364143341e-07	1.34486488363162607604e-12
x_negative_double_default_q_far	roundtrip	10	0.166666675359010696411	-0	-1.63500015520474511533	3.27000030215680310199e-06	0	-1.6350002288818359375	3.26999997923849150538e-06	1.30787873235903026111e-44	7.60141120538878686586e-06	1.52028223723594433347e-11
x_negative_double_default_q_far	roundtrip	60	1.00000005215406417847	-0	-9.81000093122847069242	1.96200018129408186128e-05	0	-9.8099956512451171875	1.96199925994733348489e-05	2.2420818778265078515e-44	7.48447957215056839998e-05	1.49689591064931790294e-10
x_negative_double_default_q_far	roundtrip	120	2.00000010430812835693	-0	-19.6200018624569413848	3.92400036258816372255e-05	0	-19.6199855804443359375	3.92399779229890555143e-05	3.36313300257756167843e-44	0.000219857239872363907979	4.39714478634396429603e-10
x_negative_double_default_minus_q_near	original	1	0.0166666675359010696411	-0	-0.163500015520474511533	3.2700003021568031022e-07	0	-0.163500010967254638672	3.27000037714242353104e-07	1.13972275752689178077e-44	6.72432443515364143341e-07	1.34486488363162607604e-12
x_negative_double_default_minus_q_near	original	10	0.166666675359010696411	-0	-1.63500015520474511533	3.27000030215680310199e-06	0	-1.6350002288818359375	3.26999997923849150538e-06	1.30787873235903026111e-44	7.60141120538878686586e-06	1.52028223723594433347e-11
x_negative_double_default_minus_q_near	original	60	1.00000005215406417847	-0	-9.81000093122847069242	1.96200018129408186128e-05	0	-9.8099956512451171875	1.96199925994733348489e-05	2.2420818778265078515e-44	7.48447957215056839998e-05	1.49689591064931790294e-10
x_negative_double_default_minus_q_near	original	120	2.00000010430812835693	-0	-19.6200018624569413848	3.92400036258816372255e-05	0	-19.6199855804443359375	3.92399779229890555143e-05	3.36313300257756167843e-44	0.000219857239872363907979	4.39714478634396429603e-10
x_negative_double_default_minus_q_near	roundtrip	1	0.0166666675359010696411	-0	-0.163500015520474511533	3.2700003021568031022e-07	0	-0.163500010967254638672	3.27000037714242353104e-07	1.13972275752689178077e-44	6.72432443515364143341e-07	1.34486488363162607604e-12
x_negative_double_default_minus_q_near	roundtrip	10	0.166666675359010696411	-0	-1.63500015520474511533	3.27000030215680310199e-06	0	-1.6350002288818359375	3.26999997923849150538e-06	1.30787873235903026111e-44	7.60141120538878686586e-06	1.52028223723594433347e-11
x_negative_double_default_minus_q_near	roundtrip	60	1.00000005215406417847	-0	-9.81000093122847069242	1.96200018129408186128e-05	0	-9.8099956512451171875	1.96199925994733348489e-05	2.2420818778265078515e-44	7.48447957215056839998e-05	1.49689591064931790294e-10
x_negative_double_default_minus_q_near	roundtrip	120	2.00000010430812835693	-0	-19.6200018624569413848	3.92400036258816372255e-05	0	-19.6199855804443359375	3.92399779229890555143e-05	3.36313300257756167843e-44	0.000219857239872363907979	4.39714478634396429603e-10
x_negative_double_default_minus_q_far	original	1	0.0166666675359010696411	-0	-0.163500015520474511533	3.2700003021568031022e-07	0	-0.163500010967254638672	3.27000037714242353104e-07	1.13972275752689178077e-44	6.72432443515364143341e-07	1.34486488363162607604e-12
x_negative_double_default_minus_q_far	original	10	0.166666675359010696411	-0	-1.63500015520474511533	3.27000030215680310199e-06	0	-1.6350002288818359375	3.26999997923849150538e-06	1.30787873235903026111e-44	7.60141120538878686586e-06	1.52028223723594433347e-11
x_negative_double_default_minus_q_far	original	60	1.00000005215406417847	-0	-9.81000093122847069242	1.96200018129408186128e-05	0	-9.8099956512451171875	1.96199925994733348489e-05	2.2420818778265078515e-44	7.48447957215056839998e-05	1.49689591064931790294e-10
x_negative_double_default_minus_q_far	original	120	2.00000010430812835693	-0	-19.6200018624569413848	3.92400036258816372255e-05	0	-19.6199855804443359375	3.92399779229890555143e-05	3.36313300257756167843e-44	0.000219857239872363907979	4.39714478634396429603e-10
x_negative_double_default_minus_q_far	roundtrip	1	0.0166666675359010696411	-0	-0.163500015520474511533	3.2700003021568031022e-07	0	-0.163500010967254638672	3.27000037714242353104e-07	1.13972275752689178077e-44	6.72432443515364143341e-07	1.34486488363162607604e-12
x_negative_double_default_minus_q_far	roundtrip	10	0.166666675359010696411	-0	-1.63500015520474511533	3.27000030215680310199e-06	0	-1.6350002288818359375	3.26999997923849150538e-06	1.30787873235903026111e-44	7.60141120538878686586e-06	1.52028223723594433347e-11
x_negative_double_default_minus_q_far	roundtrip	60	1.00000005215406417847	-0	-9.81000093122847069242	1.96200018129408186128e-05	0	-9.8099956512451171875	1.96199925994733348489e-05	2.2420818778265078515e-44	7.48447957215056839998e-05	1.49689591064931790294e-10
x_negative_double_default_minus_q_far	roundtrip	120	2.00000010430812835693	-0	-19.6200018624569413848	3.92400036258816372255e-05	0	-19.6199855804443359375	3.92399779229890555143e-05	3.36313300257756167843e-44	0.000219857239872363907979	4.39714478634396429603e-10
z_positive_half_previous_q_near	original	1	0.0166666675359010696411	8.17499996067103537114e-08	-0.163499999626208305004	-0	8.1749995217705873074e-08	-0.163499996066093444824	0	3.36216188223128865044e-13	6.72432378144100179587e-07	1.13972275752689178077e-44
z_positive_half_previous_q_near	original	10	0.166666675359010696411	8.1749999606710353714e-07	-1.63499999626208304996	-0	8.17499937966204015538e-07	-1.63499987125396728516	0	3.80070522360971825482e-12	7.60141046641223719156e-06	1.30787873235903026111e-44
z_positive_half_previous_q_near	original	60	1.00000005215406417847	4.90499997640262122284e-06	-9.80999997757249829998	-0	4.90499814986833371222e-06	-9.80999469757080078125	0	3.74223941282682266372e-11	7.48447884455060564991e-05	2.2420818778265078515e-44
z_positive_half_previous_q_near	original	120	2.00000010430812835693	9.80999995280524244568e-06	-19.6199999551449966	-0	9.80999448074726387858e-06	-19.6199855804443359375	0	1.09928608972046026625e-10	0.000219857218499183139104	3.36313300257756167843e-44
z_positive_half_previous_q_near	roundtrip	1	0.0166666675359010696411	8.17499996067103537114e-08	-0.163499999626208305004	-0	8.1749995217705873074e-08	-0.163499996066093444824	0	3.36216188223128865044e-13	6.72432378144100179587e-07	1.13972275752689178077e-44
z_positive_half_previous_q_near	roundtrip	10	0.166666675359010696411	8.1749999606710353714e-07	-1.63499999626208304996	-0	8.17499937966204015538e-07	-1.63499987125396728516	0	3.80070522360971825482e-12	7.60141046641223719156e-06	1.30787873235903026111e-44
z_positive_half_previous_q_near	roundtrip	60	1.00000005215406417847	4.90499997640262122284e-06	-9.80999997757249829998	-0	4.90499814986833371222e-06	-9.80999469757080078125	0	3.74223941282682266372e-11	7.48447884455060564991e-05	2.2420818778265078515e-44
z_positive_half_previous_q_near	roundtrip	120	2.00000010430812835693	9.80999995280524244568e-06	-19.6199999551449966	-0	9.80999448074726387858e-06	-19.6199855804443359375	0	1.09928608972046026625e-10	0.000219857218499183139104	3.36313300257756167843e-44
z_positive_half_previous_q_far	original	1	0.0166666675359010696411	8.17499996067103537114e-08	-0.163499999626208305004	-0	8.1749995217705873074e-08	-0.163499996066093444824	0	3.36216188223128865044e-13	6.72432378144100179587e-07	1.13972275752689178077e-44
z_positive_half_previous_q_far	original	10	0.166666675359010696411	8.1749999606710353714e-07	-1.63499999626208304996	-0	8.17499937966204015538e-07	-1.63499987125396728516	0	3.80070522360971825482e-12	7.60141046641223719156e-06	1.30787873235903026111e-44
z_positive_half_previous_q_far	original	60	1.00000005215406417847	4.90499997640262122284e-06	-9.80999997757249829998	-0	4.90499814986833371222e-06	-9.80999469757080078125	0	3.74223941282682266372e-11	7.48447884455060564991e-05	2.2420818778265078515e-44
z_positive_half_previous_q_far	original	120	2.00000010430812835693	9.80999995280524244568e-06	-19.6199999551449966	-0	9.80999448074726387858e-06	-19.6199855804443359375	0	1.09928608972046026625e-10	0.000219857218499183139104	3.36313300257756167843e-44
z_positive_half_previous_q_far	roundtrip	1	0.0166666675359010696411	8.17499996067103537114e-08	-0.163499999626208305004	-0	8.1749995217705873074e-08	-0.163499996066093444824	0	3.36216188223128865044e-13	6.72432378144100179587e-07	1.13972275752689178077e-44
z_positive_half_previous_q_far	roundtrip	10	0.166666675359010696411	8.1749999606710353714e-07	-1.63499999626208304996	-0	8.17499937966204015538e-07	-1.63499987125396728516	0	3.80070522360971825482e-12	7.60141046641223719156e-06	1.30787873235903026111e-44
z_positive_half_previous_q_far	roundtrip	60	1.00000005215406417847	4.90499997640262122284e-06	-9.80999997757249829998	-0	4.90499814986833371222e-06	-9.80999469757080078125	0	3.74223941282682266372e-11	7.48447884455060564991e-05	2.2420818778265078515e-44
z_positive_half_previous_q_far	roundtrip	120	2.00000010430812835693	9.80999995280524244568e-06	-19.6199999551449966	-0	9.80999448074726387858e-06	-19.6199855804443359375	0	1.09928608972046026625e-10	0.000219857218499183139104	3.36313300257756167843e-44
z_positive_half_previous_minus_q_near	original	1	0.0166666675359010696411	8.17499996067103537114e-08	-0.163499999626208305004	-0	8.1749995217705873074e-08	-0.163499996066093444824	0	3.36216188223128865044e-13	6.72432378144100179587e-07	1.13972275752689178077e-44
z_positive_half_previous_minus_q_near	original	10	0.166666675359010696411	8.1749999606710353714e-07	-1.63499999626208304996	-0	8.17499937966204015538e-07	-1.63499987125396728516	0	3.80070522360971825482e-12	7.60141046641223719156e-06	1.30787873235903026111e-44
z_positive_half_previous_minus_q_near	original	60	1.00000005215406417847	4.90499997640262122284e-06	-9.80999997757249829998	-0	4.90499814986833371222e-06	-9.80999469757080078125	0	3.74223941282682266372e-11	7.48447884455060564991e-05	2.2420818778265078515e-44
z_positive_half_previous_minus_q_near	original	120	2.00000010430812835693	9.80999995280524244568e-06	-19.6199999551449966	-0	9.80999448074726387858e-06	-19.6199855804443359375	0	1.09928608972046026625e-10	0.000219857218499183139104	3.36313300257756167843e-44
z_positive_half_previous_minus_q_near	roundtrip	1	0.0166666675359010696411	8.17499996067103537114e-08	-0.163499999626208305004	-0	8.1749995217705873074e-08	-0.163499996066093444824	0	3.36216188223128865044e-13	6.72432378144100179587e-07	1.13972275752689178077e-44
z_positive_half_previous_minus_q_near	roundtrip	10	0.166666675359010696411	8.1749999606710353714e-07	-1.63499999626208304996	-0	8.17499937966204015538e-07	-1.63499987125396728516	0	3.80070522360971825482e-12	7.60141046641223719156e-06	1.30787873235903026111e-44
z_positive_half_previous_minus_q_near	roundtrip	60	1.00000005215406417847	4.90499997640262122284e-06	-9.80999997757249829998	-0	4.90499814986833371222e-06	-9.80999469757080078125	0	3.74223941282682266372e-11	7.48447884455060564991e-05	2.2420818778265078515e-44
z_positive_half_previous_minus_q_near	roundtrip	120	2.00000010430812835693	9.80999995280524244568e-06	-19.6199999551449966	-0	9.80999448074726387858e-06	-19.6199855804443359375	0	1.09928608972046026625e-10	0.000219857218499183139104	3.36313300257756167843e-44
z_positive_half_previous_minus_q_far	original	1	0.0166666675359010696411	8.17499996067103537114e-08	-0.163499999626208305004	-0	8.1749995217705873074e-08	-0.163499996066093444824	0	3.36216188223128865044e-13	6.72432378144100179587e-07	1.13972275752689178077e-44
z_positive_half_previous_minus_q_far	original	10	0.166666675359010696411	8.1749999606710353714e-07	-1.63499999626208304996	-0	8.17499937966204015538e-07	-1.63499987125396728516	0	3.80070522360971825482e-12	7.60141046641223719156e-06	1.30787873235903026111e-44
z_positive_half_previous_minus_q_far	original	60	1.00000005215406417847	4.90499997640262122284e-06	-9.80999997757249829998	-0	4.90499814986833371222e-06	-9.80999469757080078125	0	3.74223941282682266372e-11	7.48447884455060564991e-05	2.2420818778265078515e-44
z_positive_half_previous_minus_q_far	original	120	2.00000010430812835693	9.80999995280524244568e-06	-19.6199999551449966	-0	9.80999448074726387858e-06	-19.6199855804443359375	0	1.09928608972046026625e-10	0.000219857218499183139104	3.36313300257756167843e-44
z_positive_half_previous_minus_q_far	roundtrip	1	0.0166666675359010696411	8.17499996067103537114e-08	-0.163499999626208305004	-0	8.1749995217705873074e-08	-0.163499996066093444824	0	3.36216188223128865044e-13	6.72432378144100179587e-07	1.13972275752689178077e-44
z_positive_half_previous_minus_q_far	roundtrip	10	0.166666675359010696411	8.1749999606710353714e-07	-1.63499999626208304996	-0	8.17499937966204015538e-07	-1.63499987125396728516	0	3.80070522360971825482e-12	7.60141046641223719156e-06	1.30787873235903026111e-44
z_positive_half_previous_minus_q_far	roundtrip	60	1.00000005215406417847	4.90499997640262122284e-06	-9.80999997757249829998	-0	4.90499814986833371222e-06	-9.80999469757080078125	0	3.74223941282682266372e-11	7.48447884455060564991e-05	2.2420818778265078515e-44
z_positive_half_previous_minus_q_far	roundtrip	120	2.00000010430812835693	9.80999995280524244568e-06	-19.6199999551449966	-0	9.80999448074726387858e-06	-19.6199855804443359375	0	1.09928608972046026625e-10	0.000219857218499183139104	3.36313300257756167843e-44
z_positive_half_next_q_near	original	1	0.0166666675359010696411	8.17500155012830826512e-08	-0.163500031415353843146	-0	8.1750016533987945877e-08	-0.16350002586841583252	0	3.36216253593314578422e-13	6.72432508884471936492e-07	1.13972275752689178077e-44
z_positive_half_next_q_near	original	10	0.166666675359010696411	8.17500155012830826525e-07	-1.63500031415353843137	-0	8.17500222183298319578e-07	-1.63500034809112548828	0	3.80070596257712973543e-12	7.60141194434706388469e-06	1.30787873235903026111e-44
z_positive_half_next_q_near	original	60	1.00000005215406417847	4.90500093007698495925e-06	-9.81000188492123058846	-0	4.90499860461568459868e-06	-9.8099956512451171875	0	3.74224014042678354974e-11	7.48448029975053109645e-05	2.2420818778265078515e-44
z_positive_half_next_q_near	original	120	2.00000010430812835693	9.8100018601539699185e-06	-19.6200037698424611769	-0	9.80999448074726387858e-06	-19.6199855804443359375	0	1.09928630345358304335e-10	0.000219857261245807802452	3.36313300257756167843e-44
z_positive_half_next_q_near	roundtrip	1	0.0166666675359010696411	8.17500155012830826512e-08	-0.163500031415353843146	-0	8.1750016533987945877e-08	-0.16350002586841583252	0	3.36216253593314578422e-13	6.72432508884471936492e-07	1.13972275752689178077e-44
z_positive_half_next_q_near	roundtrip	10	0.166666675359010696411	8.17500155012830826525e-07	-1.63500031415353843137	-0	8.17500222183298319578e-07	-1.63500034809112548828	0	3.80070596257712973543e-12	7.60141194434706388469e-06	1.30787873235903026111e-44
z_positive_half_next_q_near	roundtrip	60	1.00000005215406417847	4.90500093007698495925e-06	-9.81000188492123058846	-0	4.90499860461568459868e-06	-9.8099956512451171875	0	3.74224014042678354974e-11	7.48448029975053109645e-05	2.2420818778265078515e-44
z_positive_half_next_q_near	roundtrip	120	2.00000010430812835693	9.8100018601539699185e-06	-19.6200037698424611769	-0	9.80999448074726387858e-06	-19.6199855804443359375	0	1.09928630345358304335e-10	0.000219857261245807802452	3.36313300257756167843e-44
z_positive_half_next_q_far	original	1	0.0166666675359010696411	8.17500155012830826512e-08	-0.163500031415353843146	-0	8.1750016533987945877e-08	-0.16350002586841583252	0	3.36216253593314578422e-13	6.72432508884471936492e-07	1.13972275752689178077e-44
z_positive_half_next_q_far	original	10	0.166666675359010696411	8.17500155012830826525e-07	-1.63500031415353843137	-0	8.17500222183298319578e-07	-1.63500034809112548828	0	3.80070596257712973543e-12	7.60141194434706388469e-06	1.30787873235903026111e-44
z_positive_half_next_q_far	original	60	1.00000005215406417847	4.90500093007698495925e-06	-9.81000188492123058846	-0	4.90499860461568459868e-06	-9.8099956512451171875	0	3.74224014042678354974e-11	7.48448029975053109645e-05	2.2420818778265078515e-44
z_positive_half_next_q_far	original	120	2.00000010430812835693	9.8100018601539699185e-06	-19.6200037698424611769	-0	9.80999448074726387858e-06	-19.6199855804443359375	0	1.09928630345358304335e-10	0.000219857261245807802452	3.36313300257756167843e-44
z_positive_half_next_q_far	roundtrip	1	0.0166666675359010696411	8.17500155012830826512e-08	-0.163500031415353843146	-0	8.1750016533987945877e-08	-0.16350002586841583252	0	3.36216253593314578422e-13	6.72432508884471936492e-07	1.13972275752689178077e-44
z_positive_half_next_q_far	roundtrip	10	0.166666675359010696411	8.17500155012830826525e-07	-1.63500031415353843137	-0	8.17500222183298319578e-07	-1.63500034809112548828	0	3.80070596257712973543e-12	7.60141194434706388469e-06	1.30787873235903026111e-44
z_positive_half_next_q_far	roundtrip	60	1.00000005215406417847	4.90500093007698495925e-06	-9.81000188492123058846	-0	4.90499860461568459868e-06	-9.8099956512451171875	0	3.74224014042678354974e-11	7.48448029975053109645e-05	2.2420818778265078515e-44
z_positive_half_next_q_far	roundtrip	120	2.00000010430812835693	9.8100018601539699185e-06	-19.6200037698424611769	-0	9.80999448074726387858e-06	-19.6199855804443359375	0	1.09928630345358304335e-10	0.000219857261245807802452	3.36313300257756167843e-44
z_positive_half_next_minus_q_near	original	1	0.0166666675359010696411	8.17500155012830826512e-08	-0.163500031415353843146	-0	8.1750016533987945877e-08	-0.16350002586841583252	0	3.36216253593314578422e-13	6.72432508884471936492e-07	1.13972275752689178077e-44
z_positive_half_next_minus_q_near	original	10	0.166666675359010696411	8.17500155012830826525e-07	-1.63500031415353843137	-0	8.17500222183298319578e-07	-1.63500034809112548828	0	3.80070596257712973543e-12	7.60141194434706388469e-06	1.30787873235903026111e-44
z_positive_half_next_minus_q_near	original	60	1.00000005215406417847	4.90500093007698495925e-06	-9.81000188492123058846	-0	4.90499860461568459868e-06	-9.8099956512451171875	0	3.74224014042678354974e-11	7.48448029975053109645e-05	2.2420818778265078515e-44
z_positive_half_next_minus_q_near	original	120	2.00000010430812835693	9.8100018601539699185e-06	-19.6200037698424611769	-0	9.80999448074726387858e-06	-19.6199855804443359375	0	1.09928630345358304335e-10	0.000219857261245807802452	3.36313300257756167843e-44
z_positive_half_next_minus_q_near	roundtrip	1	0.0166666675359010696411	8.17500155012830826512e-08	-0.163500031415353843146	-0	8.1750016533987945877e-08	-0.16350002586841583252	0	3.36216253593314578422e-13	6.72432508884471936492e-07	1.13972275752689178077e-44
z_positive_half_next_minus_q_near	roundtrip	10	0.166666675359010696411	8.17500155012830826525e-07	-1.63500031415353843137	-0	8.17500222183298319578e-07	-1.63500034809112548828	0	3.80070596257712973543e-12	7.60141194434706388469e-06	1.30787873235903026111e-44
z_positive_half_next_minus_q_near	roundtrip	60	1.00000005215406417847	4.90500093007698495925e-06	-9.81000188492123058846	-0	4.90499860461568459868e-06	-9.8099956512451171875	0	3.74224014042678354974e-11	7.48448029975053109645e-05	2.2420818778265078515e-44
z_positive_half_next_minus_q_near	roundtrip	120	2.00000010430812835693	9.8100018601539699185e-06	-19.6200037698424611769	-0	9.80999448074726387858e-06	-19.6199855804443359375	0	1.09928630345358304335e-10	0.000219857261245807802452	3.36313300257756167843e-44
z_positive_half_next_minus_q_far	original	1	0.0166666675359010696411	8.17500155012830826512e-08	-0.163500031415353843146	-0	8.1750016533987945877e-08	-0.16350002586841583252	0	3.36216253593314578422e-13	6.72432508884471936492e-07	1.13972275752689178077e-44
z_positive_half_next_minus_q_far	original	10	0.166666675359010696411	8.17500155012830826525e-07	-1.63500031415353843137	-0	8.17500222183298319578e-07	-1.63500034809112548828	0	3.80070596257712973543e-12	7.60141194434706388469e-06	1.30787873235903026111e-44
z_positive_half_next_minus_q_far	original	60	1.00000005215406417847	4.90500093007698495925e-06	-9.81000188492123058846	-0	4.90499860461568459868e-06	-9.8099956512451171875	0	3.74224014042678354974e-11	7.48448029975053109645e-05	2.2420818778265078515e-44
z_positive_half_next_minus_q_far	original	120	2.00000010430812835693	9.8100018601539699185e-06	-19.6200037698424611769	-0	9.80999448074726387858e-06	-19.6199855804443359375	0	1.09928630345358304335e-10	0.000219857261245807802452	3.36313300257756167843e-44
z_positive_half_next_minus_q_far	roundtrip	1	0.0166666675359010696411	8.17500155012830826512e-08	-0.163500031415353843146	-0	8.1750016533987945877e-08	-0.16350002586841583252	0	3.36216253593314578422e-13	6.72432508884471936492e-07	1.13972275752689178077e-44
z_positive_half_next_minus_q_far	roundtrip	10	0.166666675359010696411	8.17500155012830826525e-07	-1.63500031415353843137	-0	8.17500222183298319578e-07	-1.63500034809112548828	0	3.80070596257712973543e-12	7.60141194434706388469e-06	1.30787873235903026111e-44
z_positive_half_next_minus_q_far	roundtrip	60	1.00000005215406417847	4.90500093007698495925e-06	-9.81000188492123058846	-0	4.90499860461568459868e-06	-9.8099956512451171875	0	3.74224014042678354974e-11	7.48448029975053109645e-05	2.2420818778265078515e-44
z_positive_half_next_minus_q_far	roundtrip	120	2.00000010430812835693	9.8100018601539699185e-06	-19.6200037698424611769	-0	9.80999448074726387858e-06	-19.6199855804443359375	0	1.09928630345358304335e-10	0.000219857261245807802452	3.36313300257756167843e-44
axis_x_quarter_q_near	original	1	0.0166666675359010696411	0	0	-0.16350001552080151157	0	3.17891455381413834402e-08	-0.163500040769577026367	1.13972275752689178077e-44	1.24741125452610035537e-06	6.72432443514214185686e-07
axis_x_quarter_q_near	original	10	0.166666675359010696411	0	0	-1.6350001552080151157	0	3.17891448275986476801e-07	-1.63500058650970458984	1.30787873235903026111e-44	1.24741192369020118307e-05	7.60141120537904144988e-06
axis_x_quarter_q_near	original	60	1.00000005215406417847	0	0	-9.81000093124809069423	0	1.90734806437831139192e-06	-9.8099956512451171875	2.2420818778265078515e-44	7.48449384768967605555e-05	7.48447957215056837153e-05
axis_x_quarter_q_near	original	120	2.00000010430812835693	0	0	-19.6200018624961813885	0	3.81469499188824556768e-06	-19.6199855804443359375	3.36313300257756167843e-44	0.000149690412290466719762	0.000219857239872504241645
axis_x_quarter_q_near	roundtrip	1	0.0166666675359010696411	0	0	-0.16350001552080151157	0	3.17891455381413834402e-08	-0.163500040769577026367	1.13972275752689178077e-44	1.24741125452610035537e-06	6.72432443514214185686e-07
axis_x_quarter_q_near	roundtrip	10	0.166666675359010696411	0	0	-1.6350001552080151157	0	3.17891448275986476801e-07	-1.63500058650970458984	1.30787873235903026111e-44	1.24741192369020118307e-05	7.60141120537904144988e-06
axis_x_quarter_q_near	roundtrip	60	1.00000005215406417847	0	0	-9.81000093124809069423	0	1.90734806437831139192e-06	-9.8099956512451171875	2.2420818778265078515e-44	7.48449384768967605555e-05	7.48447957215056837153e-05
axis_x_quarter_q_near	roundtrip	120	2.00000010430812835693	0	0	-19.6200018624961813885	0	3.81469499188824556768e-06	-19.6199855804443359375	3.36313300257756167843e-44	0.000149690412290466719762	0.000219857239872504241645
axis_x_quarter_q_far	original	1	0.0166666675359010696411	0	0	-0.16350001552080151157	0	3.17891455381413834402e-08	-0.163500040769577026367	1.13972275752689178077e-44	1.24741125452610035537e-06	6.72432443514214185686e-07
axis_x_quarter_q_far	original	10	0.166666675359010696411	0	0	-1.6350001552080151157	0	3.17891448275986476801e-07	-1.63500058650970458984	1.30787873235903026111e-44	1.24741192369020118307e-05	7.60141120537904144988e-06
axis_x_quarter_q_far	original	60	1.00000005215406417847	0	0	-9.81000093124809069423	0	1.90734806437831139192e-06	-9.8099956512451171875	2.2420818778265078515e-44	7.48449384768967605555e-05	7.48447957215056837153e-05
axis_x_quarter_q_far	original	120	2.00000010430812835693	0	0	-19.6200018624961813885	0	3.81469499188824556768e-06	-19.6199855804443359375	3.36313300257756167843e-44	0.000149690412290466719762	0.000219857239872504241645
axis_x_quarter_q_far	roundtrip	1	0.0166666675359010696411	0	0	-0.16350001552080151157	0	3.17891455381413834402e-08	-0.163500040769577026367	1.13972275752689178077e-44	1.24741125452610035537e-06	6.72432443514214185686e-07
axis_x_quarter_q_far	roundtrip	10	0.166666675359010696411	0	0	-1.6350001552080151157	0	3.17891448275986476801e-07	-1.63500058650970458984	1.30787873235903026111e-44	1.24741192369020118307e-05	7.60141120537904144988e-06
axis_x_quarter_q_far	roundtrip	60	1.00000005215406417847	0	0	-9.81000093124809069423	0	1.90734806437831139192e-06	-9.8099956512451171875	2.2420818778265078515e-44	7.48449384768967605555e-05	7.48447957215056837153e-05
axis_x_quarter_q_far	roundtrip	120	2.00000010430812835693	0	0	-19.6200018624961813885	0	3.81469499188824556768e-06	-19.6199855804443359375	3.36313300257756167843e-44	0.000149690412290466719762	0.000219857239872504241645
axis_x_quarter_minus_q_near	original	1	0.0166666675359010696411	0	0	-0.16350001552080151157	0	3.17891455381413834402e-08	-0.163500040769577026367	1.13972275752689178077e-44	1.24741125452610035537e-06	6.72432443514214185686e-07
axis_x_quarter_minus_q_near	original	10	0.166666675359010696411	0	0	-1.6350001552080151157	0	3.17891448275986476801e-07	-1.63500058650970458984	1.30787873235903026111e-44	1.24741192369020118307e-05	7.60141120537904144988e-06
axis_x_quarter_minus_q_near	original	60	1.00000005215406417847	0	0	-9.81000093124809069423	0	1.90734806437831139192e-06	-9.8099956512451171875	2.2420818778265078515e-44	7.48449384768967605555e-05	7.48447957215056837153e-05
axis_x_quarter_minus_q_near	original	120	2.00000010430812835693	0	0	-19.6200018624961813885	0	3.81469499188824556768e-06	-19.6199855804443359375	3.36313300257756167843e-44	0.000149690412290466719762	0.000219857239872504241645
axis_x_quarter_minus_q_near	roundtrip	1	0.0166666675359010696411	0	0	-0.16350001552080151157	0	3.17891455381413834402e-08	-0.163500040769577026367	1.13972275752689178077e-44	1.24741125452610035537e-06	6.72432443514214185686e-07
axis_x_quarter_minus_q_near	roundtrip	10	0.166666675359010696411	0	0	-1.6350001552080151157	0	3.17891448275986476801e-07	-1.63500058650970458984	1.30787873235903026111e-44	1.24741192369020118307e-05	7.60141120537904144988e-06
axis_x_quarter_minus_q_near	roundtrip	60	1.00000005215406417847	0	0	-9.81000093124809069423	0	1.90734806437831139192e-06	-9.8099956512451171875	2.2420818778265078515e-44	7.48449384768967605555e-05	7.48447957215056837153e-05
axis_x_quarter_minus_q_near	roundtrip	120	2.00000010430812835693	0	0	-19.6200018624961813885	0	3.81469499188824556768e-06	-19.6199855804443359375	3.36313300257756167843e-44	0.000149690412290466719762	0.000219857239872504241645
axis_x_quarter_minus_q_far	original	1	0.0166666675359010696411	0	0	-0.16350001552080151157	0	3.17891455381413834402e-08	-0.163500040769577026367	1.13972275752689178077e-44	1.24741125452610035537e-06	6.72432443514214185686e-07
axis_x_quarter_minus_q_far	original	10	0.166666675359010696411	0	0	-1.6350001552080151157	0	3.17891448275986476801e-07	-1.63500058650970458984	1.30787873235903026111e-44	1.24741192369020118307e-05	7.60141120537904144988e-06
axis_x_quarter_minus_q_far	original	60	1.00000005215406417847	0	0	-9.81000093124809069423	0	1.90734806437831139192e-06	-9.8099956512451171875	2.2420818778265078515e-44	7.48449384768967605555e-05	7.48447957215056837153e-05
axis_x_quarter_minus_q_far	original	120	2.00000010430812835693	0	0	-19.6200018624961813885	0	3.81469499188824556768e-06	-19.6199855804443359375	3.36313300257756167843e-44	0.000149690412290466719762	0.000219857239872504241645
axis_x_quarter_minus_q_far	roundtrip	1	0.0166666675359010696411	0	0	-0.16350001552080151157	0	3.17891455381413834402e-08	-0.163500040769577026367	1.13972275752689178077e-44	1.24741125452610035537e-06	6.72432443514214185686e-07
axis_x_quarter_minus_q_far	roundtrip	10	0.166666675359010696411	0	0	-1.6350001552080151157	0	3.17891448275986476801e-07	-1.63500058650970458984	1.30787873235903026111e-44	1.24741192369020118307e-05	7.60141120537904144988e-06
axis_x_quarter_minus_q_far	roundtrip	60	1.00000005215406417847	0	0	-9.81000093124809069423	0	1.90734806437831139192e-06	-9.8099956512451171875	2.2420818778265078515e-44	7.48449384768967605555e-05	7.48447957215056837153e-05
axis_x_quarter_minus_q_far	roundtrip	120	2.00000010430812835693	0	0	-19.6200018624961813885	0	3.81469499188824556768e-06	-19.6199855804443359375	3.36313300257756167843e-44	0.000149690412290466719762	0.000219857239872504241645
axis_z_quarter_q_near	original	1	0.0166666675359010696411	0.16350001552080151157	0	-0	0.163500040769577026367	3.17891455381413834402e-08	0	6.72432443514214185686e-07	1.24741125452610035537e-06	1.13972275752689178077e-44
axis_z_quarter_q_near	original	10	0.166666675359010696411	1.6350001552080151157	0	-0	1.63500058650970458984	3.17891448275986476801e-07	0	7.60141120537904144988e-06	1.24741192369020118307e-05	1.30787873235903026111e-44
axis_z_quarter_q_near	original	60	1.00000005215406417847	9.81000093124809069423	0	-0	9.8099956512451171875	1.90734806437831139192e-06	0	7.48447957215056837153e-05	7.48449384768967605555e-05	2.2420818778265078515e-44
axis_z_quarter_q_near	original	120	2.00000010430812835693	19.6200018624961813885	0	-0	19.6199855804443359375	3.81469499188824556768e-06	0	0.000219857239872504241645	0.000149690412290466719762	3.36313300257756167843e-44
axis_z_quarter_q_near	roundtrip	1	0.0166666675359010696411	0.16350001552080151157	0	-0	0.163500040769577026367	3.17891455381413834402e-08	0	6.72432443514214185686e-07	1.24741125452610035537e-06	1.13972275752689178077e-44
axis_z_quarter_q_near	roundtrip	10	0.166666675359010696411	1.6350001552080151157	0	-0	1.63500058650970458984	3.17891448275986476801e-07	0	7.60141120537904144988e-06	1.24741192369020118307e-05	1.30787873235903026111e-44
axis_z_quarter_q_near	roundtrip	60	1.00000005215406417847	9.81000093124809069423	0	-0	9.8099956512451171875	1.90734806437831139192e-06	0	7.48447957215056837153e-05	7.48449384768967605555e-05	2.2420818778265078515e-44
axis_z_quarter_q_near	roundtrip	120	2.00000010430812835693	19.6200018624961813885	0	-0	19.6199855804443359375	3.81469499188824556768e-06	0	0.000219857239872504241645	0.000149690412290466719762	3.36313300257756167843e-44
axis_z_quarter_q_far	original	1	0.0166666675359010696411	0.16350001552080151157	0	-0	0.163500040769577026367	3.17891455381413834402e-08	0	6.72432443514214185686e-07	1.24741125452610035537e-06	1.13972275752689178077e-44
axis_z_quarter_q_far	original	10	0.166666675359010696411	1.6350001552080151157	0	-0	1.63500058650970458984	3.17891448275986476801e-07	0	7.60141120537904144988e-06	1.24741192369020118307e-05	1.30787873235903026111e-44
axis_z_quarter_q_far	original	60	1.00000005215406417847	9.81000093124809069423	0	-0	9.8099956512451171875	1.90734806437831139192e-06	0	7.48447957215056837153e-05	7.48449384768967605555e-05	2.2420818778265078515e-44
axis_z_quarter_q_far	original	120	2.00000010430812835693	19.6200018624961813885	0	-0	19.6199855804443359375	3.81469499188824556768e-06	0	0.000219857239872504241645	0.000149690412290466719762	3.36313300257756167843e-44
axis_z_quarter_q_far	roundtrip	1	0.0166666675359010696411	0.16350001552080151157	0	-0	0.163500040769577026367	3.17891455381413834402e-08	0	6.72432443514214185686e-07	1.24741125452610035537e-06	1.13972275752689178077e-44
axis_z_quarter_q_far	roundtrip	10	0.166666675359010696411	1.6350001552080151157	0	-0	1.63500058650970458984	3.17891448275986476801e-07	0	7.60141120537904144988e-06	1.24741192369020118307e-05	1.30787873235903026111e-44
axis_z_quarter_q_far	roundtrip	60	1.00000005215406417847	9.81000093124809069423	0	-0	9.8099956512451171875	1.90734806437831139192e-06	0	7.48447957215056837153e-05	7.48449384768967605555e-05	2.2420818778265078515e-44
axis_z_quarter_q_far	roundtrip	120	2.00000010430812835693	19.6200018624961813885	0	-0	19.6199855804443359375	3.81469499188824556768e-06	0	0.000219857239872504241645	0.000149690412290466719762	3.36313300257756167843e-44
axis_z_quarter_minus_q_near	original	1	0.0166666675359010696411	0.16350001552080151157	0	-0	0.163500040769577026367	3.17891455381413834402e-08	0	6.72432443514214185686e-07	1.24741125452610035537e-06	1.13972275752689178077e-44
axis_z_quarter_minus_q_near	original	10	0.166666675359010696411	1.6350001552080151157	0	-0	1.63500058650970458984	3.17891448275986476801e-07	0	7.60141120537904144988e-06	1.24741192369020118307e-05	1.30787873235903026111e-44
axis_z_quarter_minus_q_near	original	60	1.00000005215406417847	9.81000093124809069423	0	-0	9.8099956512451171875	1.90734806437831139192e-06	0	7.48447957215056837153e-05	7.48449384768967605555e-05	2.2420818778265078515e-44
axis_z_quarter_minus_q_near	original	120	2.00000010430812835693	19.6200018624961813885	0	-0	19.6199855804443359375	3.81469499188824556768e-06	0	0.000219857239872504241645	0.000149690412290466719762	3.36313300257756167843e-44
axis_z_quarter_minus_q_near	roundtrip	1	0.0166666675359010696411	0.16350001552080151157	0	-0	0.163500040769577026367	3.17891455381413834402e-08	0	6.72432443514214185686e-07	1.24741125452610035537e-06	1.13972275752689178077e-44
axis_z_quarter_minus_q_near	roundtrip	10	0.166666675359010696411	1.6350001552080151157	0	-0	1.63500058650970458984	3.17891448275986476801e-07	0	7.60141120537904144988e-06	1.24741192369020118307e-05	1.30787873235903026111e-44
axis_z_quarter_minus_q_near	roundtrip	60	1.00000005215406417847	9.81000093124809069423	0	-0	9.8099956512451171875	1.90734806437831139192e-06	0	7.48447957215056837153e-05	7.48449384768967605555e-05	2.2420818778265078515e-44
axis_z_quarter_minus_q_near	roundtrip	120	2.00000010430812835693	19.6200018624961813885	0	-0	19.6199855804443359375	3.81469499188824556768e-06	0	0.000219857239872504241645	0.000149690412290466719762	3.36313300257756167843e-44
axis_z_quarter_minus_q_far	original	1	0.0166666675359010696411	0.16350001552080151157	0	-0	0.163500040769577026367	3.17891455381413834402e-08	0	6.72432443514214185686e-07	1.24741125452610035537e-06	1.13972275752689178077e-44
axis_z_quarter_minus_q_far	original	10	0.166666675359010696411	1.6350001552080151157	0	-0	1.63500058650970458984	3.17891448275986476801e-07	0	7.60141120537904144988e-06	1.24741192369020118307e-05	1.30787873235903026111e-44
axis_z_quarter_minus_q_far	original	60	1.00000005215406417847	9.81000093124809069423	0	-0	9.8099956512451171875	1.90734806437831139192e-06	0	7.48447957215056837153e-05	7.48449384768967605555e-05	2.2420818778265078515e-44
axis_z_quarter_minus_q_far	original	120	2.00000010430812835693	19.6200018624961813885	0	-0	19.6199855804443359375	3.81469499188824556768e-06	0	0.000219857239872504241645	0.000149690412290466719762	3.36313300257756167843e-44
axis_z_quarter_minus_q_far	roundtrip	1	0.0166666675359010696411	0.16350001552080151157	0	-0	0.163500040769577026367	3.17891455381413834402e-08	0	6.72432443514214185686e-07	1.24741125452610035537e-06	1.13972275752689178077e-44
axis_z_quarter_minus_q_far	roundtrip	10	0.166666675359010696411	1.6350001552080151157	0	-0	1.63500058650970458984	3.17891448275986476801e-07	0	7.60141120537904144988e-06	1.24741192369020118307e-05	1.30787873235903026111e-44
axis_z_quarter_minus_q_far	roundtrip	60	1.00000005215406417847	9.81000093124809069423	0	-0	9.8099956512451171875	1.90734806437831139192e-06	0	7.48447957215056837153e-05	7.48449384768967605555e-05	2.2420818778265078515e-44
axis_z_quarter_minus_q_far	roundtrip	120	2.00000010430812835693	19.6200018624961813885	0	-0	19.6199855804443359375	3.81469499188824556768e-06	0	0.000219857239872504241645	0.000149690412290466719762	3.36313300257756167843e-44
axis_x_reverse_q_near	original	1	0.0166666675359010696411	0	0.16350001552080151157	-2.00229779405175664944e-17	0	0.163500010967254638672	-2.00229770985586784881e-17	1.13972275752689178077e-44	1.91984369804031454105e-06	8.23492275525836070073e-23
axis_x_reverse_q_near	original	10	0.166666675359010696411	0	1.6350001552080151157	-2.00229779405175664947e-16	0	1.6350002288818359375	-2.00229747824529633396e-16	1.30787873235903026111e-44	2.00755304422810532815e-05	9.30904430787307006413e-22
axis_x_reverse_q_near	original	60	1.00000005215406417847	0	9.81000093124809069423	-1.20137867643105398964e-15	0	9.8099956512451171875	-1.20137880458453302074e-15	2.2420818778265078515e-44	0.000149689734198402444277	9.16584435127217727922e-21
axis_x_reverse_q_near	original	120	2.00000010430812835693	0	19.6200018624961813885	-2.40275735286210797927e-15	0	19.6199855804443359375	-2.40275951499319736365e-15	3.36313300257756167843e-44	0.000369547652162970961407	2.69247476827924590217e-20
axis_x_reverse_q_near	roundtrip	1	0.0166666675359010696411	0	0.16350001552080151157	-2.00229779405175664944e-17	0	0.163500010967254638672	-2.00229770985586784881e-17	1.13972275752689178077e-44	1.91984369804031454105e-06	8.23492275525836070073e-23
axis_x_reverse_q_near	roundtrip	10	0.166666675359010696411	0	1.6350001552080151157	-2.00229779405175664947e-16	0	1.6350002288818359375	-2.00229747824529633396e-16	1.30787873235903026111e-44	2.00755304422810532815e-05	9.30904430787307006413e-22
axis_x_reverse_q_near	roundtrip	60	1.00000005215406417847	0	9.81000093124809069423	-1.20137867643105398964e-15	0	9.8099956512451171875	-1.20137880458453302074e-15	2.2420818778265078515e-44	0.000149689734198402444277	9.16584435127217727922e-21
axis_x_reverse_q_near	roundtrip	120	2.00000010430812835693	0	19.6200018624961813885	-2.40275735286210797927e-15	0	19.6199855804443359375	-2.40275951499319736365e-15	3.36313300257756167843e-44	0.000369547652162970961407	2.69247476827924590217e-20
axis_x_reverse_q_far	original	1	0.0166666675359010696411	0	0.16350001552080151157	-2.00229779405175664944e-17	0	0.163500010967254638672	-2.00229770985586784881e-17	1.13972275752689178077e-44	1.91984369804031454105e-06	8.23492275525836070073e-23
axis_x_reverse_q_far	original	10	0.166666675359010696411	0	1.6350001552080151157	-2.00229779405175664947e-16	0	1.6350002288818359375	-2.00229747824529633396e-16	1.30787873235903026111e-44	2.00755304422810532815e-05	9.30904430787307006413e-22
axis_x_reverse_q_far	original	60	1.00000005215406417847	0	9.81000093124809069423	-1.20137867643105398964e-15	0	9.8099956512451171875	-1.20137880458453302074e-15	2.2420818778265078515e-44	0.000149689734198402444277	9.16584435127217727922e-21
axis_x_reverse_q_far	original	120	2.00000010430812835693	0	19.6200018624961813885	-2.40275735286210797927e-15	0	19.6199855804443359375	-2.40275951499319736365e-15	3.36313300257756167843e-44	0.000369547652162970961407	2.69247476827924590217e-20
axis_x_reverse_q_far	roundtrip	1	0.0166666675359010696411	0	0.16350001552080151157	-2.00229779405175664944e-17	0	0.163500010967254638672	-2.00229770985586784881e-17	1.13972275752689178077e-44	1.91984369804031454105e-06	8.23492275525836070073e-23
axis_x_reverse_q_far	roundtrip	10	0.166666675359010696411	0	1.6350001552080151157	-2.00229779405175664947e-16	0	1.6350002288818359375	-2.00229747824529633396e-16	1.30787873235903026111e-44	2.00755304422810532815e-05	9.30904430787307006413e-22
axis_x_reverse_q_far	roundtrip	60	1.00000005215406417847	0	9.81000093124809069423	-1.20137867643105398964e-15	0	9.8099956512451171875	-1.20137880458453302074e-15	2.2420818778265078515e-44	0.000149689734198402444277	9.16584435127217727922e-21
axis_x_reverse_q_far	roundtrip	120	2.00000010430812835693	0	19.6200018624961813885	-2.40275735286210797927e-15	0	19.6199855804443359375	-2.40275951499319736365e-15	3.36313300257756167843e-44	0.000369547652162970961407	2.69247476827924590217e-20
axis_x_reverse_minus_q_near	original	1	0.0166666675359010696411	0	0.16350001552080151157	-2.00229779405175664944e-17	0	0.163500010967254638672	-2.00229770985586784881e-17	1.13972275752689178077e-44	1.91984369804031454105e-06	8.23492275525836070073e-23
axis_x_reverse_minus_q_near	original	10	0.166666675359010696411	0	1.6350001552080151157	-2.00229779405175664947e-16	0	1.6350002288818359375	-2.00229747824529633396e-16	1.30787873235903026111e-44	2.00755304422810532815e-05	9.30904430787307006413e-22
axis_x_reverse_minus_q_near	original	60	1.00000005215406417847	0	9.81000093124809069423	-1.20137867643105398964e-15	0	9.8099956512451171875	-1.20137880458453302074e-15	2.2420818778265078515e-44	0.000149689734198402444277	9.16584435127217727922e-21
axis_x_reverse_minus_q_near	original	120	2.00000010430812835693	0	19.6200018624961813885	-2.40275735286210797927e-15	0	19.6199855804443359375	-2.40275951499319736365e-15	3.36313300257756167843e-44	0.000369547652162970961407	2.69247476827924590217e-20
axis_x_reverse_minus_q_near	roundtrip	1	0.0166666675359010696411	0	0.16350001552080151157	-2.00229779405175664944e-17	0	0.163500010967254638672	-2.00229770985586784881e-17	1.13972275752689178077e-44	1.91984369804031454105e-06	8.23492275525836070073e-23
axis_x_reverse_minus_q_near	roundtrip	10	0.166666675359010696411	0	1.6350001552080151157	-2.00229779405175664947e-16	0	1.6350002288818359375	-2.00229747824529633396e-16	1.30787873235903026111e-44	2.00755304422810532815e-05	9.30904430787307006413e-22
axis_x_reverse_minus_q_near	roundtrip	60	1.00000005215406417847	0	9.81000093124809069423	-1.20137867643105398964e-15	0	9.8099956512451171875	-1.20137880458453302074e-15	2.2420818778265078515e-44	0.000149689734198402444277	9.16584435127217727922e-21
axis_x_reverse_minus_q_near	roundtrip	120	2.00000010430812835693	0	19.6200018624961813885	-2.40275735286210797927e-15	0	19.6199855804443359375	-2.40275951499319736365e-15	3.36313300257756167843e-44	0.000369547652162970961407	2.69247476827924590217e-20
axis_x_reverse_minus_q_far	original	1	0.0166666675359010696411	0	0.16350001552080151157	-2.00229779405175664944e-17	0	0.163500010967254638672	-2.00229770985586784881e-17	1.13972275752689178077e-44	1.91984369804031454105e-06	8.23492275525836070073e-23
axis_x_reverse_minus_q_far	original	10	0.166666675359010696411	0	1.6350001552080151157	-2.00229779405175664947e-16	0	1.6350002288818359375	-2.00229747824529633396e-16	1.30787873235903026111e-44	2.00755304422810532815e-05	9.30904430787307006413e-22
axis_x_reverse_minus_q_far	original	60	1.00000005215406417847	0	9.81000093124809069423	-1.20137867643105398964e-15	0	9.8099956512451171875	-1.20137880458453302074e-15	2.2420818778265078515e-44	0.000149689734198402444277	9.16584435127217727922e-21
axis_x_reverse_minus_q_far	original	120	2.00000010430812835693	0	19.6200018624961813885	-2.40275735286210797927e-15	0	19.6199855804443359375	-2.40275951499319736365e-15	3.36313300257756167843e-44	0.000369547652162970961407	2.69247476827924590217e-20
axis_x_reverse_minus_q_far	roundtrip	1	0.0166666675359010696411	0	0.16350001552080151157	-2.00229779405175664944e-17	0	0.163500010967254638672	-2.00229770985586784881e-17	1.13972275752689178077e-44	1.91984369804031454105e-06	8.23492275525836070073e-23
axis_x_reverse_minus_q_far	roundtrip	10	0.166666675359010696411	0	1.6350001552080151157	-2.00229779405175664947e-16	0	1.6350002288818359375	-2.00229747824529633396e-16	1.30787873235903026111e-44	2.00755304422810532815e-05	9.30904430787307006413e-22
axis_x_reverse_minus_q_far	roundtrip	60	1.00000005215406417847	0	9.81000093124809069423	-1.20137867643105398964e-15	0	9.8099956512451171875	-1.20137880458453302074e-15	2.2420818778265078515e-44	0.000149689734198402444277	9.16584435127217727922e-21
axis_x_reverse_minus_q_far	roundtrip	120	2.00000010430812835693	0	19.6200018624961813885	-2.40275735286210797927e-15	0	19.6199855804443359375	-2.40275951499319736365e-15	3.36313300257756167843e-44	0.000369547652162970961407	2.69247476827924590217e-20
axis_z_reverse_q_near	original	1	0.0166666675359010696411	2.00229779405175664944e-17	0.16350001552080151157	-0	2.00229770985586784881e-17	0.163500010967254638672	0	8.23492275525836070073e-23	1.91984369804031454105e-06	1.13972275752689178077e-44
axis_z_reverse_q_near	original	10	0.166666675359010696411	2.00229779405175664947e-16	1.6350001552080151157	-0	2.00229747824529633396e-16	1.6350002288818359375	0	9.30904430787307006413e-22	2.00755304422810532815e-05	1.30787873235903026111e-44
axis_z_reverse_q_near	original	60	1.00000005215406417847	1.20137867643105398964e-15	9.81000093124809069423	-0	1.20137880458453302074e-15	9.8099956512451171875	0	9.16584435127217727922e-21	0.000149689734198402444277	2.2420818778265078515e-44
axis_z_reverse_q_near	original	120	2.00000010430812835693	2.40275735286210797927e-15	19.6200018624961813885	-0	2.40275951499319736365e-15	19.6199855804443359375	0	2.69247476827924590217e-20	0.000369547652162970961407	3.36313300257756167843e-44
axis_z_reverse_q_near	roundtrip	1	0.0166666675359010696411	2.00229779405175664944e-17	0.16350001552080151157	-0	2.00229770985586784881e-17	0.163500010967254638672	0	8.23492275525836070073e-23	1.91984369804031454105e-06	1.13972275752689178077e-44
axis_z_reverse_q_near	roundtrip	10	0.166666675359010696411	2.00229779405175664947e-16	1.6350001552080151157	-0	2.00229747824529633396e-16	1.6350002288818359375	0	9.30904430787307006413e-22	2.00755304422810532815e-05	1.30787873235903026111e-44
axis_z_reverse_q_near	roundtrip	60	1.00000005215406417847	1.20137867643105398964e-15	9.81000093124809069423	-0	1.20137880458453302074e-15	9.8099956512451171875	0	9.16584435127217727922e-21	0.000149689734198402444277	2.2420818778265078515e-44
axis_z_reverse_q_near	roundtrip	120	2.00000010430812835693	2.40275735286210797927e-15	19.6200018624961813885	-0	2.40275951499319736365e-15	19.6199855804443359375	0	2.69247476827924590217e-20	0.000369547652162970961407	3.36313300257756167843e-44
axis_z_reverse_q_far	original	1	0.0166666675359010696411	2.00229779405175664944e-17	0.16350001552080151157	-0	2.00229770985586784881e-17	0.163500010967254638672	0	8.23492275525836070073e-23	1.91984369804031454105e-06	1.13972275752689178077e-44
axis_z_reverse_q_far	original	10	0.166666675359010696411	2.00229779405175664947e-16	1.6350001552080151157	-0	2.00229747824529633396e-16	1.6350002288818359375	0	9.30904430787307006413e-22	2.00755304422810532815e-05	1.30787873235903026111e-44
axis_z_reverse_q_far	original	60	1.00000005215406417847	1.20137867643105398964e-15	9.81000093124809069423	-0	1.20137880458453302074e-15	9.8099956512451171875	0	9.16584435127217727922e-21	0.000149689734198402444277	2.2420818778265078515e-44
axis_z_reverse_q_far	original	120	2.00000010430812835693	2.40275735286210797927e-15	19.6200018624961813885	-0	2.40275951499319736365e-15	19.6199855804443359375	0	2.69247476827924590217e-20	0.000369547652162970961407	3.36313300257756167843e-44
axis_z_reverse_q_far	roundtrip	1	0.0166666675359010696411	2.00229779405175664944e-17	0.16350001552080151157	-0	2.00229770985586784881e-17	0.163500010967254638672	0	8.23492275525836070073e-23	1.91984369804031454105e-06	1.13972275752689178077e-44
axis_z_reverse_q_far	roundtrip	10	0.166666675359010696411	2.00229779405175664947e-16	1.6350001552080151157	-0	2.00229747824529633396e-16	1.6350002288818359375	0	9.30904430787307006413e-22	2.00755304422810532815e-05	1.30787873235903026111e-44
axis_z_reverse_q_far	roundtrip	60	1.00000005215406417847	1.20137867643105398964e-15	9.81000093124809069423	-0	1.20137880458453302074e-15	9.8099956512451171875	0	9.16584435127217727922e-21	0.000149689734198402444277	2.2420818778265078515e-44
axis_z_reverse_q_far	roundtrip	120	2.00000010430812835693	2.40275735286210797927e-15	19.6200018624961813885	-0	2.40275951499319736365e-15	19.6199855804443359375	0	2.69247476827924590217e-20	0.000369547652162970961407	3.36313300257756167843e-44
axis_z_reverse_minus_q_near	original	1	0.0166666675359010696411	2.00229779405175664944e-17	0.16350001552080151157	-0	2.00229770985586784881e-17	0.163500010967254638672	0	8.23492275525836070073e-23	1.91984369804031454105e-06	1.13972275752689178077e-44
axis_z_reverse_minus_q_near	original	10	0.166666675359010696411	2.00229779405175664947e-16	1.6350001552080151157	-0	2.00229747824529633396e-16	1.6350002288818359375	0	9.30904430787307006413e-22	2.00755304422810532815e-05	1.30787873235903026111e-44
axis_z_reverse_minus_q_near	original	60	1.00000005215406417847	1.20137867643105398964e-15	9.81000093124809069423	-0	1.20137880458453302074e-15	9.8099956512451171875	0	9.16584435127217727922e-21	0.000149689734198402444277	2.2420818778265078515e-44
axis_z_reverse_minus_q_near	original	120	2.00000010430812835693	2.40275735286210797927e-15	19.6200018624961813885	-0	2.40275951499319736365e-15	19.6199855804443359375	0	2.69247476827924590217e-20	0.000369547652162970961407	3.36313300257756167843e-44
axis_z_reverse_minus_q_near	roundtrip	1	0.0166666675359010696411	2.00229779405175664944e-17	0.16350001552080151157	-0	2.00229770985586784881e-17	0.163500010967254638672	0	8.23492275525836070073e-23	1.91984369804031454105e-06	1.13972275752689178077e-44
axis_z_reverse_minus_q_near	roundtrip	10	0.166666675359010696411	2.00229779405175664947e-16	1.6350001552080151157	-0	2.00229747824529633396e-16	1.6350002288818359375	0	9.30904430787307006413e-22	2.00755304422810532815e-05	1.30787873235903026111e-44
axis_z_reverse_minus_q_near	roundtrip	60	1.00000005215406417847	1.20137867643105398964e-15	9.81000093124809069423	-0	1.20137880458453302074e-15	9.8099956512451171875	0	9.16584435127217727922e-21	0.000149689734198402444277	2.2420818778265078515e-44
axis_z_reverse_minus_q_near	roundtrip	120	2.00000010430812835693	2.40275735286210797927e-15	19.6200018624961813885	-0	2.40275951499319736365e-15	19.6199855804443359375	0	2.69247476827924590217e-20	0.000369547652162970961407	3.36313300257756167843e-44
axis_z_reverse_minus_q_far	original	1	0.0166666675359010696411	2.00229779405175664944e-17	0.16350001552080151157	-0	2.00229770985586784881e-17	0.163500010967254638672	0	8.23492275525836070073e-23	1.91984369804031454105e-06	1.13972275752689178077e-44
axis_z_reverse_minus_q_far	original	10	0.166666675359010696411	2.00229779405175664947e-16	1.6350001552080151157	-0	2.00229747824529633396e-16	1.6350002288818359375	0	9.30904430787307006413e-22	2.00755304422810532815e-05	1.30787873235903026111e-44
axis_z_reverse_minus_q_far	original	60	1.00000005215406417847	1.20137867643105398964e-15	9.81000093124809069423	-0	1.20137880458453302074e-15	9.8099956512451171875	0	9.16584435127217727922e-21	0.000149689734198402444277	2.2420818778265078515e-44
axis_z_reverse_minus_q_far	original	120	2.00000010430812835693	2.40275735286210797927e-15	19.6200018624961813885	-0	2.40275951499319736365e-15	19.6199855804443359375	0	2.69247476827924590217e-20	0.000369547652162970961407	3.36313300257756167843e-44
axis_z_reverse_minus_q_far	roundtrip	1	0.0166666675359010696411	2.00229779405175664944e-17	0.16350001552080151157	-0	2.00229770985586784881e-17	0.163500010967254638672	0	8.23492275525836070073e-23	1.91984369804031454105e-06	1.13972275752689178077e-44
axis_z_reverse_minus_q_far	roundtrip	10	0.166666675359010696411	2.00229779405175664947e-16	1.6350001552080151157	-0	2.00229747824529633396e-16	1.6350002288818359375	0	9.30904430787307006413e-22	2.00755304422810532815e-05	1.30787873235903026111e-44
axis_z_reverse_minus_q_far	roundtrip	60	1.00000005215406417847	1.20137867643105398964e-15	9.81000093124809069423	-0	1.20137880458453302074e-15	9.8099956512451171875	0	9.16584435127217727922e-21	0.000149689734198402444277	2.2420818778265078515e-44
axis_z_reverse_minus_q_far	roundtrip	120	2.00000010430812835693	2.40275735286210797927e-15	19.6200018624961813885	-0	2.40275951499319736365e-15	19.6199855804443359375	0	2.69247476827924590217e-20	0.000369547652162970961407	3.36313300257756167843e-44
axis_y_yaw_q_near	original	1	0.0166666675359010696411	0	-0.16350001552080151157	-0	0	-0.163500010967254638672	0	1.13972275752689178077e-44	6.72432443514214185686e-07	1.13972275752689178077e-44
axis_y_yaw_q_near	original	10	0.166666675359010696411	0	-1.6350001552080151157	-0	0	-1.6350002288818359375	0	1.30787873235903026111e-44	7.60141120537904144988e-06	1.30787873235903026111e-44
axis_y_yaw_q_near	original	60	1.00000005215406417847	0	-9.81000093124809069423	-0	0	-9.8099956512451171875	0	2.2420818778265078515e-44	7.48447957215056837153e-05	2.2420818778265078515e-44
axis_y_yaw_q_near	original	120	2.00000010430812835693	0	-19.6200018624961813885	-0	0	-19.6199855804443359375	0	3.36313300257756167843e-44	0.000219857239872504241645	3.36313300257756167843e-44
axis_y_yaw_q_near	roundtrip	1	0.0166666675359010696411	0	-0.16350001552080151157	-0	0	-0.163500010967254638672	0	1.13972275752689178077e-44	6.72432443514214185686e-07	1.13972275752689178077e-44
axis_y_yaw_q_near	roundtrip	10	0.166666675359010696411	0	-1.6350001552080151157	-0	0	-1.6350002288818359375	0	1.30787873235903026111e-44	7.60141120537904144988e-06	1.30787873235903026111e-44
axis_y_yaw_q_near	roundtrip	60	1.00000005215406417847	0	-9.81000093124809069423	-0	0	-9.8099956512451171875	0	2.2420818778265078515e-44	7.48447957215056837153e-05	2.2420818778265078515e-44
axis_y_yaw_q_near	roundtrip	120	2.00000010430812835693	0	-19.6200018624961813885	-0	0	-19.6199855804443359375	0	3.36313300257756167843e-44	0.000219857239872504241645	3.36313300257756167843e-44
axis_y_yaw_q_far	original	1	0.0166666675359010696411	0	-0.16350001552080151157	-0	0	-0.163500010967254638672	0	1.13972275752689178077e-44	6.72432443514214185686e-07	1.13972275752689178077e-44
axis_y_yaw_q_far	original	10	0.166666675359010696411	0	-1.6350001552080151157	-0	0	-1.6350002288818359375	0	1.30787873235903026111e-44	7.60141120537904144988e-06	1.30787873235903026111e-44
axis_y_yaw_q_far	original	60	1.00000005215406417847	0	-9.81000093124809069423	-0	0	-9.8099956512451171875	0	2.2420818778265078515e-44	7.48447957215056837153e-05	2.2420818778265078515e-44
axis_y_yaw_q_far	original	120	2.00000010430812835693	0	-19.6200018624961813885	-0	0	-19.6199855804443359375	0	3.36313300257756167843e-44	0.000219857239872504241645	3.36313300257756167843e-44
axis_y_yaw_q_far	roundtrip	1	0.0166666675359010696411	0	-0.16350001552080151157	-0	0	-0.163500010967254638672	0	1.13972275752689178077e-44	6.72432443514214185686e-07	1.13972275752689178077e-44
axis_y_yaw_q_far	roundtrip	10	0.166666675359010696411	0	-1.6350001552080151157	-0	0	-1.6350002288818359375	0	1.30787873235903026111e-44	7.60141120537904144988e-06	1.30787873235903026111e-44
axis_y_yaw_q_far	roundtrip	60	1.00000005215406417847	0	-9.81000093124809069423	-0	0	-9.8099956512451171875	0	2.2420818778265078515e-44	7.48447957215056837153e-05	2.2420818778265078515e-44
axis_y_yaw_q_far	roundtrip	120	2.00000010430812835693	0	-19.6200018624961813885	-0	0	-19.6199855804443359375	0	3.36313300257756167843e-44	0.000219857239872504241645	3.36313300257756167843e-44
axis_y_yaw_minus_q_near	original	1	0.0166666675359010696411	0	-0.16350001552080151157	-0	0	-0.163500010967254638672	0	1.13972275752689178077e-44	6.72432443514214185686e-07	1.13972275752689178077e-44
axis_y_yaw_minus_q_near	original	10	0.166666675359010696411	0	-1.6350001552080151157	-0	0	-1.6350002288818359375	0	1.30787873235903026111e-44	7.60141120537904144988e-06	1.30787873235903026111e-44
axis_y_yaw_minus_q_near	original	60	1.00000005215406417847	0	-9.81000093124809069423	-0	0	-9.8099956512451171875	0	2.2420818778265078515e-44	7.48447957215056837153e-05	2.2420818778265078515e-44
axis_y_yaw_minus_q_near	original	120	2.00000010430812835693	0	-19.6200018624961813885	-0	0	-19.6199855804443359375	0	3.36313300257756167843e-44	0.000219857239872504241645	3.36313300257756167843e-44
axis_y_yaw_minus_q_near	roundtrip	1	0.0166666675359010696411	0	-0.16350001552080151157	-0	0	-0.163500010967254638672	0	1.13972275752689178077e-44	6.72432443514214185686e-07	1.13972275752689178077e-44
axis_y_yaw_minus_q_near	roundtrip	10	0.166666675359010696411	0	-1.6350001552080151157	-0	0	-1.6350002288818359375	0	1.30787873235903026111e-44	7.60141120537904144988e-06	1.30787873235903026111e-44
axis_y_yaw_minus_q_near	roundtrip	60	1.00000005215406417847	0	-9.81000093124809069423	-0	0	-9.8099956512451171875	0	2.2420818778265078515e-44	7.48447957215056837153e-05	2.2420818778265078515e-44
axis_y_yaw_minus_q_near	roundtrip	120	2.00000010430812835693	0	-19.6200018624961813885	-0	0	-19.6199855804443359375	0	3.36313300257756167843e-44	0.000219857239872504241645	3.36313300257756167843e-44
axis_y_yaw_minus_q_far	original	1	0.0166666675359010696411	0	-0.16350001552080151157	-0	0	-0.163500010967254638672	0	1.13972275752689178077e-44	6.72432443514214185686e-07	1.13972275752689178077e-44
axis_y_yaw_minus_q_far	original	10	0.166666675359010696411	0	-1.6350001552080151157	-0	0	-1.6350002288818359375	0	1.30787873235903026111e-44	7.60141120537904144988e-06	1.30787873235903026111e-44
axis_y_yaw_minus_q_far	original	60	1.00000005215406417847	0	-9.81000093124809069423	-0	0	-9.8099956512451171875	0	2.2420818778265078515e-44	7.48447957215056837153e-05	2.2420818778265078515e-44
axis_y_yaw_minus_q_far	original	120	2.00000010430812835693	0	-19.6200018624961813885	-0	0	-19.6199855804443359375	0	3.36313300257756167843e-44	0.000219857239872504241645	3.36313300257756167843e-44
axis_y_yaw_minus_q_far	roundtrip	1	0.0166666675359010696411	0	-0.16350001552080151157	-0	0	-0.163500010967254638672	0	1.13972275752689178077e-44	6.72432443514214185686e-07	1.13972275752689178077e-44
axis_y_yaw_minus_q_far	roundtrip	10	0.166666675359010696411	0	-1.6350001552080151157	-0	0	-1.6350002288818359375	0	1.30787873235903026111e-44	7.60141120537904144988e-06	1.30787873235903026111e-44
axis_y_yaw_minus_q_far	roundtrip	60	1.00000005215406417847	0	-9.81000093124809069423	-0	0	-9.8099956512451171875	0	2.2420818778265078515e-44	7.48447957215056837153e-05	2.2420818778265078515e-44
axis_y_yaw_minus_q_far	roundtrip	120	2.00000010430812835693	0	-19.6200018624961813885	-0	0	-19.6199855804443359375	0	3.36313300257756167843e-44	0.000219857239872504241645	3.36313300257756167843e-44
arbitrary_default_q_near	original	1	0.0166666675359010696411	-0.0933730425734836225237	-0.133740021745275894897	-0.011284351086610203406	-0.093373037874698638916	-0.133740022778511047363	-0.011284349486231803894	3.84018698567378257942e-07	7.77089105363862973918e-07	1.82640554827368310468e-07
arbitrary_default_q_near	original	10	0.166666675359010696411	-0.933730425734836225237	-1.33740021745275894903	-0.112843510866102034059	-0.933730483055114746094	-1.33740031719207763672	-0.112843506038188934326	4.34108149676665712961e-06	8.48833320490403819611e-06	1.886940554971751875e-06
arbitrary_default_q_near	original	60	1.00000005215406417847	-5.60238255440901735142	-8.02440130471655369438	-0.677061065196612204393	-5.60237932205200195312	-8.0243988037109375	-0.677061021327972412109	4.27430314000105732328e-05	7.48448217055983233162e-05	1.33394839825227621008e-05
arbitrary_default_q_near	original	120	2.00000010430812835693	-11.2047651088180347028	-16.0488026094331073888	-1.35412213039322440879	-11.20476531982421875	-16.048824310302734375	-1.35412204265594482422	0.000125558027339099199064	0.000207085593671503445645	3.15218172837278898497e-05
arbitrary_default_q_near	roundtrip	1	0.0166666675359010696411	-0.0933730425734836225237	-0.133740021745275894897	-0.011284351086610203406	-0.093373037874698638916	-0.133740022778511047363	-0.011284349486231803894	3.84018698567378257942e-07	7.77089105363862973918e-07	1.82640554827368310468e-07
arbitrary_default_q_near	roundtrip	10	0.166666675359010696411	-0.933730425734836225237	-1.33740021745275894903	-0.112843510866102034059	-0.933730483055114746094	-1.33740031719207763672	-0.112843506038188934326	4.34108149676665712961e-06	8.48833320490403819611e-06	1.886940554971751875e-06
arbitrary_default_q_near	roundtrip	60	1.00000005215406417847	-5.60238255440901735142	-8.02440130471655369438	-0.677061065196612204393	-5.60237932205200195312	-8.0243988037109375	-0.677061021327972412109	4.27430314000105732328e-05	7.48448217055983233162e-05	1.33394839825227621008e-05
arbitrary_default_q_near	roundtrip	120	2.00000010430812835693	-11.2047651088180347028	-16.0488026094331073888	-1.35412213039322440879	-11.20476531982421875	-16.048824310302734375	-1.35412204265594482422	0.000125558027339099199064	0.000207085593671503445645	3.15218172837278898497e-05
arbitrary_default_q_far	original	1	0.0166666675359010696411	-0.0933730425734836225237	-0.133740021745275894897	-0.011284351086610203406	-0.093373037874698638916	-0.133740022778511047363	-0.011284349486231803894	3.84018698567378257942e-07	7.77089105363862973918e-07	1.82640554827368310468e-07
arbitrary_default_q_far	original	10	0.166666675359010696411	-0.933730425734836225237	-1.33740021745275894903	-0.112843510866102034059	-0.933730483055114746094	-1.33740031719207763672	-0.112843506038188934326	4.34108149676665712961e-06	8.48833320490403819611e-06	1.886940554971751875e-06
arbitrary_default_q_far	original	60	1.00000005215406417847	-5.60238255440901735142	-8.02440130471655369438	-0.677061065196612204393	-5.60237932205200195312	-8.0243988037109375	-0.677061021327972412109	4.27430314000105732328e-05	7.48448217055983233162e-05	1.33394839825227621008e-05
arbitrary_default_q_far	original	120	2.00000010430812835693	-11.2047651088180347028	-16.0488026094331073888	-1.35412213039322440879	-11.20476531982421875	-16.048824310302734375	-1.35412204265594482422	0.000125558027339099199064	0.000207085593671503445645	3.15218172837278898497e-05
arbitrary_default_q_far	roundtrip	1	0.0166666675359010696411	-0.0933730425734836225237	-0.133740021745275894897	-0.011284351086610203406	-0.093373037874698638916	-0.133740022778511047363	-0.011284349486231803894	3.84018698567378257942e-07	7.77089105363862973918e-07	1.82640554827368310468e-07
arbitrary_default_q_far	roundtrip	10	0.166666675359010696411	-0.933730425734836225237	-1.33740021745275894903	-0.112843510866102034059	-0.933730483055114746094	-1.33740031719207763672	-0.112843506038188934326	4.34108149676665712961e-06	8.48833320490403819611e-06	1.886940554971751875e-06
arbitrary_default_q_far	roundtrip	60	1.00000005215406417847	-5.60238255440901735142	-8.02440130471655369438	-0.677061065196612204393	-5.60237932205200195312	-8.0243988037109375	-0.677061021327972412109	4.27430314000105732328e-05	7.48448217055983233162e-05	1.33394839825227621008e-05
arbitrary_default_q_far	roundtrip	120	2.00000010430812835693	-11.2047651088180347028	-16.0488026094331073888	-1.35412213039322440879	-11.20476531982421875	-16.048824310302734375	-1.35412204265594482422	0.000125558027339099199064	0.000207085593671503445645	3.15218172837278898497e-05
arbitrary_default_minus_q_near	original	1	0.0166666675359010696411	-0.0933730425734836225237	-0.133740021745275894897	-0.011284351086610203406	-0.093373037874698638916	-0.133740022778511047363	-0.011284349486231803894	3.84018698567378257942e-07	7.77089105363862973918e-07	1.82640554827368310468e-07
arbitrary_default_minus_q_near	original	10	0.166666675359010696411	-0.933730425734836225237	-1.33740021745275894903	-0.112843510866102034059	-0.933730483055114746094	-1.33740031719207763672	-0.112843506038188934326	4.34108149676665712961e-06	8.48833320490403819611e-06	1.886940554971751875e-06
arbitrary_default_minus_q_near	original	60	1.00000005215406417847	-5.60238255440901735142	-8.02440130471655369438	-0.677061065196612204393	-5.60237932205200195312	-8.0243988037109375	-0.677061021327972412109	4.27430314000105732328e-05	7.48448217055983233162e-05	1.33394839825227621008e-05
arbitrary_default_minus_q_near	original	120	2.00000010430812835693	-11.2047651088180347028	-16.0488026094331073888	-1.35412213039322440879	-11.20476531982421875	-16.048824310302734375	-1.35412204265594482422	0.000125558027339099199064	0.000207085593671503445645	3.15218172837278898497e-05
arbitrary_default_minus_q_near	roundtrip	1	0.0166666675359010696411	-0.0933730425734836225237	-0.133740021745275894897	-0.011284351086610203406	-0.093373037874698638916	-0.133740022778511047363	-0.011284349486231803894	3.84018698567378257942e-07	7.77089105363862973918e-07	1.82640554827368310468e-07
arbitrary_default_minus_q_near	roundtrip	10	0.166666675359010696411	-0.933730425734836225237	-1.33740021745275894903	-0.112843510866102034059	-0.933730483055114746094	-1.33740031719207763672	-0.112843506038188934326	4.34108149676665712961e-06	8.48833320490403819611e-06	1.886940554971751875e-06
arbitrary_default_minus_q_near	roundtrip	60	1.00000005215406417847	-5.60238255440901735142	-8.02440130471655369438	-0.677061065196612204393	-5.60237932205200195312	-8.0243988037109375	-0.677061021327972412109	4.27430314000105732328e-05	7.48448217055983233162e-05	1.33394839825227621008e-05
arbitrary_default_minus_q_near	roundtrip	120	2.00000010430812835693	-11.2047651088180347028	-16.0488026094331073888	-1.35412213039322440879	-11.20476531982421875	-16.048824310302734375	-1.35412204265594482422	0.000125558027339099199064	0.000207085593671503445645	3.15218172837278898497e-05
arbitrary_default_minus_q_far	original	1	0.0166666675359010696411	-0.0933730425734836225237	-0.133740021745275894897	-0.011284351086610203406	-0.093373037874698638916	-0.133740022778511047363	-0.011284349486231803894	3.84018698567378257942e-07	7.77089105363862973918e-07	1.82640554827368310468e-07
arbitrary_default_minus_q_far	original	10	0.166666675359010696411	-0.933730425734836225237	-1.33740021745275894903	-0.112843510866102034059	-0.933730483055114746094	-1.33740031719207763672	-0.112843506038188934326	4.34108149676665712961e-06	8.48833320490403819611e-06	1.886940554971751875e-06
arbitrary_default_minus_q_far	original	60	1.00000005215406417847	-5.60238255440901735142	-8.02440130471655369438	-0.677061065196612204393	-5.60237932205200195312	-8.0243988037109375	-0.677061021327972412109	4.27430314000105732328e-05	7.48448217055983233162e-05	1.33394839825227621008e-05
arbitrary_default_minus_q_far	original	120	2.00000010430812835693	-11.2047651088180347028	-16.0488026094331073888	-1.35412213039322440879	-11.20476531982421875	-16.048824310302734375	-1.35412204265594482422	0.000125558027339099199064	0.000207085593671503445645	3.15218172837278898497e-05
arbitrary_default_minus_q_far	roundtrip	1	0.0166666675359010696411	-0.0933730425734836225237	-0.133740021745275894897	-0.011284351086610203406	-0.093373037874698638916	-0.133740022778511047363	-0.011284349486231803894	3.84018698567378257942e-07	7.77089105363862973918e-07	1.82640554827368310468e-07
arbitrary_default_minus_q_far	roundtrip	10	0.166666675359010696411	-0.933730425734836225237	-1.33740021745275894903	-0.112843510866102034059	-0.933730483055114746094	-1.33740031719207763672	-0.112843506038188934326	4.34108149676665712961e-06	8.48833320490403819611e-06	1.886940554971751875e-06
arbitrary_default_minus_q_far	roundtrip	60	1.00000005215406417847	-5.60238255440901735142	-8.02440130471655369438	-0.677061065196612204393	-5.60237932205200195312	-8.0243988037109375	-0.677061021327972412109	4.27430314000105732328e-05	7.48448217055983233162e-05	1.33394839825227621008e-05
arbitrary_default_minus_q_far	roundtrip	120	2.00000010430812835693	-11.2047651088180347028	-16.0488026094331073888	-1.35412213039322440879	-11.20476531982421875	-16.048824310302734375	-1.35412204265594482422	0.000125558027339099199064	0.000207085593671503445645	3.15218172837278898497e-05
arbitrary_3_7_q_near	original	1	0.0166666675359010696411	-0.035217150580688944764	-0.0504422085288836857979	-0.00425607520617913490218	-0.0352171510457992553711	-0.0504422113299369812012	-0.00425607431679964065552	1.44838852419361557165e-07	2.93091702743589826399e-07	6.88858341146377908565e-08
arbitrary_3_7_q_near	original	10	0.166666675359010696411	-0.352171505806889447647	-0.504422085288836857993	-0.0425607520617913490193	-0.352171540260314941406	-0.504422128200531005859	-0.0425607375800609588623	1.6373089763499836461e-06	3.20151191839881202321e-06	7.1169009630323853748e-07
arbitrary_3_7_q_near	original	60	1.00000005215406417847	-2.11302903484133668588	-3.02653251173302114785	-0.255364512370748094109	-2.11302947998046875	-3.02653288841247558594	-0.255364358425140380859	1.61212244091183190241e-05	2.82289329290786286391e-05	5.03120175945301812253e-06
arbitrary_3_7_q_near	original	120	2.00000010430812835693	-4.22605806968267337176	-6.05306502346604229569	-0.510729024741496188218	-4.22605371475219726562	-6.05306577682495117188	-0.510728538036346435547	4.73562372344824031981e-05	7.81056751972199522373e-05	1.18889623306894433848e-05
arbitrary_3_7_q_near	roundtrip	1	0.0166666675359010696411	-0.035217150580688944764	-0.0504422085288836857979	-0.00425607520617913490218	-0.0352171510457992553711	-0.0504422113299369812012	-0.00425607431679964065552	1.44838852419361557165e-07	2.93091702743589826399e-07	6.88858341146377908565e-08
arbitrary_3_7_q_near	roundtrip	10	0.166666675359010696411	-0.352171505806889447647	-0.504422085288836857993	-0.0425607520617913490193	-0.352171540260314941406	-0.504422128200531005859	-0.0425607375800609588623	1.6373089763499836461e-06	3.20151191839881202321e-06	7.1169009630323853748e-07
arbitrary_3_7_q_near	roundtrip	60	1.00000005215406417847	-2.11302903484133668588	-3.02653251173302114785	-0.255364512370748094109	-2.11302947998046875	-3.02653288841247558594	-0.255364358425140380859	1.61212244091183190241e-05	2.82289329290786286391e-05	5.03120175945301812253e-06
arbitrary_3_7_q_near	roundtrip	120	2.00000010430812835693	-4.22605806968267337176	-6.05306502346604229569	-0.510729024741496188218	-4.22605371475219726562	-6.05306577682495117188	-0.510728538036346435547	4.73562372344824031981e-05	7.81056751972199522373e-05	1.18889623306894433848e-05
arbitrary_3_7_q_far	original	1	0.0166666675359010696411	-0.035217150580688944764	-0.0504422085288836857979	-0.00425607520617913490218	-0.0352171510457992553711	-0.0504422113299369812012	-0.00425607431679964065552	1.44838852419361557165e-07	2.93091702743589826399e-07	6.88858341146377908565e-08
arbitrary_3_7_q_far	original	10	0.166666675359010696411	-0.352171505806889447647	-0.504422085288836857993	-0.0425607520617913490193	-0.352171540260314941406	-0.504422128200531005859	-0.0425607375800609588623	1.6373089763499836461e-06	3.20151191839881202321e-06	7.1169009630323853748e-07
arbitrary_3_7_q_far	original	60	1.00000005215406417847	-2.11302903484133668588	-3.02653251173302114785	-0.255364512370748094109	-2.11302947998046875	-3.02653288841247558594	-0.255364358425140380859	1.61212244091183190241e-05	2.82289329290786286391e-05	5.03120175945301812253e-06
arbitrary_3_7_q_far	original	120	2.00000010430812835693	-4.22605806968267337176	-6.05306502346604229569	-0.510729024741496188218	-4.22605371475219726562	-6.05306577682495117188	-0.510728538036346435547	4.73562372344824031981e-05	7.81056751972199522373e-05	1.18889623306894433848e-05
arbitrary_3_7_q_far	roundtrip	1	0.0166666675359010696411	-0.035217150580688944764	-0.0504422085288836857979	-0.00425607520617913490218	-0.0352171510457992553711	-0.0504422113299369812012	-0.00425607431679964065552	1.44838852419361557165e-07	2.93091702743589826399e-07	6.88858341146377908565e-08
arbitrary_3_7_q_far	roundtrip	10	0.166666675359010696411	-0.352171505806889447647	-0.504422085288836857993	-0.0425607520617913490193	-0.352171540260314941406	-0.504422128200531005859	-0.0425607375800609588623	1.6373089763499836461e-06	3.20151191839881202321e-06	7.1169009630323853748e-07
arbitrary_3_7_q_far	roundtrip	60	1.00000005215406417847	-2.11302903484133668588	-3.02653251173302114785	-0.255364512370748094109	-2.11302947998046875	-3.02653288841247558594	-0.255364358425140380859	1.61212244091183190241e-05	2.82289329290786286391e-05	5.03120175945301812253e-06
arbitrary_3_7_q_far	roundtrip	120	2.00000010430812835693	-4.22605806968267337176	-6.05306502346604229569	-0.510729024741496188218	-4.22605371475219726562	-6.05306577682495117188	-0.510728538036346435547	4.73562372344824031981e-05	7.81056751972199522373e-05	1.18889623306894433848e-05
arbitrary_3_7_minus_q_near	original	1	0.0166666675359010696411	-0.035217150580688944764	-0.0504422085288836857979	-0.00425607520617913490218	-0.0352171510457992553711	-0.0504422113299369812012	-0.00425607431679964065552	1.44838852419361557165e-07	2.93091702743589826399e-07	6.88858341146377908565e-08
arbitrary_3_7_minus_q_near	original	10	0.166666675359010696411	-0.352171505806889447647	-0.504422085288836857993	-0.0425607520617913490193	-0.352171540260314941406	-0.504422128200531005859	-0.0425607375800609588623	1.6373089763499836461e-06	3.20151191839881202321e-06	7.1169009630323853748e-07
arbitrary_3_7_minus_q_near	original	60	1.00000005215406417847	-2.11302903484133668588	-3.02653251173302114785	-0.255364512370748094109	-2.11302947998046875	-3.02653288841247558594	-0.255364358425140380859	1.61212244091183190241e-05	2.82289329290786286391e-05	5.03120175945301812253e-06
arbitrary_3_7_minus_q_near	original	120	2.00000010430812835693	-4.22605806968267337176	-6.05306502346604229569	-0.510729024741496188218	-4.22605371475219726562	-6.05306577682495117188	-0.510728538036346435547	4.73562372344824031981e-05	7.81056751972199522373e-05	1.18889623306894433848e-05
arbitrary_3_7_minus_q_near	roundtrip	1	0.0166666675359010696411	-0.035217150580688944764	-0.0504422085288836857979	-0.00425607520617913490218	-0.0352171510457992553711	-0.0504422113299369812012	-0.00425607431679964065552	1.44838852419361557165e-07	2.93091702743589826399e-07	6.88858341146377908565e-08
arbitrary_3_7_minus_q_near	roundtrip	10	0.166666675359010696411	-0.352171505806889447647	-0.504422085288836857993	-0.0425607520617913490193	-0.352171540260314941406	-0.504422128200531005859	-0.0425607375800609588623	1.6373089763499836461e-06	3.20151191839881202321e-06	7.1169009630323853748e-07
arbitrary_3_7_minus_q_near	roundtrip	60	1.00000005215406417847	-2.11302903484133668588	-3.02653251173302114785	-0.255364512370748094109	-2.11302947998046875	-3.02653288841247558594	-0.255364358425140380859	1.61212244091183190241e-05	2.82289329290786286391e-05	5.03120175945301812253e-06
arbitrary_3_7_minus_q_near	roundtrip	120	2.00000010430812835693	-4.22605806968267337176	-6.05306502346604229569	-0.510729024741496188218	-4.22605371475219726562	-6.05306577682495117188	-0.510728538036346435547	4.73562372344824031981e-05	7.81056751972199522373e-05	1.18889623306894433848e-05
arbitrary_3_7_minus_q_far	original	1	0.0166666675359010696411	-0.035217150580688944764	-0.0504422085288836857979	-0.00425607520617913490218	-0.0352171510457992553711	-0.0504422113299369812012	-0.00425607431679964065552	1.44838852419361557165e-07	2.93091702743589826399e-07	6.88858341146377908565e-08
arbitrary_3_7_minus_q_far	original	10	0.166666675359010696411	-0.352171505806889447647	-0.504422085288836857993	-0.0425607520617913490193	-0.352171540260314941406	-0.504422128200531005859	-0.0425607375800609588623	1.6373089763499836461e-06	3.20151191839881202321e-06	7.1169009630323853748e-07
arbitrary_3_7_minus_q_far	original	60	1.00000005215406417847	-2.11302903484133668588	-3.02653251173302114785	-0.255364512370748094109	-2.11302947998046875	-3.02653288841247558594	-0.255364358425140380859	1.61212244091183190241e-05	2.82289329290786286391e-05	5.03120175945301812253e-06
arbitrary_3_7_minus_q_far	original	120	2.00000010430812835693	-4.22605806968267337176	-6.05306502346604229569	-0.510729024741496188218	-4.22605371475219726562	-6.05306577682495117188	-0.510728538036346435547	4.73562372344824031981e-05	7.81056751972199522373e-05	1.18889623306894433848e-05
arbitrary_3_7_minus_q_far	roundtrip	1	0.0166666675359010696411	-0.035217150580688944764	-0.0504422085288836857979	-0.00425607520617913490218	-0.0352171510457992553711	-0.0504422113299369812012	-0.00425607431679964065552	1.44838852419361557165e-07	2.93091702743589826399e-07	6.88858341146377908565e-08
arbitrary_3_7_minus_q_far	roundtrip	10	0.166666675359010696411	-0.352171505806889447647	-0.504422085288836857993	-0.0425607520617913490193	-0.352171540260314941406	-0.504422128200531005859	-0.0425607375800609588623	1.6373089763499836461e-06	3.20151191839881202321e-06	7.1169009630323853748e-07
arbitrary_3_7_minus_q_far	roundtrip	60	1.00000005215406417847	-2.11302903484133668588	-3.02653251173302114785	-0.255364512370748094109	-2.11302947998046875	-3.02653288841247558594	-0.255364358425140380859	1.61212244091183190241e-05	2.82289329290786286391e-05	5.03120175945301812253e-06
arbitrary_3_7_minus_q_far	roundtrip	120	2.00000010430812835693	-4.22605806968267337176	-6.05306502346604229569	-0.510729024741496188218	-4.22605371475219726562	-6.05306577682495117188	-0.510728538036346435547	4.73562372344824031981e-05	7.81056751972199522373e-05	1.18889623306894433848e-05
arbitrary_zero_q_near	original	1	0.0166666675359010696411	-0	-0	0	0	0	0	1.13972275752689178077e-44	1.13972275752689178077e-44	1.13972275752689178077e-44
arbitrary_zero_q_near	original	10	0.166666675359010696411	-0	-0	0	0	0	0	1.30787873235903026111e-44	1.30787873235903026111e-44	1.30787873235903026111e-44
arbitrary_zero_q_near	original	60	1.00000005215406417847	-0	-0	0	0	0	0	2.2420818778265078515e-44	2.2420818778265078515e-44	2.2420818778265078515e-44
arbitrary_zero_q_near	original	120	2.00000010430812835693	-0	-0	0	0	0	0	3.36313300257756167843e-44	3.36313300257756167843e-44	3.36313300257756167843e-44
arbitrary_zero_q_near	roundtrip	1	0.0166666675359010696411	-0	-0	0	0	0	0	1.13972275752689178077e-44	1.13972275752689178077e-44	1.13972275752689178077e-44
arbitrary_zero_q_near	roundtrip	10	0.166666675359010696411	-0	-0	0	0	0	0	1.30787873235903026111e-44	1.30787873235903026111e-44	1.30787873235903026111e-44
arbitrary_zero_q_near	roundtrip	60	1.00000005215406417847	-0	-0	0	0	0	0	2.2420818778265078515e-44	2.2420818778265078515e-44	2.2420818778265078515e-44
arbitrary_zero_q_near	roundtrip	120	2.00000010430812835693	-0	-0	0	0	0	0	3.36313300257756167843e-44	3.36313300257756167843e-44	3.36313300257756167843e-44
arbitrary_zero_q_far	original	1	0.0166666675359010696411	-0	-0	0	0	0	0	1.13972275752689178077e-44	1.13972275752689178077e-44	1.13972275752689178077e-44
arbitrary_zero_q_far	original	10	0.166666675359010696411	-0	-0	0	0	0	0	1.30787873235903026111e-44	1.30787873235903026111e-44	1.30787873235903026111e-44
arbitrary_zero_q_far	original	60	1.00000005215406417847	-0	-0	0	0	0	0	2.2420818778265078515e-44	2.2420818778265078515e-44	2.2420818778265078515e-44
arbitrary_zero_q_far	original	120	2.00000010430812835693	-0	-0	0	0	0	0	3.36313300257756167843e-44	3.36313300257756167843e-44	3.36313300257756167843e-44
arbitrary_zero_q_far	roundtrip	1	0.0166666675359010696411	-0	-0	0	0	0	0	1.13972275752689178077e-44	1.13972275752689178077e-44	1.13972275752689178077e-44
arbitrary_zero_q_far	roundtrip	10	0.166666675359010696411	-0	-0	0	0	0	0	1.30787873235903026111e-44	1.30787873235903026111e-44	1.30787873235903026111e-44
arbitrary_zero_q_far	roundtrip	60	1.00000005215406417847	-0	-0	0	0	0	0	2.2420818778265078515e-44	2.2420818778265078515e-44	2.2420818778265078515e-44
arbitrary_zero_q_far	roundtrip	120	2.00000010430812835693	-0	-0	0	0	0	0	3.36313300257756167843e-44	3.36313300257756167843e-44	3.36313300257756167843e-44
arbitrary_zero_minus_q_near	original	1	0.0166666675359010696411	-0	-0	0	0	0	0	1.13972275752689178077e-44	1.13972275752689178077e-44	1.13972275752689178077e-44
arbitrary_zero_minus_q_near	original	10	0.166666675359010696411	-0	-0	0	0	0	0	1.30787873235903026111e-44	1.30787873235903026111e-44	1.30787873235903026111e-44
arbitrary_zero_minus_q_near	original	60	1.00000005215406417847	-0	-0	0	0	0	0	2.2420818778265078515e-44	2.2420818778265078515e-44	2.2420818778265078515e-44
arbitrary_zero_minus_q_near	original	120	2.00000010430812835693	-0	-0	0	0	0	0	3.36313300257756167843e-44	3.36313300257756167843e-44	3.36313300257756167843e-44
arbitrary_zero_minus_q_near	roundtrip	1	0.0166666675359010696411	-0	-0	0	0	0	0	1.13972275752689178077e-44	1.13972275752689178077e-44	1.13972275752689178077e-44
arbitrary_zero_minus_q_near	roundtrip	10	0.166666675359010696411	-0	-0	0	0	0	0	1.30787873235903026111e-44	1.30787873235903026111e-44	1.30787873235903026111e-44
arbitrary_zero_minus_q_near	roundtrip	60	1.00000005215406417847	-0	-0	0	0	0	0	2.2420818778265078515e-44	2.2420818778265078515e-44	2.2420818778265078515e-44
arbitrary_zero_minus_q_near	roundtrip	120	2.00000010430812835693	-0	-0	0	0	0	0	3.36313300257756167843e-44	3.36313300257756167843e-44	3.36313300257756167843e-44
arbitrary_zero_minus_q_far	original	1	0.0166666675359010696411	-0	-0	0	0	0	0	1.13972275752689178077e-44	1.13972275752689178077e-44	1.13972275752689178077e-44
arbitrary_zero_minus_q_far	original	10	0.166666675359010696411	-0	-0	0	0	0	0	1.30787873235903026111e-44	1.30787873235903026111e-44	1.30787873235903026111e-44
arbitrary_zero_minus_q_far	original	60	1.00000005215406417847	-0	-0	0	0	0	0	2.2420818778265078515e-44	2.2420818778265078515e-44	2.2420818778265078515e-44
arbitrary_zero_minus_q_far	original	120	2.00000010430812835693	-0	-0	0	0	0	0	3.36313300257756167843e-44	3.36313300257756167843e-44	3.36313300257756167843e-44
arbitrary_zero_minus_q_far	roundtrip	1	0.0166666675359010696411	-0	-0	0	0	0	0	1.13972275752689178077e-44	1.13972275752689178077e-44	1.13972275752689178077e-44
arbitrary_zero_minus_q_far	roundtrip	10	0.166666675359010696411	-0	-0	0	0	0	0	1.30787873235903026111e-44	1.30787873235903026111e-44	1.30787873235903026111e-44
arbitrary_zero_minus_q_far	roundtrip	60	1.00000005215406417847	-0	-0	0	0	0	0	2.2420818778265078515e-44	2.2420818778265078515e-44	2.2420818778265078515e-44
arbitrary_zero_minus_q_far	roundtrip	120	2.00000010430812835693	-0	-0	0	0	0	0	3.36313300257756167843e-44	3.36313300257756167843e-44	3.36313300257756167843e-44
arbitrary_nonunit_q_near	original	1	0.0166666675359010696411	-0.093373040406660725809	-0.133740023188282290071	-0.0112843519138740942691	-0.093373037874698638916	-0.133740022778511047363	-0.011284349486231803894	3.840186896558071461e-07	7.7708910028925733107e-07	1.82640557298530743793e-07
arbitrary_nonunit_q_near	original	10	0.166666675359010696411	-0.933730404066607258063	-1.3374002318828229006	-0.112843519138740942691	-0.933730483055114746094	-1.33740031719207763672	-0.112843506038188934326	4.34108139602714469177e-06	8.48833316189885052746e-06	1.88694058412118249938e-06
arbitrary_nonunit_q_near	original	60	1.00000005215406417847	-5.60238242439964354838	-8.02440139129693740406	-0.677061114832445656159	-5.60237932205200195312	-8.0243988037109375	-0.677061021327972412109	4.27430304081120920454e-05	7.4844821705597063401e-05	1.33394843053467424285e-05
arbitrary_nonunit_q_near	original	120	2.00000010430812835693	-11.2047648487992870968	-16.0488027825938748081	-1.35412222966489131232	-11.20476531982421875	-16.048824310302734375	-1.35412204265594482422	0.000125558024425388763938	0.000207085594290776664721	3.15218182844039300501e-05
arbitrary_nonunit_q_near	roundtrip	1	0.0166666675359010696411	-0.093373040406660725809	-0.133740023188282290071	-0.0112843519138740942691	-0.093373037874698638916	-0.133740022778511047363	-0.011284349486231803894	3.840186896558071461e-07	7.7708910028925733107e-07	1.82640557298530743793e-07
arbitrary_nonunit_q_near	roundtrip	10	0.166666675359010696411	-0.933730404066607258063	-1.3374002318828229006	-0.112843519138740942691	-0.933730483055114746094	-1.33740031719207763672	-0.112843506038188934326	4.34108139602714469177e-06	8.48833316189885052746e-06	1.88694058412118249938e-06
arbitrary_nonunit_q_near	roundtrip	60	1.00000005215406417847	-5.60238242439964354838	-8.02440139129693740406	-0.677061114832445656159	-5.60237932205200195312	-8.0243988037109375	-0.677061021327972412109	4.27430304081120920454e-05	7.4844821705597063401e-05	1.33394843053467424285e-05
arbitrary_nonunit_q_near	roundtrip	120	2.00000010430812835693	-11.2047648487992870968	-16.0488027825938748081	-1.35412222966489131232	-11.20476531982421875	-16.048824310302734375	-1.35412204265594482422	0.000125558024425388763938	0.000207085594290776664721	3.15218182844039300501e-05
arbitrary_nonunit_q_far	original	1	0.0166666675359010696411	-0.093373040406660725809	-0.133740023188282290071	-0.0112843519138740942691	-0.093373037874698638916	-0.133740022778511047363	-0.011284349486231803894	3.840186896558071461e-07	7.7708910028925733107e-07	1.82640557298530743793e-07
arbitrary_nonunit_q_far	original	10	0.166666675359010696411	-0.933730404066607258063	-1.3374002318828229006	-0.112843519138740942691	-0.933730483055114746094	-1.33740031719207763672	-0.112843506038188934326	4.34108139602714469177e-06	8.48833316189885052746e-06	1.88694058412118249938e-06
arbitrary_nonunit_q_far	original	60	1.00000005215406417847	-5.60238242439964354838	-8.02440139129693740406	-0.677061114832445656159	-5.60237932205200195312	-8.0243988037109375	-0.677061021327972412109	4.27430304081120920454e-05	7.4844821705597063401e-05	1.33394843053467424285e-05
arbitrary_nonunit_q_far	original	120	2.00000010430812835693	-11.2047648487992870968	-16.0488027825938748081	-1.35412222966489131232	-11.20476531982421875	-16.048824310302734375	-1.35412204265594482422	0.000125558024425388763938	0.000207085594290776664721	3.15218182844039300501e-05
arbitrary_nonunit_q_far	roundtrip	1	0.0166666675359010696411	-0.093373040406660725809	-0.133740023188282290071	-0.0112843519138740942691	-0.093373037874698638916	-0.133740022778511047363	-0.011284349486231803894	3.840186896558071461e-07	7.7708910028925733107e-07	1.82640557298530743793e-07
arbitrary_nonunit_q_far	roundtrip	10	0.166666675359010696411	-0.933730404066607258063	-1.3374002318828229006	-0.112843519138740942691	-0.933730483055114746094	-1.33740031719207763672	-0.112843506038188934326	4.34108139602714469177e-06	8.48833316189885052746e-06	1.88694058412118249938e-06
arbitrary_nonunit_q_far	roundtrip	60	1.00000005215406417847	-5.60238242439964354838	-8.02440139129693740406	-0.677061114832445656159	-5.60237932205200195312	-8.0243988037109375	-0.677061021327972412109	4.27430304081120920454e-05	7.4844821705597063401e-05	1.33394843053467424285e-05
arbitrary_nonunit_q_far	roundtrip	120	2.00000010430812835693	-11.2047648487992870968	-16.0488027825938748081	-1.35412222966489131232	-11.20476531982421875	-16.048824310302734375	-1.35412204265594482422	0.000125558024425388763938	0.000207085594290776664721	3.15218182844039300501e-05
arbitrary_nonunit_minus_q_near	original	1	0.0166666675359010696411	-0.093373040406660725809	-0.133740023188282290071	-0.0112843519138740942691	-0.093373037874698638916	-0.133740022778511047363	-0.011284349486231803894	3.840186896558071461e-07	7.7708910028925733107e-07	1.82640557298530743793e-07
arbitrary_nonunit_minus_q_near	original	10	0.166666675359010696411	-0.933730404066607258063	-1.3374002318828229006	-0.112843519138740942691	-0.933730483055114746094	-1.33740031719207763672	-0.112843506038188934326	4.34108139602714469177e-06	8.48833316189885052746e-06	1.88694058412118249938e-06
arbitrary_nonunit_minus_q_near	original	60	1.00000005215406417847	-5.60238242439964354838	-8.02440139129693740406	-0.677061114832445656159	-5.60237932205200195312	-8.0243988037109375	-0.677061021327972412109	4.27430304081120920454e-05	7.4844821705597063401e-05	1.33394843053467424285e-05
arbitrary_nonunit_minus_q_near	original	120	2.00000010430812835693	-11.2047648487992870968	-16.0488027825938748081	-1.35412222966489131232	-11.20476531982421875	-16.048824310302734375	-1.35412204265594482422	0.000125558024425388763938	0.000207085594290776664721	3.15218182844039300501e-05
arbitrary_nonunit_minus_q_near	roundtrip	1	0.0166666675359010696411	-0.093373040406660725809	-0.133740023188282290071	-0.0112843519138740942691	-0.093373037874698638916	-0.133740022778511047363	-0.011284349486231803894	3.840186896558071461e-07	7.7708910028925733107e-07	1.82640557298530743793e-07
arbitrary_nonunit_minus_q_near	roundtrip	10	0.166666675359010696411	-0.933730404066607258063	-1.3374002318828229006	-0.112843519138740942691	-0.933730483055114746094	-1.33740031719207763672	-0.112843506038188934326	4.34108139602714469177e-06	8.48833316189885052746e-06	1.88694058412118249938e-06
arbitrary_nonunit_minus_q_near	roundtrip	60	1.00000005215406417847	-5.60238242439964354838	-8.02440139129693740406	-0.677061114832445656159	-5.60237932205200195312	-8.0243988037109375	-0.677061021327972412109	4.27430304081120920454e-05	7.4844821705597063401e-05	1.33394843053467424285e-05
arbitrary_nonunit_minus_q_near	roundtrip	120	2.00000010430812835693	-11.2047648487992870968	-16.0488027825938748081	-1.35412222966489131232	-11.20476531982421875	-16.048824310302734375	-1.35412204265594482422	0.000125558024425388763938	0.000207085594290776664721	3.15218182844039300501e-05
arbitrary_nonunit_minus_q_far	original	1	0.0166666675359010696411	-0.093373040406660725809	-0.133740023188282290071	-0.0112843519138740942691	-0.093373037874698638916	-0.133740022778511047363	-0.011284349486231803894	3.840186896558071461e-07	7.7708910028925733107e-07	1.82640557298530743793e-07
arbitrary_nonunit_minus_q_far	original	10	0.166666675359010696411	-0.933730404066607258063	-1.3374002318828229006	-0.112843519138740942691	-0.933730483055114746094	-1.33740031719207763672	-0.112843506038188934326	4.34108139602714469177e-06	8.48833316189885052746e-06	1.88694058412118249938e-06
arbitrary_nonunit_minus_q_far	original	60	1.00000005215406417847	-5.60238242439964354838	-8.02440139129693740406	-0.677061114832445656159	-5.60237932205200195312	-8.0243988037109375	-0.677061021327972412109	4.27430304081120920454e-05	7.4844821705597063401e-05	1.33394843053467424285e-05
arbitrary_nonunit_minus_q_far	original	120	2.00000010430812835693	-11.2047648487992870968	-16.0488027825938748081	-1.35412222966489131232	-11.20476531982421875	-16.048824310302734375	-1.35412204265594482422	0.000125558024425388763938	0.000207085594290776664721	3.15218182844039300501e-05
arbitrary_nonunit_minus_q_far	roundtrip	1	0.0166666675359010696411	-0.093373040406660725809	-0.133740023188282290071	-0.0112843519138740942691	-0.093373037874698638916	-0.133740022778511047363	-0.011284349486231803894	3.840186896558071461e-07	7.7708910028925733107e-07	1.82640557298530743793e-07
arbitrary_nonunit_minus_q_far	roundtrip	10	0.166666675359010696411	-0.933730404066607258063	-1.3374002318828229006	-0.112843519138740942691	-0.933730483055114746094	-1.33740031719207763672	-0.112843506038188934326	4.34108139602714469177e-06	8.48833316189885052746e-06	1.88694058412118249938e-06
arbitrary_nonunit_minus_q_far	roundtrip	60	1.00000005215406417847	-5.60238242439964354838	-8.02440139129693740406	-0.677061114832445656159	-5.60237932205200195312	-8.0243988037109375	-0.677061021327972412109	4.27430304081120920454e-05	7.4844821705597063401e-05	1.33394843053467424285e-05
arbitrary_nonunit_minus_q_far	roundtrip	120	2.00000010430812835693	-11.2047648487992870968	-16.0488027825938748081	-1.35412222966489131232	-11.20476531982421875	-16.048824310302734375	-1.35412204265594482422	0.000125558024425388763938	0.000207085594290776664721	3.15218182844039300501e-05
